序号,文件名,本地路径,发布人,发布时间,发布内容,评论数,评论内容
1,009453A1-AE86-4C52-8050-3DEB5B1BAB03_hd.jpg,/Users/lazywords/Code/高卡紫相关/QQ群相册/商务舱/images/009453A1-AE86-4C52-8050-3DEB5B1BAB03_hd.jpg,夢疾風,2026年02月21日 11:32,2026.2.9 EK384 BKK-HKG 座位舒适度尚可，餐食一般，乘务组拉完了： 1.点餐时前菜仅有一款，但是你不和他特意说要就默认不给你上 2.极少巡舱，我的呼唤灯亮了十分钟没人管，直接去前面找乘务了 3.商务舱落地前送的巧克力居然左边过道座位有右边过道座位没有，不知道是发漏了还是不够了，给人气笑了 优点也是有的： 空中酒吧不错，适合聊天，特调多 曼谷休息室不错 两小时航班默认先在座位上给两瓶依云+一瓶巴黎水+MM豆+小吃，还有拖鞋眼罩，绝对不是吐槽某个深绿色廉航（,0,
2,03AEA0B1-A3C4-455F-9466-7F654D18F569_hd.jpg,/Users/lazywords/Code/高卡紫相关/QQ群相册/商务舱/images/03AEA0B1-A3C4-455F-9466-7F654D18F569_hd.jpg,夢疾風,2026年02月21日 11:32,2026.2.9 EK384 BKK-HKG 座位舒适度尚可，餐食一般，乘务组拉完了： 1.点餐时前菜仅有一款，但是你不和他特意说要就默认不给你上 2.极少巡舱，我的呼唤灯亮了十分钟没人管，直接去前面找乘务了 3.商务舱落地前送的巧克力居然左边过道座位有右边过道座位没有，不知道是发漏了还是不够了，给人气笑了 优点也是有的： 空中酒吧不错，适合聊天，特调多 曼谷休息室不错 两小时航班默认先在座位上给两瓶依云+一瓶巴黎水+MM豆+小吃，还有拖鞋眼罩，绝对不是吐槽某个深绿色廉航（,0,
3,09F8A3CB-FA18-4773-A0D6-62A1FB24E986_big.jpg,/Users/lazywords/Code/高卡紫相关/QQ群相册/商务舱/images/09F8A3CB-FA18-4773-A0D6-62A1FB24E986_big.jpg,夢疾風,2026年02月21日 11:32,2026.2.9 EK384 BKK-HKG 座位舒适度尚可，餐食一般，乘务组拉完了： 1.点餐时前菜仅有一款，但是你不和他特意说要就默认不给你上 2.极少巡舱，我的呼唤灯亮了十分钟没人管，直接去前面找乘务了 3.商务舱落地前送的巧克力居然左边过道座位有右边过道座位没有，不知道是发漏了还是不够了，给人气笑了 优点也是有的： 空中酒吧不错，适合聊天，特调多 曼谷休息室不错 两小时航班默认先在座位上给两瓶依云+一瓶巴黎水+MM豆+小吃，还有拖鞋眼罩，绝对不是吐槽某个深绿色廉航（,0,
4,0B411D79-83CB-4F87-BAF5-4CC441F3BA98_hd.jpg,/Users/lazywords/Code/高卡紫相关/QQ群相册/商务舱/images/0B411D79-83CB-4F87-BAF5-4CC441F3BA98_hd.jpg,夢疾風,2026年02月21日 11:32,2026.2.9 EK384 BKK-HKG 座位舒适度尚可，餐食一般，乘务组拉完了： 1.点餐时前菜仅有一款，但是你不和他特意说要就默认不给你上 2.极少巡舱，我的呼唤灯亮了十分钟没人管，直接去前面找乘务了 3.商务舱落地前送的巧克力居然左边过道座位有右边过道座位没有，不知道是发漏了还是不够了，给人气笑了 优点也是有的： 空中酒吧不错，适合聊天，特调多 曼谷休息室不错 两小时航班默认先在座位上给两瓶依云+一瓶巴黎水+MM豆+小吃，还有拖鞋眼罩，绝对不是吐槽某个深绿色廉航（,0,
5,0BFED7C7-E24A-4B08-99FC-94E5FBBD56C8_hd.jpg,/Users/lazywords/Code/高卡紫相关/QQ群相册/商务舱/images/0BFED7C7-E24A-4B08-99FC-94E5FBBD56C8_hd.jpg,夢疾風,2026年02月21日 11:32,2026.2.9 EK384 BKK-HKG 座位舒适度尚可，餐食一般，乘务组拉完了： 1.点餐时前菜仅有一款，但是你不和他特意说要就默认不给你上 2.极少巡舱，我的呼唤灯亮了十分钟没人管，直接去前面找乘务了 3.商务舱落地前送的巧克力居然左边过道座位有右边过道座位没有，不知道是发漏了还是不够了，给人气笑了 优点也是有的： 空中酒吧不错，适合聊天，特调多 曼谷休息室不错 两小时航班默认先在座位上给两瓶依云+一瓶巴黎水+MM豆+小吃，还有拖鞋眼罩，绝对不是吐槽某个深绿色廉航（,0,
6,0E7B0FF3-1249-4CC8-8ECD-FC1B6BD7472F_hd.jpg,/Users/lazywords/Code/高卡紫相关/QQ群相册/商务舱/images/0E7B0FF3-1249-4CC8-8ECD-FC1B6BD7472F_hd.jpg,夢疾風,2026年02月21日 11:32,2026.2.9 EK384 BKK-HKG 座位舒适度尚可，餐食一般，乘务组拉完了： 1.点餐时前菜仅有一款，但是你不和他特意说要就默认不给你上 2.极少巡舱，我的呼唤灯亮了十分钟没人管，直接去前面找乘务了 3.商务舱落地前送的巧克力居然左边过道座位有右边过道座位没有，不知道是发漏了还是不够了，给人气笑了 优点也是有的： 空中酒吧不错，适合聊天，特调多 曼谷休息室不错 两小时航班默认先在座位上给两瓶依云+一瓶巴黎水+MM豆+小吃，还有拖鞋眼罩，绝对不是吐槽某个深绿色廉航（,0,
7,14F36A4B-4C1F-4C42-ACC7-9AC25D80A849_hd.jpg,/Users/lazywords/Code/高卡紫相关/QQ群相册/商务舱/images/14F36A4B-4C1F-4C42-ACC7-9AC25D80A849_hd.jpg,夢疾風,2026年02月21日 11:32,2026.2.9 EK384 BKK-HKG 座位舒适度尚可，餐食一般，乘务组拉完了： 1.点餐时前菜仅有一款，但是你不和他特意说要就默认不给你上 2.极少巡舱，我的呼唤灯亮了十分钟没人管，直接去前面找乘务了 3.商务舱落地前送的巧克力居然左边过道座位有右边过道座位没有，不知道是发漏了还是不够了，给人气笑了 优点也是有的： 空中酒吧不错，适合聊天，特调多 曼谷休息室不错 两小时航班默认先在座位上给两瓶依云+一瓶巴黎水+MM豆+小吃，还有拖鞋眼罩，绝对不是吐槽某个深绿色廉航（,0,
8,17D06BC0-2270-4C0F-8604-BCDDF904BD37_hd.jpg,/Users/lazywords/Code/高卡紫相关/QQ群相册/商务舱/images/17D06BC0-2270-4C0F-8604-BCDDF904BD37_hd.jpg,夢疾風,2026年02月21日 11:32,2026.2.9 EK384 BKK-HKG 座位舒适度尚可，餐食一般，乘务组拉完了： 1.点餐时前菜仅有一款，但是你不和他特意说要就默认不给你上 2.极少巡舱，我的呼唤灯亮了十分钟没人管，直接去前面找乘务了 3.商务舱落地前送的巧克力居然左边过道座位有右边过道座位没有，不知道是发漏了还是不够了，给人气笑了 优点也是有的： 空中酒吧不错，适合聊天，特调多 曼谷休息室不错 两小时航班默认先在座位上给两瓶依云+一瓶巴黎水+MM豆+小吃，还有拖鞋眼罩，绝对不是吐槽某个深绿色廉航（,0,
9,17FDA3B2-0463-4616-B6C7-85E9C2C7F29E_big.jpg,/Users/lazywords/Code/高卡紫相关/QQ群相册/商务舱/images/17FDA3B2-0463-4616-B6C7-85E9C2C7F29E_big.jpg,夢疾風,2026年02月21日 11:32,2026.2.9 EK384 BKK-HKG 座位舒适度尚可，餐食一般，乘务组拉完了： 1.点餐时前菜仅有一款，但是你不和他特意说要就默认不给你上 2.极少巡舱，我的呼唤灯亮了十分钟没人管，直接去前面找乘务了 3.商务舱落地前送的巧克力居然左边过道座位有右边过道座位没有，不知道是发漏了还是不够了，给人气笑了 优点也是有的： 空中酒吧不错，适合聊天，特调多 曼谷休息室不错 两小时航班默认先在座位上给两瓶依云+一瓶巴黎水+MM豆+小吃，还有拖鞋眼罩，绝对不是吐槽某个深绿色廉航（,0,
10,1E9C715C-8F16-43BF-B8E0-2B8E127FC882_hd.jpg,/Users/lazywords/Code/高卡紫相关/QQ群相册/商务舱/images/1E9C715C-8F16-43BF-B8E0-2B8E127FC882_hd.jpg,夢疾風,2026年02月21日 11:32,2026.2.9 EK384 BKK-HKG 座位舒适度尚可，餐食一般，乘务组拉完了： 1.点餐时前菜仅有一款，但是你不和他特意说要就默认不给你上 2.极少巡舱，我的呼唤灯亮了十分钟没人管，直接去前面找乘务了 3.商务舱落地前送的巧克力居然左边过道座位有右边过道座位没有，不知道是发漏了还是不够了，给人气笑了 优点也是有的： 空中酒吧不错，适合聊天，特调多 曼谷休息室不错 两小时航班默认先在座位上给两瓶依云+一瓶巴黎水+MM豆+小吃，还有拖鞋眼罩，绝对不是吐槽某个深绿色廉航（,0,
11,23767BE1-989A-429F-A01C-F223F44D0B55_hd.jpg,/Users/lazywords/Code/高卡紫相关/QQ群相册/商务舱/images/23767BE1-989A-429F-A01C-F223F44D0B55_hd.jpg,夢疾風,2026年02月21日 11:32,2026.2.9 EK384 BKK-HKG 座位舒适度尚可，餐食一般，乘务组拉完了： 1.点餐时前菜仅有一款，但是你不和他特意说要就默认不给你上 2.极少巡舱，我的呼唤灯亮了十分钟没人管，直接去前面找乘务了 3.商务舱落地前送的巧克力居然左边过道座位有右边过道座位没有，不知道是发漏了还是不够了，给人气笑了 优点也是有的： 空中酒吧不错，适合聊天，特调多 曼谷休息室不错 两小时航班默认先在座位上给两瓶依云+一瓶巴黎水+MM豆+小吃，还有拖鞋眼罩，绝对不是吐槽某个深绿色廉航（,0,
12,248DCCF8-0A14-4B29-BF97-68B168184A04_hd.jpg,/Users/lazywords/Code/高卡紫相关/QQ群相册/商务舱/images/248DCCF8-0A14-4B29-BF97-68B168184A04_hd.jpg,夢疾風,2026年02月21日 11:32,2026.2.9 EK384 BKK-HKG 座位舒适度尚可，餐食一般，乘务组拉完了： 1.点餐时前菜仅有一款，但是你不和他特意说要就默认不给你上 2.极少巡舱，我的呼唤灯亮了十分钟没人管，直接去前面找乘务了 3.商务舱落地前送的巧克力居然左边过道座位有右边过道座位没有，不知道是发漏了还是不够了，给人气笑了 优点也是有的： 空中酒吧不错，适合聊天，特调多 曼谷休息室不错 两小时航班默认先在座位上给两瓶依云+一瓶巴黎水+MM豆+小吃，还有拖鞋眼罩，绝对不是吐槽某个深绿色廉航（,0,
13,2CA323B1-8224-4D8E-88F9-0712D6884FD7_hd.jpg,/Users/lazywords/Code/高卡紫相关/QQ群相册/商务舱/images/2CA323B1-8224-4D8E-88F9-0712D6884FD7_hd.jpg,夢疾風,2026年02月21日 11:32,2026.2.9 EK384 BKK-HKG 座位舒适度尚可，餐食一般，乘务组拉完了： 1.点餐时前菜仅有一款，但是你不和他特意说要就默认不给你上 2.极少巡舱，我的呼唤灯亮了十分钟没人管，直接去前面找乘务了 3.商务舱落地前送的巧克力居然左边过道座位有右边过道座位没有，不知道是发漏了还是不够了，给人气笑了 优点也是有的： 空中酒吧不错，适合聊天，特调多 曼谷休息室不错 两小时航班默认先在座位上给两瓶依云+一瓶巴黎水+MM豆+小吃，还有拖鞋眼罩，绝对不是吐槽某个深绿色廉航（,0,
14,2D65BCC8-A451-4EC9-BDE2-03B5173BBD11_hd.jpg,/Users/lazywords/Code/高卡紫相关/QQ群相册/商务舱/images/2D65BCC8-A451-4EC9-BDE2-03B5173BBD11_hd.jpg,夢疾風,2026年02月21日 11:32,2026.2.9 EK384 BKK-HKG 座位舒适度尚可，餐食一般，乘务组拉完了： 1.点餐时前菜仅有一款，但是你不和他特意说要就默认不给你上 2.极少巡舱，我的呼唤灯亮了十分钟没人管，直接去前面找乘务了 3.商务舱落地前送的巧克力居然左边过道座位有右边过道座位没有，不知道是发漏了还是不够了，给人气笑了 优点也是有的： 空中酒吧不错，适合聊天，特调多 曼谷休息室不错 两小时航班默认先在座位上给两瓶依云+一瓶巴黎水+MM豆+小吃，还有拖鞋眼罩，绝对不是吐槽某个深绿色廉航（,0,
15,3105DB4A-844F-4190-81E4-8ED61CB4BD02_hd.jpg,/Users/lazywords/Code/高卡紫相关/QQ群相册/商务舱/images/3105DB4A-844F-4190-81E4-8ED61CB4BD02_hd.jpg,夢疾風,2026年02月21日 11:32,2026.2.9 EK384 BKK-HKG 座位舒适度尚可，餐食一般，乘务组拉完了： 1.点餐时前菜仅有一款，但是你不和他特意说要就默认不给你上 2.极少巡舱，我的呼唤灯亮了十分钟没人管，直接去前面找乘务了 3.商务舱落地前送的巧克力居然左边过道座位有右边过道座位没有，不知道是发漏了还是不够了，给人气笑了 优点也是有的： 空中酒吧不错，适合聊天，特调多 曼谷休息室不错 两小时航班默认先在座位上给两瓶依云+一瓶巴黎水+MM豆+小吃，还有拖鞋眼罩，绝对不是吐槽某个深绿色廉航（,0,
16,3A5B8673-5A1B-40B9-AA0B-2ECE4D7939D4_hd.jpg,/Users/lazywords/Code/高卡紫相关/QQ群相册/商务舱/images/3A5B8673-5A1B-40B9-AA0B-2ECE4D7939D4_hd.jpg,夢疾風,2026年02月21日 11:32,2026.2.9 EK384 BKK-HKG 座位舒适度尚可，餐食一般，乘务组拉完了： 1.点餐时前菜仅有一款，但是你不和他特意说要就默认不给你上 2.极少巡舱，我的呼唤灯亮了十分钟没人管，直接去前面找乘务了 3.商务舱落地前送的巧克力居然左边过道座位有右边过道座位没有，不知道是发漏了还是不够了，给人气笑了 优点也是有的： 空中酒吧不错，适合聊天，特调多 曼谷休息室不错 两小时航班默认先在座位上给两瓶依云+一瓶巴黎水+MM豆+小吃，还有拖鞋眼罩，绝对不是吐槽某个深绿色廉航（,0,
17,3A79010C-B329-4A87-91D0-12428243D1D5_hd.jpg,/Users/lazywords/Code/高卡紫相关/QQ群相册/商务舱/images/3A79010C-B329-4A87-91D0-12428243D1D5_hd.jpg,夢疾風,2026年02月21日 11:32,2026.2.9 EK384 BKK-HKG 座位舒适度尚可，餐食一般，乘务组拉完了： 1.点餐时前菜仅有一款，但是你不和他特意说要就默认不给你上 2.极少巡舱，我的呼唤灯亮了十分钟没人管，直接去前面找乘务了 3.商务舱落地前送的巧克力居然左边过道座位有右边过道座位没有，不知道是发漏了还是不够了，给人气笑了 优点也是有的： 空中酒吧不错，适合聊天，特调多 曼谷休息室不错 两小时航班默认先在座位上给两瓶依云+一瓶巴黎水+MM豆+小吃，还有拖鞋眼罩，绝对不是吐槽某个深绿色廉航（,0,
18,43670077-439C-4FB1-A9D5-D83D8B045ACD_hd.jpg,/Users/lazywords/Code/高卡紫相关/QQ群相册/商务舱/images/43670077-439C-4FB1-A9D5-D83D8B045ACD_hd.jpg,夢疾風,2026年02月21日 11:32,2026.2.9 EK384 BKK-HKG 座位舒适度尚可，餐食一般，乘务组拉完了： 1.点餐时前菜仅有一款，但是你不和他特意说要就默认不给你上 2.极少巡舱，我的呼唤灯亮了十分钟没人管，直接去前面找乘务了 3.商务舱落地前送的巧克力居然左边过道座位有右边过道座位没有，不知道是发漏了还是不够了，给人气笑了 优点也是有的： 空中酒吧不错，适合聊天，特调多 曼谷休息室不错 两小时航班默认先在座位上给两瓶依云+一瓶巴黎水+MM豆+小吃，还有拖鞋眼罩，绝对不是吐槽某个深绿色廉航（,0,
19,46F32BFD-4468-45C2-829E-2512DD02E259_hd.jpg,/Users/lazywords/Code/高卡紫相关/QQ群相册/商务舱/images/46F32BFD-4468-45C2-829E-2512DD02E259_hd.jpg,夢疾風,2026年02月21日 11:32,2026.2.9 EK384 BKK-HKG 座位舒适度尚可，餐食一般，乘务组拉完了： 1.点餐时前菜仅有一款，但是你不和他特意说要就默认不给你上 2.极少巡舱，我的呼唤灯亮了十分钟没人管，直接去前面找乘务了 3.商务舱落地前送的巧克力居然左边过道座位有右边过道座位没有，不知道是发漏了还是不够了，给人气笑了 优点也是有的： 空中酒吧不错，适合聊天，特调多 曼谷休息室不错 两小时航班默认先在座位上给两瓶依云+一瓶巴黎水+MM豆+小吃，还有拖鞋眼罩，绝对不是吐槽某个深绿色廉航（,0,
20,49F84CED-6FA8-4D1C-BEC2-0C80E9F21396_hd.jpg,/Users/lazywords/Code/高卡紫相关/QQ群相册/商务舱/images/49F84CED-6FA8-4D1C-BEC2-0C80E9F21396_hd.jpg,夢疾風,2026年02月21日 11:32,2026.2.9 EK384 BKK-HKG 座位舒适度尚可，餐食一般，乘务组拉完了： 1.点餐时前菜仅有一款，但是你不和他特意说要就默认不给你上 2.极少巡舱，我的呼唤灯亮了十分钟没人管，直接去前面找乘务了 3.商务舱落地前送的巧克力居然左边过道座位有右边过道座位没有，不知道是发漏了还是不够了，给人气笑了 优点也是有的： 空中酒吧不错，适合聊天，特调多 曼谷休息室不错 两小时航班默认先在座位上给两瓶依云+一瓶巴黎水+MM豆+小吃，还有拖鞋眼罩，绝对不是吐槽某个深绿色廉航（,0,
21,4DC5F8A3-6751-4B1C-ACE6-5A7DFBE577C8_hd.jpg,/Users/lazywords/Code/高卡紫相关/QQ群相册/商务舱/images/4DC5F8A3-6751-4B1C-ACE6-5A7DFBE577C8_hd.jpg,夢疾風,2026年02月21日 11:32,2026.2.9 EK384 BKK-HKG 座位舒适度尚可，餐食一般，乘务组拉完了： 1.点餐时前菜仅有一款，但是你不和他特意说要就默认不给你上 2.极少巡舱，我的呼唤灯亮了十分钟没人管，直接去前面找乘务了 3.商务舱落地前送的巧克力居然左边过道座位有右边过道座位没有，不知道是发漏了还是不够了，给人气笑了 优点也是有的： 空中酒吧不错，适合聊天，特调多 曼谷休息室不错 两小时航班默认先在座位上给两瓶依云+一瓶巴黎水+MM豆+小吃，还有拖鞋眼罩，绝对不是吐槽某个深绿色廉航（,0,
22,4E4C8329-6992-403E-9406-329F37D6B06C_hd.jpg,/Users/lazywords/Code/高卡紫相关/QQ群相册/商务舱/images/4E4C8329-6992-403E-9406-329F37D6B06C_hd.jpg,夢疾風,2026年02月21日 11:32,2026.2.9 EK384 BKK-HKG 座位舒适度尚可，餐食一般，乘务组拉完了： 1.点餐时前菜仅有一款，但是你不和他特意说要就默认不给你上 2.极少巡舱，我的呼唤灯亮了十分钟没人管，直接去前面找乘务了 3.商务舱落地前送的巧克力居然左边过道座位有右边过道座位没有，不知道是发漏了还是不够了，给人气笑了 优点也是有的： 空中酒吧不错，适合聊天，特调多 曼谷休息室不错 两小时航班默认先在座位上给两瓶依云+一瓶巴黎水+MM豆+小吃，还有拖鞋眼罩，绝对不是吐槽某个深绿色廉航（,0,
23,5205677B-50E0-42C4-8A2D-F1EB1051FDFE_hd.jpg,/Users/lazywords/Code/高卡紫相关/QQ群相册/商务舱/images/5205677B-50E0-42C4-8A2D-F1EB1051FDFE_hd.jpg,夢疾風,2026年02月21日 11:32,2026.2.9 EK384 BKK-HKG 座位舒适度尚可，餐食一般，乘务组拉完了： 1.点餐时前菜仅有一款，但是你不和他特意说要就默认不给你上 2.极少巡舱，我的呼唤灯亮了十分钟没人管，直接去前面找乘务了 3.商务舱落地前送的巧克力居然左边过道座位有右边过道座位没有，不知道是发漏了还是不够了，给人气笑了 优点也是有的： 空中酒吧不错，适合聊天，特调多 曼谷休息室不错 两小时航班默认先在座位上给两瓶依云+一瓶巴黎水+MM豆+小吃，还有拖鞋眼罩，绝对不是吐槽某个深绿色廉航（,0,
24,5B559DB0-3B60-41E8-BF35-C7CAA0D63FAA_big.jpg,/Users/lazywords/Code/高卡紫相关/QQ群相册/商务舱/images/5B559DB0-3B60-41E8-BF35-C7CAA0D63FAA_big.jpg,夢疾風,2026年02月21日 11:32,2026.2.9 EK384 BKK-HKG 座位舒适度尚可，餐食一般，乘务组拉完了： 1.点餐时前菜仅有一款，但是你不和他特意说要就默认不给你上 2.极少巡舱，我的呼唤灯亮了十分钟没人管，直接去前面找乘务了 3.商务舱落地前送的巧克力居然左边过道座位有右边过道座位没有，不知道是发漏了还是不够了，给人气笑了 优点也是有的： 空中酒吧不错，适合聊天，特调多 曼谷休息室不错 两小时航班默认先在座位上给两瓶依云+一瓶巴黎水+MM豆+小吃，还有拖鞋眼罩，绝对不是吐槽某个深绿色廉航（,0,
25,5BFD6D32-C8FE-498D-AE10-0DE72844E9C5_hd.jpg,/Users/lazywords/Code/高卡紫相关/QQ群相册/商务舱/images/5BFD6D32-C8FE-498D-AE10-0DE72844E9C5_hd.jpg,夢疾風,2026年02月21日 11:32,2026.2.9 EK384 BKK-HKG 座位舒适度尚可，餐食一般，乘务组拉完了： 1.点餐时前菜仅有一款，但是你不和他特意说要就默认不给你上 2.极少巡舱，我的呼唤灯亮了十分钟没人管，直接去前面找乘务了 3.商务舱落地前送的巧克力居然左边过道座位有右边过道座位没有，不知道是发漏了还是不够了，给人气笑了 优点也是有的： 空中酒吧不错，适合聊天，特调多 曼谷休息室不错 两小时航班默认先在座位上给两瓶依云+一瓶巴黎水+MM豆+小吃，还有拖鞋眼罩，绝对不是吐槽某个深绿色廉航（,0,
26,5CE616EA-3F42-4B75-B209-334DA3C9EE24_big.jpg,/Users/lazywords/Code/高卡紫相关/QQ群相册/商务舱/images/5CE616EA-3F42-4B75-B209-334DA3C9EE24_big.jpg,夢疾風,2026年02月21日 11:32,2026.2.9 EK384 BKK-HKG 座位舒适度尚可，餐食一般，乘务组拉完了： 1.点餐时前菜仅有一款，但是你不和他特意说要就默认不给你上 2.极少巡舱，我的呼唤灯亮了十分钟没人管，直接去前面找乘务了 3.商务舱落地前送的巧克力居然左边过道座位有右边过道座位没有，不知道是发漏了还是不够了，给人气笑了 优点也是有的： 空中酒吧不错，适合聊天，特调多 曼谷休息室不错 两小时航班默认先在座位上给两瓶依云+一瓶巴黎水+MM豆+小吃，还有拖鞋眼罩，绝对不是吐槽某个深绿色廉航（,0,
27,5EAD6437-A25E-4324-992C-9B5225E360C4_hd.jpg,/Users/lazywords/Code/高卡紫相关/QQ群相册/商务舱/images/5EAD6437-A25E-4324-992C-9B5225E360C4_hd.jpg,夢疾風,2026年02月21日 11:32,2026.2.9 EK384 BKK-HKG 座位舒适度尚可，餐食一般，乘务组拉完了： 1.点餐时前菜仅有一款，但是你不和他特意说要就默认不给你上 2.极少巡舱，我的呼唤灯亮了十分钟没人管，直接去前面找乘务了 3.商务舱落地前送的巧克力居然左边过道座位有右边过道座位没有，不知道是发漏了还是不够了，给人气笑了 优点也是有的： 空中酒吧不错，适合聊天，特调多 曼谷休息室不错 两小时航班默认先在座位上给两瓶依云+一瓶巴黎水+MM豆+小吃，还有拖鞋眼罩，绝对不是吐槽某个深绿色廉航（,0,
28,640B0703-75C1-4D7C-91CA-9D93708A1C6A_hd.jpg,/Users/lazywords/Code/高卡紫相关/QQ群相册/商务舱/images/640B0703-75C1-4D7C-91CA-9D93708A1C6A_hd.jpg,夢疾風,2026年02月21日 11:32,2026.2.9 EK384 BKK-HKG 座位舒适度尚可，餐食一般，乘务组拉完了： 1.点餐时前菜仅有一款，但是你不和他特意说要就默认不给你上 2.极少巡舱，我的呼唤灯亮了十分钟没人管，直接去前面找乘务了 3.商务舱落地前送的巧克力居然左边过道座位有右边过道座位没有，不知道是发漏了还是不够了，给人气笑了 优点也是有的： 空中酒吧不错，适合聊天，特调多 曼谷休息室不错 两小时航班默认先在座位上给两瓶依云+一瓶巴黎水+MM豆+小吃，还有拖鞋眼罩，绝对不是吐槽某个深绿色廉航（,0,
29,65E569E6-BD43-40EB-9442-C4BDD1CAB652_hd.jpg,/Users/lazywords/Code/高卡紫相关/QQ群相册/商务舱/images/65E569E6-BD43-40EB-9442-C4BDD1CAB652_hd.jpg,夢疾風,2026年02月21日 11:32,2026.2.9 EK384 BKK-HKG 座位舒适度尚可，餐食一般，乘务组拉完了： 1.点餐时前菜仅有一款，但是你不和他特意说要就默认不给你上 2.极少巡舱，我的呼唤灯亮了十分钟没人管，直接去前面找乘务了 3.商务舱落地前送的巧克力居然左边过道座位有右边过道座位没有，不知道是发漏了还是不够了，给人气笑了 优点也是有的： 空中酒吧不错，适合聊天，特调多 曼谷休息室不错 两小时航班默认先在座位上给两瓶依云+一瓶巴黎水+MM豆+小吃，还有拖鞋眼罩，绝对不是吐槽某个深绿色廉航（,0,
30,6814ACB0-21E0-4D19-87DB-D6220301233C_hd.jpg,/Users/lazywords/Code/高卡紫相关/QQ群相册/商务舱/images/6814ACB0-21E0-4D19-87DB-D6220301233C_hd.jpg,夢疾風,2026年02月21日 11:32,2026.2.9 EK384 BKK-HKG 座位舒适度尚可，餐食一般，乘务组拉完了： 1.点餐时前菜仅有一款，但是你不和他特意说要就默认不给你上 2.极少巡舱，我的呼唤灯亮了十分钟没人管，直接去前面找乘务了 3.商务舱落地前送的巧克力居然左边过道座位有右边过道座位没有，不知道是发漏了还是不够了，给人气笑了 优点也是有的： 空中酒吧不错，适合聊天，特调多 曼谷休息室不错 两小时航班默认先在座位上给两瓶依云+一瓶巴黎水+MM豆+小吃，还有拖鞋眼罩，绝对不是吐槽某个深绿色廉航（,0,
31,75BD849F-D6B0-48C3-B0C7-6E275642297C_hd.jpg,/Users/lazywords/Code/高卡紫相关/QQ群相册/商务舱/images/75BD849F-D6B0-48C3-B0C7-6E275642297C_hd.jpg,夢疾風,2026年02月21日 11:32,2026.2.9 EK384 BKK-HKG 座位舒适度尚可，餐食一般，乘务组拉完了： 1.点餐时前菜仅有一款，但是你不和他特意说要就默认不给你上 2.极少巡舱，我的呼唤灯亮了十分钟没人管，直接去前面找乘务了 3.商务舱落地前送的巧克力居然左边过道座位有右边过道座位没有，不知道是发漏了还是不够了，给人气笑了 优点也是有的： 空中酒吧不错，适合聊天，特调多 曼谷休息室不错 两小时航班默认先在座位上给两瓶依云+一瓶巴黎水+MM豆+小吃，还有拖鞋眼罩，绝对不是吐槽某个深绿色廉航（,0,
32,7B79314A-E8B5-4110-AC1E-B064759EA937_hd.jpg,/Users/lazywords/Code/高卡紫相关/QQ群相册/商务舱/images/7B79314A-E8B5-4110-AC1E-B064759EA937_hd.jpg,夢疾風,2026年02月21日 11:32,2026.2.9 EK384 BKK-HKG 座位舒适度尚可，餐食一般，乘务组拉完了： 1.点餐时前菜仅有一款，但是你不和他特意说要就默认不给你上 2.极少巡舱，我的呼唤灯亮了十分钟没人管，直接去前面找乘务了 3.商务舱落地前送的巧克力居然左边过道座位有右边过道座位没有，不知道是发漏了还是不够了，给人气笑了 优点也是有的： 空中酒吧不错，适合聊天，特调多 曼谷休息室不错 两小时航班默认先在座位上给两瓶依云+一瓶巴黎水+MM豆+小吃，还有拖鞋眼罩，绝对不是吐槽某个深绿色廉航（,0,
33,7E0FFF37-8B24-45DD-AC50-A19D1B4C8C34_hd.jpg,/Users/lazywords/Code/高卡紫相关/QQ群相册/商务舱/images/7E0FFF37-8B24-45DD-AC50-A19D1B4C8C34_hd.jpg,夢疾風,2026年02月21日 11:32,2026.2.9 EK384 BKK-HKG 座位舒适度尚可，餐食一般，乘务组拉完了： 1.点餐时前菜仅有一款，但是你不和他特意说要就默认不给你上 2.极少巡舱，我的呼唤灯亮了十分钟没人管，直接去前面找乘务了 3.商务舱落地前送的巧克力居然左边过道座位有右边过道座位没有，不知道是发漏了还是不够了，给人气笑了 优点也是有的： 空中酒吧不错，适合聊天，特调多 曼谷休息室不错 两小时航班默认先在座位上给两瓶依云+一瓶巴黎水+MM豆+小吃，还有拖鞋眼罩，绝对不是吐槽某个深绿色廉航（,0,
34,7FBF1A3B-4E5F-461C-8EC9-FC3AFC749491_hd.jpg,/Users/lazywords/Code/高卡紫相关/QQ群相册/商务舱/images/7FBF1A3B-4E5F-461C-8EC9-FC3AFC749491_hd.jpg,夢疾風,2026年02月21日 11:32,2026.2.9 EK384 BKK-HKG 座位舒适度尚可，餐食一般，乘务组拉完了： 1.点餐时前菜仅有一款，但是你不和他特意说要就默认不给你上 2.极少巡舱，我的呼唤灯亮了十分钟没人管，直接去前面找乘务了 3.商务舱落地前送的巧克力居然左边过道座位有右边过道座位没有，不知道是发漏了还是不够了，给人气笑了 优点也是有的： 空中酒吧不错，适合聊天，特调多 曼谷休息室不错 两小时航班默认先在座位上给两瓶依云+一瓶巴黎水+MM豆+小吃，还有拖鞋眼罩，绝对不是吐槽某个深绿色廉航（,0,
35,897A33F7-6D64-4D78-A1F0-20186E860489_hd.jpg,/Users/lazywords/Code/高卡紫相关/QQ群相册/商务舱/images/897A33F7-6D64-4D78-A1F0-20186E860489_hd.jpg,夢疾風,2026年02月21日 11:32,2026.2.9 EK384 BKK-HKG 座位舒适度尚可，餐食一般，乘务组拉完了： 1.点餐时前菜仅有一款，但是你不和他特意说要就默认不给你上 2.极少巡舱，我的呼唤灯亮了十分钟没人管，直接去前面找乘务了 3.商务舱落地前送的巧克力居然左边过道座位有右边过道座位没有，不知道是发漏了还是不够了，给人气笑了 优点也是有的： 空中酒吧不错，适合聊天，特调多 曼谷休息室不错 两小时航班默认先在座位上给两瓶依云+一瓶巴黎水+MM豆+小吃，还有拖鞋眼罩，绝对不是吐槽某个深绿色廉航（,0,
36,8B1AAF2C-ED69-4229-86D8-C2E435172181_hd.jpg,/Users/lazywords/Code/高卡紫相关/QQ群相册/商务舱/images/8B1AAF2C-ED69-4229-86D8-C2E435172181_hd.jpg,夢疾風,2026年02月21日 11:32,2026.2.9 EK384 BKK-HKG 座位舒适度尚可，餐食一般，乘务组拉完了： 1.点餐时前菜仅有一款，但是你不和他特意说要就默认不给你上 2.极少巡舱，我的呼唤灯亮了十分钟没人管，直接去前面找乘务了 3.商务舱落地前送的巧克力居然左边过道座位有右边过道座位没有，不知道是发漏了还是不够了，给人气笑了 优点也是有的： 空中酒吧不错，适合聊天，特调多 曼谷休息室不错 两小时航班默认先在座位上给两瓶依云+一瓶巴黎水+MM豆+小吃，还有拖鞋眼罩，绝对不是吐槽某个深绿色廉航（,0,
37,8B86A079-9C29-43C2-9EC6-5E8BD38EE37A_hd.jpg,/Users/lazywords/Code/高卡紫相关/QQ群相册/商务舱/images/8B86A079-9C29-43C2-9EC6-5E8BD38EE37A_hd.jpg,夢疾風,2026年02月21日 11:32,2026.2.9 EK384 BKK-HKG 座位舒适度尚可，餐食一般，乘务组拉完了： 1.点餐时前菜仅有一款，但是你不和他特意说要就默认不给你上 2.极少巡舱，我的呼唤灯亮了十分钟没人管，直接去前面找乘务了 3.商务舱落地前送的巧克力居然左边过道座位有右边过道座位没有，不知道是发漏了还是不够了，给人气笑了 优点也是有的： 空中酒吧不错，适合聊天，特调多 曼谷休息室不错 两小时航班默认先在座位上给两瓶依云+一瓶巴黎水+MM豆+小吃，还有拖鞋眼罩，绝对不是吐槽某个深绿色廉航（,0,
38,8E61DC3A-1715-41EC-AF9B-5A682D5F37A2_hd.jpg,/Users/lazywords/Code/高卡紫相关/QQ群相册/商务舱/images/8E61DC3A-1715-41EC-AF9B-5A682D5F37A2_hd.jpg,夢疾風,2026年02月21日 11:32,2026.2.9 EK384 BKK-HKG 座位舒适度尚可，餐食一般，乘务组拉完了： 1.点餐时前菜仅有一款，但是你不和他特意说要就默认不给你上 2.极少巡舱，我的呼唤灯亮了十分钟没人管，直接去前面找乘务了 3.商务舱落地前送的巧克力居然左边过道座位有右边过道座位没有，不知道是发漏了还是不够了，给人气笑了 优点也是有的： 空中酒吧不错，适合聊天，特调多 曼谷休息室不错 两小时航班默认先在座位上给两瓶依云+一瓶巴黎水+MM豆+小吃，还有拖鞋眼罩，绝对不是吐槽某个深绿色廉航（,0,
39,93476054-AAF8-4258-AFB2-F506156FF4A5_hd.jpg,/Users/lazywords/Code/高卡紫相关/QQ群相册/商务舱/images/93476054-AAF8-4258-AFB2-F506156FF4A5_hd.jpg,夢疾風,2026年02月21日 11:32,2026.2.9 EK384 BKK-HKG 座位舒适度尚可，餐食一般，乘务组拉完了： 1.点餐时前菜仅有一款，但是你不和他特意说要就默认不给你上 2.极少巡舱，我的呼唤灯亮了十分钟没人管，直接去前面找乘务了 3.商务舱落地前送的巧克力居然左边过道座位有右边过道座位没有，不知道是发漏了还是不够了，给人气笑了 优点也是有的： 空中酒吧不错，适合聊天，特调多 曼谷休息室不错 两小时航班默认先在座位上给两瓶依云+一瓶巴黎水+MM豆+小吃，还有拖鞋眼罩，绝对不是吐槽某个深绿色廉航（,0,
40,94AD6197-B378-49FE-9C33-8B04AAEA33C7_hd.jpg,/Users/lazywords/Code/高卡紫相关/QQ群相册/商务舱/images/94AD6197-B378-49FE-9C33-8B04AAEA33C7_hd.jpg,夢疾風,2026年02月21日 11:32,2026.2.9 EK384 BKK-HKG 座位舒适度尚可，餐食一般，乘务组拉完了： 1.点餐时前菜仅有一款，但是你不和他特意说要就默认不给你上 2.极少巡舱，我的呼唤灯亮了十分钟没人管，直接去前面找乘务了 3.商务舱落地前送的巧克力居然左边过道座位有右边过道座位没有，不知道是发漏了还是不够了，给人气笑了 优点也是有的： 空中酒吧不错，适合聊天，特调多 曼谷休息室不错 两小时航班默认先在座位上给两瓶依云+一瓶巴黎水+MM豆+小吃，还有拖鞋眼罩，绝对不是吐槽某个深绿色廉航（,0,
41,9566EE6D-E7AB-4DEC-8408-A45A4C03F4D8_hd.jpg,/Users/lazywords/Code/高卡紫相关/QQ群相册/商务舱/images/9566EE6D-E7AB-4DEC-8408-A45A4C03F4D8_hd.jpg,夢疾風,2026年02月21日 11:32,2026.2.9 EK384 BKK-HKG 座位舒适度尚可，餐食一般，乘务组拉完了： 1.点餐时前菜仅有一款，但是你不和他特意说要就默认不给你上 2.极少巡舱，我的呼唤灯亮了十分钟没人管，直接去前面找乘务了 3.商务舱落地前送的巧克力居然左边过道座位有右边过道座位没有，不知道是发漏了还是不够了，给人气笑了 优点也是有的： 空中酒吧不错，适合聊天，特调多 曼谷休息室不错 两小时航班默认先在座位上给两瓶依云+一瓶巴黎水+MM豆+小吃，还有拖鞋眼罩，绝对不是吐槽某个深绿色廉航（,0,
42,97D76CC9-2A03-4074-9A12-ACD53F6AE977_hd.jpg,/Users/lazywords/Code/高卡紫相关/QQ群相册/商务舱/images/97D76CC9-2A03-4074-9A12-ACD53F6AE977_hd.jpg,夢疾風,2026年02月21日 11:32,2026.2.9 EK384 BKK-HKG 座位舒适度尚可，餐食一般，乘务组拉完了： 1.点餐时前菜仅有一款，但是你不和他特意说要就默认不给你上 2.极少巡舱，我的呼唤灯亮了十分钟没人管，直接去前面找乘务了 3.商务舱落地前送的巧克力居然左边过道座位有右边过道座位没有，不知道是发漏了还是不够了，给人气笑了 优点也是有的： 空中酒吧不错，适合聊天，特调多 曼谷休息室不错 两小时航班默认先在座位上给两瓶依云+一瓶巴黎水+MM豆+小吃，还有拖鞋眼罩，绝对不是吐槽某个深绿色廉航（,0,
43,9BD9870A-07AD-4FD5-9F14-E4E0964A9AFF_hd.jpg,/Users/lazywords/Code/高卡紫相关/QQ群相册/商务舱/images/9BD9870A-07AD-4FD5-9F14-E4E0964A9AFF_hd.jpg,夢疾風,2026年02月21日 11:32,2026.2.9 EK384 BKK-HKG 座位舒适度尚可，餐食一般，乘务组拉完了： 1.点餐时前菜仅有一款，但是你不和他特意说要就默认不给你上 2.极少巡舱，我的呼唤灯亮了十分钟没人管，直接去前面找乘务了 3.商务舱落地前送的巧克力居然左边过道座位有右边过道座位没有，不知道是发漏了还是不够了，给人气笑了 优点也是有的： 空中酒吧不错，适合聊天，特调多 曼谷休息室不错 两小时航班默认先在座位上给两瓶依云+一瓶巴黎水+MM豆+小吃，还有拖鞋眼罩，绝对不是吐槽某个深绿色廉航（,0,
44,9EA44F31-FCAA-4194-8651-1B82560EBD3E_hd.jpg,/Users/lazywords/Code/高卡紫相关/QQ群相册/商务舱/images/9EA44F31-FCAA-4194-8651-1B82560EBD3E_hd.jpg,夢疾風,2026年02月21日 11:32,2026.2.9 EK384 BKK-HKG 座位舒适度尚可，餐食一般，乘务组拉完了： 1.点餐时前菜仅有一款，但是你不和他特意说要就默认不给你上 2.极少巡舱，我的呼唤灯亮了十分钟没人管，直接去前面找乘务了 3.商务舱落地前送的巧克力居然左边过道座位有右边过道座位没有，不知道是发漏了还是不够了，给人气笑了 优点也是有的： 空中酒吧不错，适合聊天，特调多 曼谷休息室不错 两小时航班默认先在座位上给两瓶依云+一瓶巴黎水+MM豆+小吃，还有拖鞋眼罩，绝对不是吐槽某个深绿色廉航（,0,
45,A2B63512-05A9-4947-AF81-7911C8D416AE_hd.jpg,/Users/lazywords/Code/高卡紫相关/QQ群相册/商务舱/images/A2B63512-05A9-4947-AF81-7911C8D416AE_hd.jpg,夢疾風,2026年02月21日 11:32,2026.2.9 EK384 BKK-HKG 座位舒适度尚可，餐食一般，乘务组拉完了： 1.点餐时前菜仅有一款，但是你不和他特意说要就默认不给你上 2.极少巡舱，我的呼唤灯亮了十分钟没人管，直接去前面找乘务了 3.商务舱落地前送的巧克力居然左边过道座位有右边过道座位没有，不知道是发漏了还是不够了，给人气笑了 优点也是有的： 空中酒吧不错，适合聊天，特调多 曼谷休息室不错 两小时航班默认先在座位上给两瓶依云+一瓶巴黎水+MM豆+小吃，还有拖鞋眼罩，绝对不是吐槽某个深绿色廉航（,0,
46,A32C07E3-A4DB-4C31-B329-DB7CE3B9775C_hd.jpg,/Users/lazywords/Code/高卡紫相关/QQ群相册/商务舱/images/A32C07E3-A4DB-4C31-B329-DB7CE3B9775C_hd.jpg,夢疾風,2026年02月21日 11:32,2026.2.9 EK384 BKK-HKG 座位舒适度尚可，餐食一般，乘务组拉完了： 1.点餐时前菜仅有一款，但是你不和他特意说要就默认不给你上 2.极少巡舱，我的呼唤灯亮了十分钟没人管，直接去前面找乘务了 3.商务舱落地前送的巧克力居然左边过道座位有右边过道座位没有，不知道是发漏了还是不够了，给人气笑了 优点也是有的： 空中酒吧不错，适合聊天，特调多 曼谷休息室不错 两小时航班默认先在座位上给两瓶依云+一瓶巴黎水+MM豆+小吃，还有拖鞋眼罩，绝对不是吐槽某个深绿色廉航（,0,
47,A454338D-DC9F-43E9-B7B1-BE8523683C19_hd.jpg,/Users/lazywords/Code/高卡紫相关/QQ群相册/商务舱/images/A454338D-DC9F-43E9-B7B1-BE8523683C19_hd.jpg,夢疾風,2026年02月21日 11:32,2026.2.9 EK384 BKK-HKG 座位舒适度尚可，餐食一般，乘务组拉完了： 1.点餐时前菜仅有一款，但是你不和他特意说要就默认不给你上 2.极少巡舱，我的呼唤灯亮了十分钟没人管，直接去前面找乘务了 3.商务舱落地前送的巧克力居然左边过道座位有右边过道座位没有，不知道是发漏了还是不够了，给人气笑了 优点也是有的： 空中酒吧不错，适合聊天，特调多 曼谷休息室不错 两小时航班默认先在座位上给两瓶依云+一瓶巴黎水+MM豆+小吃，还有拖鞋眼罩，绝对不是吐槽某个深绿色廉航（,0,
48,AA57197C-69BD-4AAD-A8B5-92C6AFA10A6A_hd.jpg,/Users/lazywords/Code/高卡紫相关/QQ群相册/商务舱/images/AA57197C-69BD-4AAD-A8B5-92C6AFA10A6A_hd.jpg,夢疾風,2026年02月21日 11:32,2026.2.9 EK384 BKK-HKG 座位舒适度尚可，餐食一般，乘务组拉完了： 1.点餐时前菜仅有一款，但是你不和他特意说要就默认不给你上 2.极少巡舱，我的呼唤灯亮了十分钟没人管，直接去前面找乘务了 3.商务舱落地前送的巧克力居然左边过道座位有右边过道座位没有，不知道是发漏了还是不够了，给人气笑了 优点也是有的： 空中酒吧不错，适合聊天，特调多 曼谷休息室不错 两小时航班默认先在座位上给两瓶依云+一瓶巴黎水+MM豆+小吃，还有拖鞋眼罩，绝对不是吐槽某个深绿色廉航（,0,
49,AA9EC379-2304-4954-8EE8-6AB01FABE53C_hd.jpg,/Users/lazywords/Code/高卡紫相关/QQ群相册/商务舱/images/AA9EC379-2304-4954-8EE8-6AB01FABE53C_hd.jpg,夢疾風,2026年02月21日 11:32,2026.2.9 EK384 BKK-HKG 座位舒适度尚可，餐食一般，乘务组拉完了： 1.点餐时前菜仅有一款，但是你不和他特意说要就默认不给你上 2.极少巡舱，我的呼唤灯亮了十分钟没人管，直接去前面找乘务了 3.商务舱落地前送的巧克力居然左边过道座位有右边过道座位没有，不知道是发漏了还是不够了，给人气笑了 优点也是有的： 空中酒吧不错，适合聊天，特调多 曼谷休息室不错 两小时航班默认先在座位上给两瓶依云+一瓶巴黎水+MM豆+小吃，还有拖鞋眼罩，绝对不是吐槽某个深绿色廉航（,0,
50,AB3A089A-A935-49B2-83D6-131DBCA10CB5_hd.jpg,/Users/lazywords/Code/高卡紫相关/QQ群相册/商务舱/images/AB3A089A-A935-49B2-83D6-131DBCA10CB5_hd.jpg,夢疾風,2026年02月21日 11:32,2026.2.9 EK384 BKK-HKG 座位舒适度尚可，餐食一般，乘务组拉完了： 1.点餐时前菜仅有一款，但是你不和他特意说要就默认不给你上 2.极少巡舱，我的呼唤灯亮了十分钟没人管，直接去前面找乘务了 3.商务舱落地前送的巧克力居然左边过道座位有右边过道座位没有，不知道是发漏了还是不够了，给人气笑了 优点也是有的： 空中酒吧不错，适合聊天，特调多 曼谷休息室不错 两小时航班默认先在座位上给两瓶依云+一瓶巴黎水+MM豆+小吃，还有拖鞋眼罩，绝对不是吐槽某个深绿色廉航（,0,
51,AB63C9C6-536F-4EB1-B6AA-8B08814375AD_hd.jpg,/Users/lazywords/Code/高卡紫相关/QQ群相册/商务舱/images/AB63C9C6-536F-4EB1-B6AA-8B08814375AD_hd.jpg,夢疾風,2026年02月21日 11:32,2026.2.9 EK384 BKK-HKG 座位舒适度尚可，餐食一般，乘务组拉完了： 1.点餐时前菜仅有一款，但是你不和他特意说要就默认不给你上 2.极少巡舱，我的呼唤灯亮了十分钟没人管，直接去前面找乘务了 3.商务舱落地前送的巧克力居然左边过道座位有右边过道座位没有，不知道是发漏了还是不够了，给人气笑了 优点也是有的： 空中酒吧不错，适合聊天，特调多 曼谷休息室不错 两小时航班默认先在座位上给两瓶依云+一瓶巴黎水+MM豆+小吃，还有拖鞋眼罩，绝对不是吐槽某个深绿色廉航（,0,
52,AC6D51A1-16ED-4AF9-88A2-897330E9C951_hd.jpg,/Users/lazywords/Code/高卡紫相关/QQ群相册/商务舱/images/AC6D51A1-16ED-4AF9-88A2-897330E9C951_hd.jpg,夢疾風,2026年02月21日 11:32,2026.2.9 EK384 BKK-HKG 座位舒适度尚可，餐食一般，乘务组拉完了： 1.点餐时前菜仅有一款，但是你不和他特意说要就默认不给你上 2.极少巡舱，我的呼唤灯亮了十分钟没人管，直接去前面找乘务了 3.商务舱落地前送的巧克力居然左边过道座位有右边过道座位没有，不知道是发漏了还是不够了，给人气笑了 优点也是有的： 空中酒吧不错，适合聊天，特调多 曼谷休息室不错 两小时航班默认先在座位上给两瓶依云+一瓶巴黎水+MM豆+小吃，还有拖鞋眼罩，绝对不是吐槽某个深绿色廉航（,0,
53,AEB1A52A-CEDC-4A81-B491-35EA568B8E2C_hd.jpg,/Users/lazywords/Code/高卡紫相关/QQ群相册/商务舱/images/AEB1A52A-CEDC-4A81-B491-35EA568B8E2C_hd.jpg,夢疾風,2026年02月21日 11:32,2026.2.9 EK384 BKK-HKG 座位舒适度尚可，餐食一般，乘务组拉完了： 1.点餐时前菜仅有一款，但是你不和他特意说要就默认不给你上 2.极少巡舱，我的呼唤灯亮了十分钟没人管，直接去前面找乘务了 3.商务舱落地前送的巧克力居然左边过道座位有右边过道座位没有，不知道是发漏了还是不够了，给人气笑了 优点也是有的： 空中酒吧不错，适合聊天，特调多 曼谷休息室不错 两小时航班默认先在座位上给两瓶依云+一瓶巴黎水+MM豆+小吃，还有拖鞋眼罩，绝对不是吐槽某个深绿色廉航（,0,
54,AED2E32C-4D5A-4C5D-BFA5-ADE2A32523C9_hd.jpg,/Users/lazywords/Code/高卡紫相关/QQ群相册/商务舱/images/AED2E32C-4D5A-4C5D-BFA5-ADE2A32523C9_hd.jpg,夢疾風,2026年02月21日 11:32,2026.2.9 EK384 BKK-HKG 座位舒适度尚可，餐食一般，乘务组拉完了： 1.点餐时前菜仅有一款，但是你不和他特意说要就默认不给你上 2.极少巡舱，我的呼唤灯亮了十分钟没人管，直接去前面找乘务了 3.商务舱落地前送的巧克力居然左边过道座位有右边过道座位没有，不知道是发漏了还是不够了，给人气笑了 优点也是有的： 空中酒吧不错，适合聊天，特调多 曼谷休息室不错 两小时航班默认先在座位上给两瓶依云+一瓶巴黎水+MM豆+小吃，还有拖鞋眼罩，绝对不是吐槽某个深绿色廉航（,0,
55,B7ABD600-76D3-4726-A75C-CD23451B4429_hd.jpg,/Users/lazywords/Code/高卡紫相关/QQ群相册/商务舱/images/B7ABD600-76D3-4726-A75C-CD23451B4429_hd.jpg,夢疾風,2026年02月21日 11:32,2026.2.9 EK384 BKK-HKG 座位舒适度尚可，餐食一般，乘务组拉完了： 1.点餐时前菜仅有一款，但是你不和他特意说要就默认不给你上 2.极少巡舱，我的呼唤灯亮了十分钟没人管，直接去前面找乘务了 3.商务舱落地前送的巧克力居然左边过道座位有右边过道座位没有，不知道是发漏了还是不够了，给人气笑了 优点也是有的： 空中酒吧不错，适合聊天，特调多 曼谷休息室不错 两小时航班默认先在座位上给两瓶依云+一瓶巴黎水+MM豆+小吃，还有拖鞋眼罩，绝对不是吐槽某个深绿色廉航（,0,
56,B9628B95-4CEF-432F-9DCD-6ECB38908D93_hd.jpg,/Users/lazywords/Code/高卡紫相关/QQ群相册/商务舱/images/B9628B95-4CEF-432F-9DCD-6ECB38908D93_hd.jpg,夢疾風,2026年02月21日 11:32,2026.2.9 EK384 BKK-HKG 座位舒适度尚可，餐食一般，乘务组拉完了： 1.点餐时前菜仅有一款，但是你不和他特意说要就默认不给你上 2.极少巡舱，我的呼唤灯亮了十分钟没人管，直接去前面找乘务了 3.商务舱落地前送的巧克力居然左边过道座位有右边过道座位没有，不知道是发漏了还是不够了，给人气笑了 优点也是有的： 空中酒吧不错，适合聊天，特调多 曼谷休息室不错 两小时航班默认先在座位上给两瓶依云+一瓶巴黎水+MM豆+小吃，还有拖鞋眼罩，绝对不是吐槽某个深绿色廉航（,0,
57,BCBF3FBA-C7CE-4A53-A627-B116058207BA_hd.jpg,/Users/lazywords/Code/高卡紫相关/QQ群相册/商务舱/images/BCBF3FBA-C7CE-4A53-A627-B116058207BA_hd.jpg,夢疾風,2026年02月21日 11:32,2026.2.9 EK384 BKK-HKG 座位舒适度尚可，餐食一般，乘务组拉完了： 1.点餐时前菜仅有一款，但是你不和他特意说要就默认不给你上 2.极少巡舱，我的呼唤灯亮了十分钟没人管，直接去前面找乘务了 3.商务舱落地前送的巧克力居然左边过道座位有右边过道座位没有，不知道是发漏了还是不够了，给人气笑了 优点也是有的： 空中酒吧不错，适合聊天，特调多 曼谷休息室不错 两小时航班默认先在座位上给两瓶依云+一瓶巴黎水+MM豆+小吃，还有拖鞋眼罩，绝对不是吐槽某个深绿色廉航（,0,
58,BD8392D7-B5BE-4DF8-ADC5-EF3AE17361B2_hd.jpg,/Users/lazywords/Code/高卡紫相关/QQ群相册/商务舱/images/BD8392D7-B5BE-4DF8-ADC5-EF3AE17361B2_hd.jpg,夢疾風,2026年02月21日 11:32,2026.2.9 EK384 BKK-HKG 座位舒适度尚可，餐食一般，乘务组拉完了： 1.点餐时前菜仅有一款，但是你不和他特意说要就默认不给你上 2.极少巡舱，我的呼唤灯亮了十分钟没人管，直接去前面找乘务了 3.商务舱落地前送的巧克力居然左边过道座位有右边过道座位没有，不知道是发漏了还是不够了，给人气笑了 优点也是有的： 空中酒吧不错，适合聊天，特调多 曼谷休息室不错 两小时航班默认先在座位上给两瓶依云+一瓶巴黎水+MM豆+小吃，还有拖鞋眼罩，绝对不是吐槽某个深绿色廉航（,0,
59,BE332D2E-2908-4B25-9F2E-2F1FEA27AB6B_hd.jpg,/Users/lazywords/Code/高卡紫相关/QQ群相册/商务舱/images/BE332D2E-2908-4B25-9F2E-2F1FEA27AB6B_hd.jpg,夢疾風,2026年02月21日 11:32,2026.2.9 EK384 BKK-HKG 座位舒适度尚可，餐食一般，乘务组拉完了： 1.点餐时前菜仅有一款，但是你不和他特意说要就默认不给你上 2.极少巡舱，我的呼唤灯亮了十分钟没人管，直接去前面找乘务了 3.商务舱落地前送的巧克力居然左边过道座位有右边过道座位没有，不知道是发漏了还是不够了，给人气笑了 优点也是有的： 空中酒吧不错，适合聊天，特调多 曼谷休息室不错 两小时航班默认先在座位上给两瓶依云+一瓶巴黎水+MM豆+小吃，还有拖鞋眼罩，绝对不是吐槽某个深绿色廉航（,0,
60,BE3F98D7-08DE-4DA3-AC54-1C896D3F89D4_hd.jpg,/Users/lazywords/Code/高卡紫相关/QQ群相册/商务舱/images/BE3F98D7-08DE-4DA3-AC54-1C896D3F89D4_hd.jpg,夢疾風,2026年02月21日 11:32,2026.2.9 EK384 BKK-HKG 座位舒适度尚可，餐食一般，乘务组拉完了： 1.点餐时前菜仅有一款，但是你不和他特意说要就默认不给你上 2.极少巡舱，我的呼唤灯亮了十分钟没人管，直接去前面找乘务了 3.商务舱落地前送的巧克力居然左边过道座位有右边过道座位没有，不知道是发漏了还是不够了，给人气笑了 优点也是有的： 空中酒吧不错，适合聊天，特调多 曼谷休息室不错 两小时航班默认先在座位上给两瓶依云+一瓶巴黎水+MM豆+小吃，还有拖鞋眼罩，绝对不是吐槽某个深绿色廉航（,0,
61,C55A44B7-1F36-4DBC-91ED-19BF807E5071_hd.jpg,/Users/lazywords/Code/高卡紫相关/QQ群相册/商务舱/images/C55A44B7-1F36-4DBC-91ED-19BF807E5071_hd.jpg,夢疾風,2026年02月21日 11:32,2026.2.9 EK384 BKK-HKG 座位舒适度尚可，餐食一般，乘务组拉完了： 1.点餐时前菜仅有一款，但是你不和他特意说要就默认不给你上 2.极少巡舱，我的呼唤灯亮了十分钟没人管，直接去前面找乘务了 3.商务舱落地前送的巧克力居然左边过道座位有右边过道座位没有，不知道是发漏了还是不够了，给人气笑了 优点也是有的： 空中酒吧不错，适合聊天，特调多 曼谷休息室不错 两小时航班默认先在座位上给两瓶依云+一瓶巴黎水+MM豆+小吃，还有拖鞋眼罩，绝对不是吐槽某个深绿色廉航（,0,
62,C67FAE78-BE84-4681-A4E2-4A5FDC476223_hd.jpg,/Users/lazywords/Code/高卡紫相关/QQ群相册/商务舱/images/C67FAE78-BE84-4681-A4E2-4A5FDC476223_hd.jpg,夢疾風,2026年02月21日 11:32,2026.2.9 EK384 BKK-HKG 座位舒适度尚可，餐食一般，乘务组拉完了： 1.点餐时前菜仅有一款，但是你不和他特意说要就默认不给你上 2.极少巡舱，我的呼唤灯亮了十分钟没人管，直接去前面找乘务了 3.商务舱落地前送的巧克力居然左边过道座位有右边过道座位没有，不知道是发漏了还是不够了，给人气笑了 优点也是有的： 空中酒吧不错，适合聊天，特调多 曼谷休息室不错 两小时航班默认先在座位上给两瓶依云+一瓶巴黎水+MM豆+小吃，还有拖鞋眼罩，绝对不是吐槽某个深绿色廉航（,0,
63,CFD30547-DE76-4C90-9AEA-95A92FA6A972_hd.jpg,/Users/lazywords/Code/高卡紫相关/QQ群相册/商务舱/images/CFD30547-DE76-4C90-9AEA-95A92FA6A972_hd.jpg,夢疾風,2026年02月21日 11:32,2026.2.9 EK384 BKK-HKG 座位舒适度尚可，餐食一般，乘务组拉完了： 1.点餐时前菜仅有一款，但是你不和他特意说要就默认不给你上 2.极少巡舱，我的呼唤灯亮了十分钟没人管，直接去前面找乘务了 3.商务舱落地前送的巧克力居然左边过道座位有右边过道座位没有，不知道是发漏了还是不够了，给人气笑了 优点也是有的： 空中酒吧不错，适合聊天，特调多 曼谷休息室不错 两小时航班默认先在座位上给两瓶依云+一瓶巴黎水+MM豆+小吃，还有拖鞋眼罩，绝对不是吐槽某个深绿色廉航（,0,
64,D0F7295C-4D2A-4AA9-AE55-7CE9B40A6BB2_hd.jpg,/Users/lazywords/Code/高卡紫相关/QQ群相册/商务舱/images/D0F7295C-4D2A-4AA9-AE55-7CE9B40A6BB2_hd.jpg,夢疾風,2026年02月21日 11:32,2026.2.9 EK384 BKK-HKG 座位舒适度尚可，餐食一般，乘务组拉完了： 1.点餐时前菜仅有一款，但是你不和他特意说要就默认不给你上 2.极少巡舱，我的呼唤灯亮了十分钟没人管，直接去前面找乘务了 3.商务舱落地前送的巧克力居然左边过道座位有右边过道座位没有，不知道是发漏了还是不够了，给人气笑了 优点也是有的： 空中酒吧不错，适合聊天，特调多 曼谷休息室不错 两小时航班默认先在座位上给两瓶依云+一瓶巴黎水+MM豆+小吃，还有拖鞋眼罩，绝对不是吐槽某个深绿色廉航（,0,
65,D233D78F-A084-41EA-A843-DC01E9A63F64_hd.jpg,/Users/lazywords/Code/高卡紫相关/QQ群相册/商务舱/images/D233D78F-A084-41EA-A843-DC01E9A63F64_hd.jpg,夢疾風,2026年02月21日 11:32,2026.2.9 EK384 BKK-HKG 座位舒适度尚可，餐食一般，乘务组拉完了： 1.点餐时前菜仅有一款，但是你不和他特意说要就默认不给你上 2.极少巡舱，我的呼唤灯亮了十分钟没人管，直接去前面找乘务了 3.商务舱落地前送的巧克力居然左边过道座位有右边过道座位没有，不知道是发漏了还是不够了，给人气笑了 优点也是有的： 空中酒吧不错，适合聊天，特调多 曼谷休息室不错 两小时航班默认先在座位上给两瓶依云+一瓶巴黎水+MM豆+小吃，还有拖鞋眼罩，绝对不是吐槽某个深绿色廉航（,0,
66,D2A8F80B-0505-4617-89F1-26E41D73A53C_hd.jpg,/Users/lazywords/Code/高卡紫相关/QQ群相册/商务舱/images/D2A8F80B-0505-4617-89F1-26E41D73A53C_hd.jpg,夢疾風,2026年02月21日 11:32,2026.2.9 EK384 BKK-HKG 座位舒适度尚可，餐食一般，乘务组拉完了： 1.点餐时前菜仅有一款，但是你不和他特意说要就默认不给你上 2.极少巡舱，我的呼唤灯亮了十分钟没人管，直接去前面找乘务了 3.商务舱落地前送的巧克力居然左边过道座位有右边过道座位没有，不知道是发漏了还是不够了，给人气笑了 优点也是有的： 空中酒吧不错，适合聊天，特调多 曼谷休息室不错 两小时航班默认先在座位上给两瓶依云+一瓶巴黎水+MM豆+小吃，还有拖鞋眼罩，绝对不是吐槽某个深绿色廉航（,0,
67,D3E3C190-DD70-4EFE-A29B-884250E8B6C3_hd.jpg,/Users/lazywords/Code/高卡紫相关/QQ群相册/商务舱/images/D3E3C190-DD70-4EFE-A29B-884250E8B6C3_hd.jpg,夢疾風,2026年02月21日 11:32,2026.2.9 EK384 BKK-HKG 座位舒适度尚可，餐食一般，乘务组拉完了： 1.点餐时前菜仅有一款，但是你不和他特意说要就默认不给你上 2.极少巡舱，我的呼唤灯亮了十分钟没人管，直接去前面找乘务了 3.商务舱落地前送的巧克力居然左边过道座位有右边过道座位没有，不知道是发漏了还是不够了，给人气笑了 优点也是有的： 空中酒吧不错，适合聊天，特调多 曼谷休息室不错 两小时航班默认先在座位上给两瓶依云+一瓶巴黎水+MM豆+小吃，还有拖鞋眼罩，绝对不是吐槽某个深绿色廉航（,0,
68,D4EE5C70-258A-4FF9-A911-F941148980E8_big.jpg,/Users/lazywords/Code/高卡紫相关/QQ群相册/商务舱/images/D4EE5C70-258A-4FF9-A911-F941148980E8_big.jpg,夢疾風,2026年02月21日 11:32,2026.2.9 EK384 BKK-HKG 座位舒适度尚可，餐食一般，乘务组拉完了： 1.点餐时前菜仅有一款，但是你不和他特意说要就默认不给你上 2.极少巡舱，我的呼唤灯亮了十分钟没人管，直接去前面找乘务了 3.商务舱落地前送的巧克力居然左边过道座位有右边过道座位没有，不知道是发漏了还是不够了，给人气笑了 优点也是有的： 空中酒吧不错，适合聊天，特调多 曼谷休息室不错 两小时航班默认先在座位上给两瓶依云+一瓶巴黎水+MM豆+小吃，还有拖鞋眼罩，绝对不是吐槽某个深绿色廉航（,0,
69,DABE7FE0-13BF-4FF6-BEFA-551C13C2C205_hd.jpg,/Users/lazywords/Code/高卡紫相关/QQ群相册/商务舱/images/DABE7FE0-13BF-4FF6-BEFA-551C13C2C205_hd.jpg,夢疾風,2026年02月21日 11:32,2026.2.9 EK384 BKK-HKG 座位舒适度尚可，餐食一般，乘务组拉完了： 1.点餐时前菜仅有一款，但是你不和他特意说要就默认不给你上 2.极少巡舱，我的呼唤灯亮了十分钟没人管，直接去前面找乘务了 3.商务舱落地前送的巧克力居然左边过道座位有右边过道座位没有，不知道是发漏了还是不够了，给人气笑了 优点也是有的： 空中酒吧不错，适合聊天，特调多 曼谷休息室不错 两小时航班默认先在座位上给两瓶依云+一瓶巴黎水+MM豆+小吃，还有拖鞋眼罩，绝对不是吐槽某个深绿色廉航（,0,
70,DAEA3B6C-1C24-4872-990C-9F5D03C43A18_hd.jpg,/Users/lazywords/Code/高卡紫相关/QQ群相册/商务舱/images/DAEA3B6C-1C24-4872-990C-9F5D03C43A18_hd.jpg,夢疾風,2026年02月21日 11:32,2026.2.9 EK384 BKK-HKG 座位舒适度尚可，餐食一般，乘务组拉完了： 1.点餐时前菜仅有一款，但是你不和他特意说要就默认不给你上 2.极少巡舱，我的呼唤灯亮了十分钟没人管，直接去前面找乘务了 3.商务舱落地前送的巧克力居然左边过道座位有右边过道座位没有，不知道是发漏了还是不够了，给人气笑了 优点也是有的： 空中酒吧不错，适合聊天，特调多 曼谷休息室不错 两小时航班默认先在座位上给两瓶依云+一瓶巴黎水+MM豆+小吃，还有拖鞋眼罩，绝对不是吐槽某个深绿色廉航（,0,
71,DBF637F8-9CC4-47B9-9D3D-1AF4F2A0B50A_hd.jpg,/Users/lazywords/Code/高卡紫相关/QQ群相册/商务舱/images/DBF637F8-9CC4-47B9-9D3D-1AF4F2A0B50A_hd.jpg,夢疾風,2026年02月21日 11:32,2026.2.9 EK384 BKK-HKG 座位舒适度尚可，餐食一般，乘务组拉完了： 1.点餐时前菜仅有一款，但是你不和他特意说要就默认不给你上 2.极少巡舱，我的呼唤灯亮了十分钟没人管，直接去前面找乘务了 3.商务舱落地前送的巧克力居然左边过道座位有右边过道座位没有，不知道是发漏了还是不够了，给人气笑了 优点也是有的： 空中酒吧不错，适合聊天，特调多 曼谷休息室不错 两小时航班默认先在座位上给两瓶依云+一瓶巴黎水+MM豆+小吃，还有拖鞋眼罩，绝对不是吐槽某个深绿色廉航（,0,
72,DF5CE280-8A18-41A7-A649-2A91FCA97484_hd.jpg,/Users/lazywords/Code/高卡紫相关/QQ群相册/商务舱/images/DF5CE280-8A18-41A7-A649-2A91FCA97484_hd.jpg,夢疾風,2026年02月21日 11:32,2026.2.9 EK384 BKK-HKG 座位舒适度尚可，餐食一般，乘务组拉完了： 1.点餐时前菜仅有一款，但是你不和他特意说要就默认不给你上 2.极少巡舱，我的呼唤灯亮了十分钟没人管，直接去前面找乘务了 3.商务舱落地前送的巧克力居然左边过道座位有右边过道座位没有，不知道是发漏了还是不够了，给人气笑了 优点也是有的： 空中酒吧不错，适合聊天，特调多 曼谷休息室不错 两小时航班默认先在座位上给两瓶依云+一瓶巴黎水+MM豆+小吃，还有拖鞋眼罩，绝对不是吐槽某个深绿色廉航（,0,
73,E9B82117-F1E7-4DE4-B639-9CC2D4F9002D_hd.jpg,/Users/lazywords/Code/高卡紫相关/QQ群相册/商务舱/images/E9B82117-F1E7-4DE4-B639-9CC2D4F9002D_hd.jpg,夢疾風,2026年02月21日 11:32,2026.2.9 EK384 BKK-HKG 座位舒适度尚可，餐食一般，乘务组拉完了： 1.点餐时前菜仅有一款，但是你不和他特意说要就默认不给你上 2.极少巡舱，我的呼唤灯亮了十分钟没人管，直接去前面找乘务了 3.商务舱落地前送的巧克力居然左边过道座位有右边过道座位没有，不知道是发漏了还是不够了，给人气笑了 优点也是有的： 空中酒吧不错，适合聊天，特调多 曼谷休息室不错 两小时航班默认先在座位上给两瓶依云+一瓶巴黎水+MM豆+小吃，还有拖鞋眼罩，绝对不是吐槽某个深绿色廉航（,0,
74,ECFD8698-9151-4743-A92C-02A568CD70FA_hd.jpg,/Users/lazywords/Code/高卡紫相关/QQ群相册/商务舱/images/ECFD8698-9151-4743-A92C-02A568CD70FA_hd.jpg,夢疾風,2026年02月21日 11:32,2026.2.9 EK384 BKK-HKG 座位舒适度尚可，餐食一般，乘务组拉完了： 1.点餐时前菜仅有一款，但是你不和他特意说要就默认不给你上 2.极少巡舱，我的呼唤灯亮了十分钟没人管，直接去前面找乘务了 3.商务舱落地前送的巧克力居然左边过道座位有右边过道座位没有，不知道是发漏了还是不够了，给人气笑了 优点也是有的： 空中酒吧不错，适合聊天，特调多 曼谷休息室不错 两小时航班默认先在座位上给两瓶依云+一瓶巴黎水+MM豆+小吃，还有拖鞋眼罩，绝对不是吐槽某个深绿色廉航（,0,
75,F914B275-A686-4BEF-B954-DBF8DA00E6EB_hd.jpg,/Users/lazywords/Code/高卡紫相关/QQ群相册/商务舱/images/F914B275-A686-4BEF-B954-DBF8DA00E6EB_hd.jpg,夢疾風,2026年02月21日 11:32,2026.2.9 EK384 BKK-HKG 座位舒适度尚可，餐食一般，乘务组拉完了： 1.点餐时前菜仅有一款，但是你不和他特意说要就默认不给你上 2.极少巡舱，我的呼唤灯亮了十分钟没人管，直接去前面找乘务了 3.商务舱落地前送的巧克力居然左边过道座位有右边过道座位没有，不知道是发漏了还是不够了，给人气笑了 优点也是有的： 空中酒吧不错，适合聊天，特调多 曼谷休息室不错 两小时航班默认先在座位上给两瓶依云+一瓶巴黎水+MM豆+小吃，还有拖鞋眼罩，绝对不是吐槽某个深绿色廉航（,0,
76,FC617058-992C-46F8-A8EB-1F4662B41828_big.jpg,/Users/lazywords/Code/高卡紫相关/QQ群相册/商务舱/images/FC617058-992C-46F8-A8EB-1F4662B41828_big.jpg,夢疾風,2026年02月21日 11:32,2026.2.9 EK384 BKK-HKG 座位舒适度尚可，餐食一般，乘务组拉完了： 1.点餐时前菜仅有一款，但是你不和他特意说要就默认不给你上 2.极少巡舱，我的呼唤灯亮了十分钟没人管，直接去前面找乘务了 3.商务舱落地前送的巧克力居然左边过道座位有右边过道座位没有，不知道是发漏了还是不够了，给人气笑了 优点也是有的： 空中酒吧不错，适合聊天，特调多 曼谷休息室不错 两小时航班默认先在座位上给两瓶依云+一瓶巴黎水+MM豆+小吃，还有拖鞋眼罩，绝对不是吐槽某个深绿色廉航（,0,
77,FFE19388-337B-474B-81C1-19C2166ECA6E_hd.jpg,/Users/lazywords/Code/高卡紫相关/QQ群相册/商务舱/images/FFE19388-337B-474B-81C1-19C2166ECA6E_hd.jpg,夢疾風,2026年02月21日 11:32,2026.2.9 EK384 BKK-HKG 座位舒适度尚可，餐食一般，乘务组拉完了： 1.点餐时前菜仅有一款，但是你不和他特意说要就默认不给你上 2.极少巡舱，我的呼唤灯亮了十分钟没人管，直接去前面找乘务了 3.商务舱落地前送的巧克力居然左边过道座位有右边过道座位没有，不知道是发漏了还是不够了，给人气笑了 优点也是有的： 空中酒吧不错，适合聊天，特调多 曼谷休息室不错 两小时航班默认先在座位上给两瓶依云+一瓶巴黎水+MM豆+小吃，还有拖鞋眼罩，绝对不是吐槽某个深绿色廉航（,0,
78,IMG.jpg,/Users/lazywords/Code/高卡紫相关/QQ群相册/商务舱/images/IMG.jpg,夢疾風,2026年02月21日 11:32,2026.2.9 EK384 BKK-HKG 座位舒适度尚可，餐食一般，乘务组拉完了： 1.点餐时前菜仅有一款，但是你不和他特意说要就默认不给你上 2.极少巡舱，我的呼唤灯亮了十分钟没人管，直接去前面找乘务了 3.商务舱落地前送的巧克力居然左边过道座位有右边过道座位没有，不知道是发漏了还是不够了，给人气笑了 优点也是有的： 空中酒吧不错，适合聊天，特调多 曼谷休息室不错 两小时航班默认先在座位上给两瓶依云+一瓶巴黎水+MM豆+小吃，还有拖鞋眼罩，绝对不是吐槽某个深绿色廉航（,0,
79,IMG_001.jpg,/Users/lazywords/Code/高卡紫相关/QQ群相册/商务舱/images/IMG_001.jpg,夢疾風,2026年02月21日 11:32,2026.2.9 EK384 BKK-HKG 座位舒适度尚可，餐食一般，乘务组拉完了： 1.点餐时前菜仅有一款，但是你不和他特意说要就默认不给你上 2.极少巡舱，我的呼唤灯亮了十分钟没人管，直接去前面找乘务了 3.商务舱落地前送的巧克力居然左边过道座位有右边过道座位没有，不知道是发漏了还是不够了，给人气笑了 优点也是有的： 空中酒吧不错，适合聊天，特调多 曼谷休息室不错 两小时航班默认先在座位上给两瓶依云+一瓶巴黎水+MM豆+小吃，还有拖鞋眼罩，绝对不是吐槽某个深绿色廉航（,0,
80,IMG_002.jpg,/Users/lazywords/Code/高卡紫相关/QQ群相册/商务舱/images/IMG_002.jpg,夢疾風,2026年02月21日 11:32,2026.2.9 EK384 BKK-HKG 座位舒适度尚可，餐食一般，乘务组拉完了： 1.点餐时前菜仅有一款，但是你不和他特意说要就默认不给你上 2.极少巡舱，我的呼唤灯亮了十分钟没人管，直接去前面找乘务了 3.商务舱落地前送的巧克力居然左边过道座位有右边过道座位没有，不知道是发漏了还是不够了，给人气笑了 优点也是有的： 空中酒吧不错，适合聊天，特调多 曼谷休息室不错 两小时航班默认先在座位上给两瓶依云+一瓶巴黎水+MM豆+小吃，还有拖鞋眼罩，绝对不是吐槽某个深绿色廉航（,0,
81,IMG_003.jpg,/Users/lazywords/Code/高卡紫相关/QQ群相册/商务舱/images/IMG_003.jpg,夢疾風,2026年02月21日 11:32,2026.2.9 EK384 BKK-HKG 座位舒适度尚可，餐食一般，乘务组拉完了： 1.点餐时前菜仅有一款，但是你不和他特意说要就默认不给你上 2.极少巡舱，我的呼唤灯亮了十分钟没人管，直接去前面找乘务了 3.商务舱落地前送的巧克力居然左边过道座位有右边过道座位没有，不知道是发漏了还是不够了，给人气笑了 优点也是有的： 空中酒吧不错，适合聊天，特调多 曼谷休息室不错 两小时航班默认先在座位上给两瓶依云+一瓶巴黎水+MM豆+小吃，还有拖鞋眼罩，绝对不是吐槽某个深绿色廉航（,0,
82,IMG_004.jpg,/Users/lazywords/Code/高卡紫相关/QQ群相册/商务舱/images/IMG_004.jpg,夢疾風,2026年02月21日 11:32,2026.2.9 EK384 BKK-HKG 座位舒适度尚可，餐食一般，乘务组拉完了： 1.点餐时前菜仅有一款，但是你不和他特意说要就默认不给你上 2.极少巡舱，我的呼唤灯亮了十分钟没人管，直接去前面找乘务了 3.商务舱落地前送的巧克力居然左边过道座位有右边过道座位没有，不知道是发漏了还是不够了，给人气笑了 优点也是有的： 空中酒吧不错，适合聊天，特调多 曼谷休息室不错 两小时航班默认先在座位上给两瓶依云+一瓶巴黎水+MM豆+小吃，还有拖鞋眼罩，绝对不是吐槽某个深绿色廉航（,0,
83,IMG_005.jpg,/Users/lazywords/Code/高卡紫相关/QQ群相册/商务舱/images/IMG_005.jpg,夢疾風,2026年02月21日 11:32,2026.2.9 EK384 BKK-HKG 座位舒适度尚可，餐食一般，乘务组拉完了： 1.点餐时前菜仅有一款，但是你不和他特意说要就默认不给你上 2.极少巡舱，我的呼唤灯亮了十分钟没人管，直接去前面找乘务了 3.商务舱落地前送的巧克力居然左边过道座位有右边过道座位没有，不知道是发漏了还是不够了，给人气笑了 优点也是有的： 空中酒吧不错，适合聊天，特调多 曼谷休息室不错 两小时航班默认先在座位上给两瓶依云+一瓶巴黎水+MM豆+小吃，还有拖鞋眼罩，绝对不是吐槽某个深绿色廉航（,0,
84,IMG_006.jpg,/Users/lazywords/Code/高卡紫相关/QQ群相册/商务舱/images/IMG_006.jpg,夢疾風,2026年02月21日 11:32,2026.2.9 EK384 BKK-HKG 座位舒适度尚可，餐食一般，乘务组拉完了： 1.点餐时前菜仅有一款，但是你不和他特意说要就默认不给你上 2.极少巡舱，我的呼唤灯亮了十分钟没人管，直接去前面找乘务了 3.商务舱落地前送的巧克力居然左边过道座位有右边过道座位没有，不知道是发漏了还是不够了，给人气笑了 优点也是有的： 空中酒吧不错，适合聊天，特调多 曼谷休息室不错 两小时航班默认先在座位上给两瓶依云+一瓶巴黎水+MM豆+小吃，还有拖鞋眼罩，绝对不是吐槽某个深绿色廉航（,0,
85,IMG_007.jpg,/Users/lazywords/Code/高卡紫相关/QQ群相册/商务舱/images/IMG_007.jpg,夢疾風,2026年02月21日 11:32,2026.2.9 EK384 BKK-HKG 座位舒适度尚可，餐食一般，乘务组拉完了： 1.点餐时前菜仅有一款，但是你不和他特意说要就默认不给你上 2.极少巡舱，我的呼唤灯亮了十分钟没人管，直接去前面找乘务了 3.商务舱落地前送的巧克力居然左边过道座位有右边过道座位没有，不知道是发漏了还是不够了，给人气笑了 优点也是有的： 空中酒吧不错，适合聊天，特调多 曼谷休息室不错 两小时航班默认先在座位上给两瓶依云+一瓶巴黎水+MM豆+小吃，还有拖鞋眼罩，绝对不是吐槽某个深绿色廉航（,0,
86,IMG_008.jpg,/Users/lazywords/Code/高卡紫相关/QQ群相册/商务舱/images/IMG_008.jpg,夢疾風,2026年02月21日 11:32,2026.2.9 EK384 BKK-HKG 座位舒适度尚可，餐食一般，乘务组拉完了： 1.点餐时前菜仅有一款，但是你不和他特意说要就默认不给你上 2.极少巡舱，我的呼唤灯亮了十分钟没人管，直接去前面找乘务了 3.商务舱落地前送的巧克力居然左边过道座位有右边过道座位没有，不知道是发漏了还是不够了，给人气笑了 优点也是有的： 空中酒吧不错，适合聊天，特调多 曼谷休息室不错 两小时航班默认先在座位上给两瓶依云+一瓶巴黎水+MM豆+小吃，还有拖鞋眼罩，绝对不是吐槽某个深绿色廉航（,0,
87,IMG_009.jpg,/Users/lazywords/Code/高卡紫相关/QQ群相册/商务舱/images/IMG_009.jpg,夢疾風,2026年02月21日 11:32,2026.2.9 EK384 BKK-HKG 座位舒适度尚可，餐食一般，乘务组拉完了： 1.点餐时前菜仅有一款，但是你不和他特意说要就默认不给你上 2.极少巡舱，我的呼唤灯亮了十分钟没人管，直接去前面找乘务了 3.商务舱落地前送的巧克力居然左边过道座位有右边过道座位没有，不知道是发漏了还是不够了，给人气笑了 优点也是有的： 空中酒吧不错，适合聊天，特调多 曼谷休息室不错 两小时航班默认先在座位上给两瓶依云+一瓶巴黎水+MM豆+小吃，还有拖鞋眼罩，绝对不是吐槽某个深绿色廉航（,0,
88,IMG_010.jpg,/Users/lazywords/Code/高卡紫相关/QQ群相册/商务舱/images/IMG_010.jpg,夢疾風,2026年02月21日 11:32,2026.2.9 EK384 BKK-HKG 座位舒适度尚可，餐食一般，乘务组拉完了： 1.点餐时前菜仅有一款，但是你不和他特意说要就默认不给你上 2.极少巡舱，我的呼唤灯亮了十分钟没人管，直接去前面找乘务了 3.商务舱落地前送的巧克力居然左边过道座位有右边过道座位没有，不知道是发漏了还是不够了，给人气笑了 优点也是有的： 空中酒吧不错，适合聊天，特调多 曼谷休息室不错 两小时航班默认先在座位上给两瓶依云+一瓶巴黎水+MM豆+小吃，还有拖鞋眼罩，绝对不是吐槽某个深绿色廉航（,0,
89,IMG_011.jpg,/Users/lazywords/Code/高卡紫相关/QQ群相册/商务舱/images/IMG_011.jpg,夢疾風,2026年02月21日 11:32,2026.2.9 EK384 BKK-HKG 座位舒适度尚可，餐食一般，乘务组拉完了： 1.点餐时前菜仅有一款，但是你不和他特意说要就默认不给你上 2.极少巡舱，我的呼唤灯亮了十分钟没人管，直接去前面找乘务了 3.商务舱落地前送的巧克力居然左边过道座位有右边过道座位没有，不知道是发漏了还是不够了，给人气笑了 优点也是有的： 空中酒吧不错，适合聊天，特调多 曼谷休息室不错 两小时航班默认先在座位上给两瓶依云+一瓶巴黎水+MM豆+小吃，还有拖鞋眼罩，绝对不是吐槽某个深绿色廉航（,0,
90,IMG_012.jpg,/Users/lazywords/Code/高卡紫相关/QQ群相册/商务舱/images/IMG_012.jpg,夢疾風,2026年02月21日 11:32,2026.2.9 EK384 BKK-HKG 座位舒适度尚可，餐食一般，乘务组拉完了： 1.点餐时前菜仅有一款，但是你不和他特意说要就默认不给你上 2.极少巡舱，我的呼唤灯亮了十分钟没人管，直接去前面找乘务了 3.商务舱落地前送的巧克力居然左边过道座位有右边过道座位没有，不知道是发漏了还是不够了，给人气笑了 优点也是有的： 空中酒吧不错，适合聊天，特调多 曼谷休息室不错 两小时航班默认先在座位上给两瓶依云+一瓶巴黎水+MM豆+小吃，还有拖鞋眼罩，绝对不是吐槽某个深绿色廉航（,0,
91,IMG_013.jpg,/Users/lazywords/Code/高卡紫相关/QQ群相册/商务舱/images/IMG_013.jpg,夢疾風,2026年02月21日 11:32,2026.2.9 EK384 BKK-HKG 座位舒适度尚可，餐食一般，乘务组拉完了： 1.点餐时前菜仅有一款，但是你不和他特意说要就默认不给你上 2.极少巡舱，我的呼唤灯亮了十分钟没人管，直接去前面找乘务了 3.商务舱落地前送的巧克力居然左边过道座位有右边过道座位没有，不知道是发漏了还是不够了，给人气笑了 优点也是有的： 空中酒吧不错，适合聊天，特调多 曼谷休息室不错 两小时航班默认先在座位上给两瓶依云+一瓶巴黎水+MM豆+小吃，还有拖鞋眼罩，绝对不是吐槽某个深绿色廉航（,0,
92,IMG_014.jpg,/Users/lazywords/Code/高卡紫相关/QQ群相册/商务舱/images/IMG_014.jpg,夢疾風,2026年02月21日 11:32,2026.2.9 EK384 BKK-HKG 座位舒适度尚可，餐食一般，乘务组拉完了： 1.点餐时前菜仅有一款，但是你不和他特意说要就默认不给你上 2.极少巡舱，我的呼唤灯亮了十分钟没人管，直接去前面找乘务了 3.商务舱落地前送的巧克力居然左边过道座位有右边过道座位没有，不知道是发漏了还是不够了，给人气笑了 优点也是有的： 空中酒吧不错，适合聊天，特调多 曼谷休息室不错 两小时航班默认先在座位上给两瓶依云+一瓶巴黎水+MM豆+小吃，还有拖鞋眼罩，绝对不是吐槽某个深绿色廉航（,0,
93,IMG_015.jpg,/Users/lazywords/Code/高卡紫相关/QQ群相册/商务舱/images/IMG_015.jpg,夢疾風,2026年02月21日 11:32,2026.2.9 EK384 BKK-HKG 座位舒适度尚可，餐食一般，乘务组拉完了： 1.点餐时前菜仅有一款，但是你不和他特意说要就默认不给你上 2.极少巡舱，我的呼唤灯亮了十分钟没人管，直接去前面找乘务了 3.商务舱落地前送的巧克力居然左边过道座位有右边过道座位没有，不知道是发漏了还是不够了，给人气笑了 优点也是有的： 空中酒吧不错，适合聊天，特调多 曼谷休息室不错 两小时航班默认先在座位上给两瓶依云+一瓶巴黎水+MM豆+小吃，还有拖鞋眼罩，绝对不是吐槽某个深绿色廉航（,0,
94,IMG_016.jpg,/Users/lazywords/Code/高卡紫相关/QQ群相册/商务舱/images/IMG_016.jpg,夢疾風,2026年02月21日 11:32,2026.2.9 EK384 BKK-HKG 座位舒适度尚可，餐食一般，乘务组拉完了： 1.点餐时前菜仅有一款，但是你不和他特意说要就默认不给你上 2.极少巡舱，我的呼唤灯亮了十分钟没人管，直接去前面找乘务了 3.商务舱落地前送的巧克力居然左边过道座位有右边过道座位没有，不知道是发漏了还是不够了，给人气笑了 优点也是有的： 空中酒吧不错，适合聊天，特调多 曼谷休息室不错 两小时航班默认先在座位上给两瓶依云+一瓶巴黎水+MM豆+小吃，还有拖鞋眼罩，绝对不是吐槽某个深绿色廉航（,0,
95,IMG_017.jpg,/Users/lazywords/Code/高卡紫相关/QQ群相册/商务舱/images/IMG_017.jpg,夢疾風,2026年02月21日 11:32,2026.2.9 EK384 BKK-HKG 座位舒适度尚可，餐食一般，乘务组拉完了： 1.点餐时前菜仅有一款，但是你不和他特意说要就默认不给你上 2.极少巡舱，我的呼唤灯亮了十分钟没人管，直接去前面找乘务了 3.商务舱落地前送的巧克力居然左边过道座位有右边过道座位没有，不知道是发漏了还是不够了，给人气笑了 优点也是有的： 空中酒吧不错，适合聊天，特调多 曼谷休息室不错 两小时航班默认先在座位上给两瓶依云+一瓶巴黎水+MM豆+小吃，还有拖鞋眼罩，绝对不是吐槽某个深绿色廉航（,0,
96,IMG_018.jpg,/Users/lazywords/Code/高卡紫相关/QQ群相册/商务舱/images/IMG_018.jpg,夢疾風,2026年02月21日 11:32,2026.2.9 EK384 BKK-HKG 座位舒适度尚可，餐食一般，乘务组拉完了： 1.点餐时前菜仅有一款，但是你不和他特意说要就默认不给你上 2.极少巡舱，我的呼唤灯亮了十分钟没人管，直接去前面找乘务了 3.商务舱落地前送的巧克力居然左边过道座位有右边过道座位没有，不知道是发漏了还是不够了，给人气笑了 优点也是有的： 空中酒吧不错，适合聊天，特调多 曼谷休息室不错 两小时航班默认先在座位上给两瓶依云+一瓶巴黎水+MM豆+小吃，还有拖鞋眼罩，绝对不是吐槽某个深绿色廉航（,0,
97,IMG_019.jpg,/Users/lazywords/Code/高卡紫相关/QQ群相册/商务舱/images/IMG_019.jpg,夢疾風,2026年02月21日 11:32,2026.2.9 EK384 BKK-HKG 座位舒适度尚可，餐食一般，乘务组拉完了： 1.点餐时前菜仅有一款，但是你不和他特意说要就默认不给你上 2.极少巡舱，我的呼唤灯亮了十分钟没人管，直接去前面找乘务了 3.商务舱落地前送的巧克力居然左边过道座位有右边过道座位没有，不知道是发漏了还是不够了，给人气笑了 优点也是有的： 空中酒吧不错，适合聊天，特调多 曼谷休息室不错 两小时航班默认先在座位上给两瓶依云+一瓶巴黎水+MM豆+小吃，还有拖鞋眼罩，绝对不是吐槽某个深绿色廉航（,0,
98,IMG_020.jpg,/Users/lazywords/Code/高卡紫相关/QQ群相册/商务舱/images/IMG_020.jpg,夢疾風,2026年02月21日 11:32,2026.2.9 EK384 BKK-HKG 座位舒适度尚可，餐食一般，乘务组拉完了： 1.点餐时前菜仅有一款，但是你不和他特意说要就默认不给你上 2.极少巡舱，我的呼唤灯亮了十分钟没人管，直接去前面找乘务了 3.商务舱落地前送的巧克力居然左边过道座位有右边过道座位没有，不知道是发漏了还是不够了，给人气笑了 优点也是有的： 空中酒吧不错，适合聊天，特调多 曼谷休息室不错 两小时航班默认先在座位上给两瓶依云+一瓶巴黎水+MM豆+小吃，还有拖鞋眼罩，绝对不是吐槽某个深绿色廉航（,0,
99,IMG_021.jpg,/Users/lazywords/Code/高卡紫相关/QQ群相册/商务舱/images/IMG_021.jpg,夢疾風,2026年02月21日 11:32,2026.2.9 EK384 BKK-HKG 座位舒适度尚可，餐食一般，乘务组拉完了： 1.点餐时前菜仅有一款，但是你不和他特意说要就默认不给你上 2.极少巡舱，我的呼唤灯亮了十分钟没人管，直接去前面找乘务了 3.商务舱落地前送的巧克力居然左边过道座位有右边过道座位没有，不知道是发漏了还是不够了，给人气笑了 优点也是有的： 空中酒吧不错，适合聊天，特调多 曼谷休息室不错 两小时航班默认先在座位上给两瓶依云+一瓶巴黎水+MM豆+小吃，还有拖鞋眼罩，绝对不是吐槽某个深绿色廉航（,0,
100,IMG_022.jpg,/Users/lazywords/Code/高卡紫相关/QQ群相册/商务舱/images/IMG_022.jpg,夢疾風,2026年02月21日 11:32,2026.2.9 EK384 BKK-HKG 座位舒适度尚可，餐食一般，乘务组拉完了： 1.点餐时前菜仅有一款，但是你不和他特意说要就默认不给你上 2.极少巡舱，我的呼唤灯亮了十分钟没人管，直接去前面找乘务了 3.商务舱落地前送的巧克力居然左边过道座位有右边过道座位没有，不知道是发漏了还是不够了，给人气笑了 优点也是有的： 空中酒吧不错，适合聊天，特调多 曼谷休息室不错 两小时航班默认先在座位上给两瓶依云+一瓶巴黎水+MM豆+小吃，还有拖鞋眼罩，绝对不是吐槽某个深绿色廉航（,0,
101,IMG_023.jpg,/Users/lazywords/Code/高卡紫相关/QQ群相册/商务舱/images/IMG_023.jpg,夢疾風,2026年02月21日 11:32,2026.2.9 EK384 BKK-HKG 座位舒适度尚可，餐食一般，乘务组拉完了： 1.点餐时前菜仅有一款，但是你不和他特意说要就默认不给你上 2.极少巡舱，我的呼唤灯亮了十分钟没人管，直接去前面找乘务了 3.商务舱落地前送的巧克力居然左边过道座位有右边过道座位没有，不知道是发漏了还是不够了，给人气笑了 优点也是有的： 空中酒吧不错，适合聊天，特调多 曼谷休息室不错 两小时航班默认先在座位上给两瓶依云+一瓶巴黎水+MM豆+小吃，还有拖鞋眼罩，绝对不是吐槽某个深绿色廉航（,0,
102,IMG_024.jpg,/Users/lazywords/Code/高卡紫相关/QQ群相册/商务舱/images/IMG_024.jpg,夢疾風,2026年02月21日 11:32,2026.2.9 EK384 BKK-HKG 座位舒适度尚可，餐食一般，乘务组拉完了： 1.点餐时前菜仅有一款，但是你不和他特意说要就默认不给你上 2.极少巡舱，我的呼唤灯亮了十分钟没人管，直接去前面找乘务了 3.商务舱落地前送的巧克力居然左边过道座位有右边过道座位没有，不知道是发漏了还是不够了，给人气笑了 优点也是有的： 空中酒吧不错，适合聊天，特调多 曼谷休息室不错 两小时航班默认先在座位上给两瓶依云+一瓶巴黎水+MM豆+小吃，还有拖鞋眼罩，绝对不是吐槽某个深绿色廉航（,0,
103,IMG_025.jpg,/Users/lazywords/Code/高卡紫相关/QQ群相册/商务舱/images/IMG_025.jpg,夢疾風,2026年02月21日 11:32,2026.2.9 EK384 BKK-HKG 座位舒适度尚可，餐食一般，乘务组拉完了： 1.点餐时前菜仅有一款，但是你不和他特意说要就默认不给你上 2.极少巡舱，我的呼唤灯亮了十分钟没人管，直接去前面找乘务了 3.商务舱落地前送的巧克力居然左边过道座位有右边过道座位没有，不知道是发漏了还是不够了，给人气笑了 优点也是有的： 空中酒吧不错，适合聊天，特调多 曼谷休息室不错 两小时航班默认先在座位上给两瓶依云+一瓶巴黎水+MM豆+小吃，还有拖鞋眼罩，绝对不是吐槽某个深绿色廉航（,0,
104,IMG_026.jpg,/Users/lazywords/Code/高卡紫相关/QQ群相册/商务舱/images/IMG_026.jpg,夢疾風,2026年02月21日 11:32,2026.2.9 EK384 BKK-HKG 座位舒适度尚可，餐食一般，乘务组拉完了： 1.点餐时前菜仅有一款，但是你不和他特意说要就默认不给你上 2.极少巡舱，我的呼唤灯亮了十分钟没人管，直接去前面找乘务了 3.商务舱落地前送的巧克力居然左边过道座位有右边过道座位没有，不知道是发漏了还是不够了，给人气笑了 优点也是有的： 空中酒吧不错，适合聊天，特调多 曼谷休息室不错 两小时航班默认先在座位上给两瓶依云+一瓶巴黎水+MM豆+小吃，还有拖鞋眼罩，绝对不是吐槽某个深绿色廉航（,0,
105,IMG_027.jpg,/Users/lazywords/Code/高卡紫相关/QQ群相册/商务舱/images/IMG_027.jpg,夢疾風,2026年02月21日 11:32,2026.2.9 EK384 BKK-HKG 座位舒适度尚可，餐食一般，乘务组拉完了： 1.点餐时前菜仅有一款，但是你不和他特意说要就默认不给你上 2.极少巡舱，我的呼唤灯亮了十分钟没人管，直接去前面找乘务了 3.商务舱落地前送的巧克力居然左边过道座位有右边过道座位没有，不知道是发漏了还是不够了，给人气笑了 优点也是有的： 空中酒吧不错，适合聊天，特调多 曼谷休息室不错 两小时航班默认先在座位上给两瓶依云+一瓶巴黎水+MM豆+小吃，还有拖鞋眼罩，绝对不是吐槽某个深绿色廉航（,0,
106,IMG_028.jpg,/Users/lazywords/Code/高卡紫相关/QQ群相册/商务舱/images/IMG_028.jpg,夢疾風,2026年02月21日 11:32,2026.2.9 EK384 BKK-HKG 座位舒适度尚可，餐食一般，乘务组拉完了： 1.点餐时前菜仅有一款，但是你不和他特意说要就默认不给你上 2.极少巡舱，我的呼唤灯亮了十分钟没人管，直接去前面找乘务了 3.商务舱落地前送的巧克力居然左边过道座位有右边过道座位没有，不知道是发漏了还是不够了，给人气笑了 优点也是有的： 空中酒吧不错，适合聊天，特调多 曼谷休息室不错 两小时航班默认先在座位上给两瓶依云+一瓶巴黎水+MM豆+小吃，还有拖鞋眼罩，绝对不是吐槽某个深绿色廉航（,0,
107,IMG_029.jpg,/Users/lazywords/Code/高卡紫相关/QQ群相册/商务舱/images/IMG_029.jpg,夢疾風,2026年02月21日 11:32,2026.2.9 EK384 BKK-HKG 座位舒适度尚可，餐食一般，乘务组拉完了： 1.点餐时前菜仅有一款，但是你不和他特意说要就默认不给你上 2.极少巡舱，我的呼唤灯亮了十分钟没人管，直接去前面找乘务了 3.商务舱落地前送的巧克力居然左边过道座位有右边过道座位没有，不知道是发漏了还是不够了，给人气笑了 优点也是有的： 空中酒吧不错，适合聊天，特调多 曼谷休息室不错 两小时航班默认先在座位上给两瓶依云+一瓶巴黎水+MM豆+小吃，还有拖鞋眼罩，绝对不是吐槽某个深绿色廉航（,0,
108,IMG_030.jpg,/Users/lazywords/Code/高卡紫相关/QQ群相册/商务舱/images/IMG_030.jpg,夢疾風,2026年02月21日 11:32,2026.2.9 EK384 BKK-HKG 座位舒适度尚可，餐食一般，乘务组拉完了： 1.点餐时前菜仅有一款，但是你不和他特意说要就默认不给你上 2.极少巡舱，我的呼唤灯亮了十分钟没人管，直接去前面找乘务了 3.商务舱落地前送的巧克力居然左边过道座位有右边过道座位没有，不知道是发漏了还是不够了，给人气笑了 优点也是有的： 空中酒吧不错，适合聊天，特调多 曼谷休息室不错 两小时航班默认先在座位上给两瓶依云+一瓶巴黎水+MM豆+小吃，还有拖鞋眼罩，绝对不是吐槽某个深绿色廉航（,0,
109,IMG_031.jpg,/Users/lazywords/Code/高卡紫相关/QQ群相册/商务舱/images/IMG_031.jpg,夢疾風,2026年02月21日 11:32,2026.2.9 EK384 BKK-HKG 座位舒适度尚可，餐食一般，乘务组拉完了： 1.点餐时前菜仅有一款，但是你不和他特意说要就默认不给你上 2.极少巡舱，我的呼唤灯亮了十分钟没人管，直接去前面找乘务了 3.商务舱落地前送的巧克力居然左边过道座位有右边过道座位没有，不知道是发漏了还是不够了，给人气笑了 优点也是有的： 空中酒吧不错，适合聊天，特调多 曼谷休息室不错 两小时航班默认先在座位上给两瓶依云+一瓶巴黎水+MM豆+小吃，还有拖鞋眼罩，绝对不是吐槽某个深绿色廉航（,0,
110,IMG_032.jpg,/Users/lazywords/Code/高卡紫相关/QQ群相册/商务舱/images/IMG_032.jpg,夢疾風,2026年02月21日 11:32,2026.2.9 EK384 BKK-HKG 座位舒适度尚可，餐食一般，乘务组拉完了： 1.点餐时前菜仅有一款，但是你不和他特意说要就默认不给你上 2.极少巡舱，我的呼唤灯亮了十分钟没人管，直接去前面找乘务了 3.商务舱落地前送的巧克力居然左边过道座位有右边过道座位没有，不知道是发漏了还是不够了，给人气笑了 优点也是有的： 空中酒吧不错，适合聊天，特调多 曼谷休息室不错 两小时航班默认先在座位上给两瓶依云+一瓶巴黎水+MM豆+小吃，还有拖鞋眼罩，绝对不是吐槽某个深绿色廉航（,0,
111,IMG_033.jpg,/Users/lazywords/Code/高卡紫相关/QQ群相册/商务舱/images/IMG_033.jpg,夢疾風,2026年02月21日 11:32,2026.2.9 EK384 BKK-HKG 座位舒适度尚可，餐食一般，乘务组拉完了： 1.点餐时前菜仅有一款，但是你不和他特意说要就默认不给你上 2.极少巡舱，我的呼唤灯亮了十分钟没人管，直接去前面找乘务了 3.商务舱落地前送的巧克力居然左边过道座位有右边过道座位没有，不知道是发漏了还是不够了，给人气笑了 优点也是有的： 空中酒吧不错，适合聊天，特调多 曼谷休息室不错 两小时航班默认先在座位上给两瓶依云+一瓶巴黎水+MM豆+小吃，还有拖鞋眼罩，绝对不是吐槽某个深绿色廉航（,0,
112,IMG_034.jpg,/Users/lazywords/Code/高卡紫相关/QQ群相册/商务舱/images/IMG_034.jpg,夢疾風,2026年02月21日 11:32,2026.2.9 EK384 BKK-HKG 座位舒适度尚可，餐食一般，乘务组拉完了： 1.点餐时前菜仅有一款，但是你不和他特意说要就默认不给你上 2.极少巡舱，我的呼唤灯亮了十分钟没人管，直接去前面找乘务了 3.商务舱落地前送的巧克力居然左边过道座位有右边过道座位没有，不知道是发漏了还是不够了，给人气笑了 优点也是有的： 空中酒吧不错，适合聊天，特调多 曼谷休息室不错 两小时航班默认先在座位上给两瓶依云+一瓶巴黎水+MM豆+小吃，还有拖鞋眼罩，绝对不是吐槽某个深绿色廉航（,0,
113,IMG_035.jpg,/Users/lazywords/Code/高卡紫相关/QQ群相册/商务舱/images/IMG_035.jpg,夢疾風,2026年02月21日 11:32,2026.2.9 EK384 BKK-HKG 座位舒适度尚可，餐食一般，乘务组拉完了： 1.点餐时前菜仅有一款，但是你不和他特意说要就默认不给你上 2.极少巡舱，我的呼唤灯亮了十分钟没人管，直接去前面找乘务了 3.商务舱落地前送的巧克力居然左边过道座位有右边过道座位没有，不知道是发漏了还是不够了，给人气笑了 优点也是有的： 空中酒吧不错，适合聊天，特调多 曼谷休息室不错 两小时航班默认先在座位上给两瓶依云+一瓶巴黎水+MM豆+小吃，还有拖鞋眼罩，绝对不是吐槽某个深绿色廉航（,0,
114,IMG_036.jpg,/Users/lazywords/Code/高卡紫相关/QQ群相册/商务舱/images/IMG_036.jpg,夢疾風,2026年02月21日 11:32,2026.2.9 EK384 BKK-HKG 座位舒适度尚可，餐食一般，乘务组拉完了： 1.点餐时前菜仅有一款，但是你不和他特意说要就默认不给你上 2.极少巡舱，我的呼唤灯亮了十分钟没人管，直接去前面找乘务了 3.商务舱落地前送的巧克力居然左边过道座位有右边过道座位没有，不知道是发漏了还是不够了，给人气笑了 优点也是有的： 空中酒吧不错，适合聊天，特调多 曼谷休息室不错 两小时航班默认先在座位上给两瓶依云+一瓶巴黎水+MM豆+小吃，还有拖鞋眼罩，绝对不是吐槽某个深绿色廉航（,0,
115,IMG_037.jpg,/Users/lazywords/Code/高卡紫相关/QQ群相册/商务舱/images/IMG_037.jpg,夢疾風,2026年02月21日 11:32,2026.2.9 EK384 BKK-HKG 座位舒适度尚可，餐食一般，乘务组拉完了： 1.点餐时前菜仅有一款，但是你不和他特意说要就默认不给你上 2.极少巡舱，我的呼唤灯亮了十分钟没人管，直接去前面找乘务了 3.商务舱落地前送的巧克力居然左边过道座位有右边过道座位没有，不知道是发漏了还是不够了，给人气笑了 优点也是有的： 空中酒吧不错，适合聊天，特调多 曼谷休息室不错 两小时航班默认先在座位上给两瓶依云+一瓶巴黎水+MM豆+小吃，还有拖鞋眼罩，绝对不是吐槽某个深绿色廉航（,0,
116,IMG_038.jpg,/Users/lazywords/Code/高卡紫相关/QQ群相册/商务舱/images/IMG_038.jpg,夢疾風,2026年02月21日 11:32,2026.2.9 EK384 BKK-HKG 座位舒适度尚可，餐食一般，乘务组拉完了： 1.点餐时前菜仅有一款，但是你不和他特意说要就默认不给你上 2.极少巡舱，我的呼唤灯亮了十分钟没人管，直接去前面找乘务了 3.商务舱落地前送的巧克力居然左边过道座位有右边过道座位没有，不知道是发漏了还是不够了，给人气笑了 优点也是有的： 空中酒吧不错，适合聊天，特调多 曼谷休息室不错 两小时航班默认先在座位上给两瓶依云+一瓶巴黎水+MM豆+小吃，还有拖鞋眼罩，绝对不是吐槽某个深绿色廉航（,0,
117,IMG_039.jpg,/Users/lazywords/Code/高卡紫相关/QQ群相册/商务舱/images/IMG_039.jpg,夢疾風,2026年02月21日 11:32,2026.2.9 EK384 BKK-HKG 座位舒适度尚可，餐食一般，乘务组拉完了： 1.点餐时前菜仅有一款，但是你不和他特意说要就默认不给你上 2.极少巡舱，我的呼唤灯亮了十分钟没人管，直接去前面找乘务了 3.商务舱落地前送的巧克力居然左边过道座位有右边过道座位没有，不知道是发漏了还是不够了，给人气笑了 优点也是有的： 空中酒吧不错，适合聊天，特调多 曼谷休息室不错 两小时航班默认先在座位上给两瓶依云+一瓶巴黎水+MM豆+小吃，还有拖鞋眼罩，绝对不是吐槽某个深绿色廉航（,0,
118,IMG_040.jpg,/Users/lazywords/Code/高卡紫相关/QQ群相册/商务舱/images/IMG_040.jpg,夢疾風,2026年02月21日 11:32,2026.2.9 EK384 BKK-HKG 座位舒适度尚可，餐食一般，乘务组拉完了： 1.点餐时前菜仅有一款，但是你不和他特意说要就默认不给你上 2.极少巡舱，我的呼唤灯亮了十分钟没人管，直接去前面找乘务了 3.商务舱落地前送的巧克力居然左边过道座位有右边过道座位没有，不知道是发漏了还是不够了，给人气笑了 优点也是有的： 空中酒吧不错，适合聊天，特调多 曼谷休息室不错 两小时航班默认先在座位上给两瓶依云+一瓶巴黎水+MM豆+小吃，还有拖鞋眼罩，绝对不是吐槽某个深绿色廉航（,0,
119,IMG_041.jpg,/Users/lazywords/Code/高卡紫相关/QQ群相册/商务舱/images/IMG_041.jpg,夢疾風,2026年02月21日 11:32,2026.2.9 EK384 BKK-HKG 座位舒适度尚可，餐食一般，乘务组拉完了： 1.点餐时前菜仅有一款，但是你不和他特意说要就默认不给你上 2.极少巡舱，我的呼唤灯亮了十分钟没人管，直接去前面找乘务了 3.商务舱落地前送的巧克力居然左边过道座位有右边过道座位没有，不知道是发漏了还是不够了，给人气笑了 优点也是有的： 空中酒吧不错，适合聊天，特调多 曼谷休息室不错 两小时航班默认先在座位上给两瓶依云+一瓶巴黎水+MM豆+小吃，还有拖鞋眼罩，绝对不是吐槽某个深绿色廉航（,0,
120,IMG_042.jpg,/Users/lazywords/Code/高卡紫相关/QQ群相册/商务舱/images/IMG_042.jpg,夢疾風,2026年02月21日 11:32,2026.2.9 EK384 BKK-HKG 座位舒适度尚可，餐食一般，乘务组拉完了： 1.点餐时前菜仅有一款，但是你不和他特意说要就默认不给你上 2.极少巡舱，我的呼唤灯亮了十分钟没人管，直接去前面找乘务了 3.商务舱落地前送的巧克力居然左边过道座位有右边过道座位没有，不知道是发漏了还是不够了，给人气笑了 优点也是有的： 空中酒吧不错，适合聊天，特调多 曼谷休息室不错 两小时航班默认先在座位上给两瓶依云+一瓶巴黎水+MM豆+小吃，还有拖鞋眼罩，绝对不是吐槽某个深绿色廉航（,0,
121,IMG_043.jpg,/Users/lazywords/Code/高卡紫相关/QQ群相册/商务舱/images/IMG_043.jpg,夢疾風,2026年02月21日 11:32,2026.2.9 EK384 BKK-HKG 座位舒适度尚可，餐食一般，乘务组拉完了： 1.点餐时前菜仅有一款，但是你不和他特意说要就默认不给你上 2.极少巡舱，我的呼唤灯亮了十分钟没人管，直接去前面找乘务了 3.商务舱落地前送的巧克力居然左边过道座位有右边过道座位没有，不知道是发漏了还是不够了，给人气笑了 优点也是有的： 空中酒吧不错，适合聊天，特调多 曼谷休息室不错 两小时航班默认先在座位上给两瓶依云+一瓶巴黎水+MM豆+小吃，还有拖鞋眼罩，绝对不是吐槽某个深绿色廉航（,0,
122,IMG_044.jpg,/Users/lazywords/Code/高卡紫相关/QQ群相册/商务舱/images/IMG_044.jpg,夢疾風,2026年02月21日 11:32,2026.2.9 EK384 BKK-HKG 座位舒适度尚可，餐食一般，乘务组拉完了： 1.点餐时前菜仅有一款，但是你不和他特意说要就默认不给你上 2.极少巡舱，我的呼唤灯亮了十分钟没人管，直接去前面找乘务了 3.商务舱落地前送的巧克力居然左边过道座位有右边过道座位没有，不知道是发漏了还是不够了，给人气笑了 优点也是有的： 空中酒吧不错，适合聊天，特调多 曼谷休息室不错 两小时航班默认先在座位上给两瓶依云+一瓶巴黎水+MM豆+小吃，还有拖鞋眼罩，绝对不是吐槽某个深绿色廉航（,0,
123,IMG_045.jpg,/Users/lazywords/Code/高卡紫相关/QQ群相册/商务舱/images/IMG_045.jpg,夢疾風,2026年02月21日 11:32,2026.2.9 EK384 BKK-HKG 座位舒适度尚可，餐食一般，乘务组拉完了： 1.点餐时前菜仅有一款，但是你不和他特意说要就默认不给你上 2.极少巡舱，我的呼唤灯亮了十分钟没人管，直接去前面找乘务了 3.商务舱落地前送的巧克力居然左边过道座位有右边过道座位没有，不知道是发漏了还是不够了，给人气笑了 优点也是有的： 空中酒吧不错，适合聊天，特调多 曼谷休息室不错 两小时航班默认先在座位上给两瓶依云+一瓶巴黎水+MM豆+小吃，还有拖鞋眼罩，绝对不是吐槽某个深绿色廉航（,0,
124,IMG_046.jpg,/Users/lazywords/Code/高卡紫相关/QQ群相册/商务舱/images/IMG_046.jpg,夢疾風,2026年02月21日 11:32,2026.2.9 EK384 BKK-HKG 座位舒适度尚可，餐食一般，乘务组拉完了： 1.点餐时前菜仅有一款，但是你不和他特意说要就默认不给你上 2.极少巡舱，我的呼唤灯亮了十分钟没人管，直接去前面找乘务了 3.商务舱落地前送的巧克力居然左边过道座位有右边过道座位没有，不知道是发漏了还是不够了，给人气笑了 优点也是有的： 空中酒吧不错，适合聊天，特调多 曼谷休息室不错 两小时航班默认先在座位上给两瓶依云+一瓶巴黎水+MM豆+小吃，还有拖鞋眼罩，绝对不是吐槽某个深绿色廉航（,0,
125,IMG_047.jpg,/Users/lazywords/Code/高卡紫相关/QQ群相册/商务舱/images/IMG_047.jpg,夢疾風,2026年02月21日 11:32,2026.2.9 EK384 BKK-HKG 座位舒适度尚可，餐食一般，乘务组拉完了： 1.点餐时前菜仅有一款，但是你不和他特意说要就默认不给你上 2.极少巡舱，我的呼唤灯亮了十分钟没人管，直接去前面找乘务了 3.商务舱落地前送的巧克力居然左边过道座位有右边过道座位没有，不知道是发漏了还是不够了，给人气笑了 优点也是有的： 空中酒吧不错，适合聊天，特调多 曼谷休息室不错 两小时航班默认先在座位上给两瓶依云+一瓶巴黎水+MM豆+小吃，还有拖鞋眼罩，绝对不是吐槽某个深绿色廉航（,0,
126,IMG_048.jpg,/Users/lazywords/Code/高卡紫相关/QQ群相册/商务舱/images/IMG_048.jpg,夢疾風,2026年02月21日 11:32,2026.2.9 EK384 BKK-HKG 座位舒适度尚可，餐食一般，乘务组拉完了： 1.点餐时前菜仅有一款，但是你不和他特意说要就默认不给你上 2.极少巡舱，我的呼唤灯亮了十分钟没人管，直接去前面找乘务了 3.商务舱落地前送的巧克力居然左边过道座位有右边过道座位没有，不知道是发漏了还是不够了，给人气笑了 优点也是有的： 空中酒吧不错，适合聊天，特调多 曼谷休息室不错 两小时航班默认先在座位上给两瓶依云+一瓶巴黎水+MM豆+小吃，还有拖鞋眼罩，绝对不是吐槽某个深绿色廉航（,0,
127,IMG_049.jpg,/Users/lazywords/Code/高卡紫相关/QQ群相册/商务舱/images/IMG_049.jpg,夢疾風,2026年02月21日 11:32,2026.2.9 EK384 BKK-HKG 座位舒适度尚可，餐食一般，乘务组拉完了： 1.点餐时前菜仅有一款，但是你不和他特意说要就默认不给你上 2.极少巡舱，我的呼唤灯亮了十分钟没人管，直接去前面找乘务了 3.商务舱落地前送的巧克力居然左边过道座位有右边过道座位没有，不知道是发漏了还是不够了，给人气笑了 优点也是有的： 空中酒吧不错，适合聊天，特调多 曼谷休息室不错 两小时航班默认先在座位上给两瓶依云+一瓶巴黎水+MM豆+小吃，还有拖鞋眼罩，绝对不是吐槽某个深绿色廉航（,0,
128,IMG_050.jpg,/Users/lazywords/Code/高卡紫相关/QQ群相册/商务舱/images/IMG_050.jpg,夢疾風,2026年02月21日 11:32,2026.2.9 EK384 BKK-HKG 座位舒适度尚可，餐食一般，乘务组拉完了： 1.点餐时前菜仅有一款，但是你不和他特意说要就默认不给你上 2.极少巡舱，我的呼唤灯亮了十分钟没人管，直接去前面找乘务了 3.商务舱落地前送的巧克力居然左边过道座位有右边过道座位没有，不知道是发漏了还是不够了，给人气笑了 优点也是有的： 空中酒吧不错，适合聊天，特调多 曼谷休息室不错 两小时航班默认先在座位上给两瓶依云+一瓶巴黎水+MM豆+小吃，还有拖鞋眼罩，绝对不是吐槽某个深绿色廉航（,0,
129,IMG_051.jpg,/Users/lazywords/Code/高卡紫相关/QQ群相册/商务舱/images/IMG_051.jpg,夢疾風,2026年02月21日 11:32,2026.2.9 EK384 BKK-HKG 座位舒适度尚可，餐食一般，乘务组拉完了： 1.点餐时前菜仅有一款，但是你不和他特意说要就默认不给你上 2.极少巡舱，我的呼唤灯亮了十分钟没人管，直接去前面找乘务了 3.商务舱落地前送的巧克力居然左边过道座位有右边过道座位没有，不知道是发漏了还是不够了，给人气笑了 优点也是有的： 空中酒吧不错，适合聊天，特调多 曼谷休息室不错 两小时航班默认先在座位上给两瓶依云+一瓶巴黎水+MM豆+小吃，还有拖鞋眼罩，绝对不是吐槽某个深绿色廉航（,0,
130,IMG_052.jpg,/Users/lazywords/Code/高卡紫相关/QQ群相册/商务舱/images/IMG_052.jpg,夢疾風,2026年02月21日 11:32,2026.2.9 EK384 BKK-HKG 座位舒适度尚可，餐食一般，乘务组拉完了： 1.点餐时前菜仅有一款，但是你不和他特意说要就默认不给你上 2.极少巡舱，我的呼唤灯亮了十分钟没人管，直接去前面找乘务了 3.商务舱落地前送的巧克力居然左边过道座位有右边过道座位没有，不知道是发漏了还是不够了，给人气笑了 优点也是有的： 空中酒吧不错，适合聊天，特调多 曼谷休息室不错 两小时航班默认先在座位上给两瓶依云+一瓶巴黎水+MM豆+小吃，还有拖鞋眼罩，绝对不是吐槽某个深绿色廉航（,0,
131,IMG_053.jpg,/Users/lazywords/Code/高卡紫相关/QQ群相册/商务舱/images/IMG_053.jpg,夢疾風,2026年02月21日 11:32,2026.2.9 EK384 BKK-HKG 座位舒适度尚可，餐食一般，乘务组拉完了： 1.点餐时前菜仅有一款，但是你不和他特意说要就默认不给你上 2.极少巡舱，我的呼唤灯亮了十分钟没人管，直接去前面找乘务了 3.商务舱落地前送的巧克力居然左边过道座位有右边过道座位没有，不知道是发漏了还是不够了，给人气笑了 优点也是有的： 空中酒吧不错，适合聊天，特调多 曼谷休息室不错 两小时航班默认先在座位上给两瓶依云+一瓶巴黎水+MM豆+小吃，还有拖鞋眼罩，绝对不是吐槽某个深绿色廉航（,0,
132,IMG_054.jpg,/Users/lazywords/Code/高卡紫相关/QQ群相册/商务舱/images/IMG_054.jpg,夢疾風,2026年02月21日 11:32,2026.2.9 EK384 BKK-HKG 座位舒适度尚可，餐食一般，乘务组拉完了： 1.点餐时前菜仅有一款，但是你不和他特意说要就默认不给你上 2.极少巡舱，我的呼唤灯亮了十分钟没人管，直接去前面找乘务了 3.商务舱落地前送的巧克力居然左边过道座位有右边过道座位没有，不知道是发漏了还是不够了，给人气笑了 优点也是有的： 空中酒吧不错，适合聊天，特调多 曼谷休息室不错 两小时航班默认先在座位上给两瓶依云+一瓶巴黎水+MM豆+小吃，还有拖鞋眼罩，绝对不是吐槽某个深绿色廉航（,0,
133,IMG_055.jpg,/Users/lazywords/Code/高卡紫相关/QQ群相册/商务舱/images/IMG_055.jpg,夢疾風,2026年02月21日 11:32,2026.2.9 EK384 BKK-HKG 座位舒适度尚可，餐食一般，乘务组拉完了： 1.点餐时前菜仅有一款，但是你不和他特意说要就默认不给你上 2.极少巡舱，我的呼唤灯亮了十分钟没人管，直接去前面找乘务了 3.商务舱落地前送的巧克力居然左边过道座位有右边过道座位没有，不知道是发漏了还是不够了，给人气笑了 优点也是有的： 空中酒吧不错，适合聊天，特调多 曼谷休息室不错 两小时航班默认先在座位上给两瓶依云+一瓶巴黎水+MM豆+小吃，还有拖鞋眼罩，绝对不是吐槽某个深绿色廉航（,0,
134,IMG_056.jpg,/Users/lazywords/Code/高卡紫相关/QQ群相册/商务舱/images/IMG_056.jpg,夢疾風,2026年02月21日 11:32,2026.2.9 EK384 BKK-HKG 座位舒适度尚可，餐食一般，乘务组拉完了： 1.点餐时前菜仅有一款，但是你不和他特意说要就默认不给你上 2.极少巡舱，我的呼唤灯亮了十分钟没人管，直接去前面找乘务了 3.商务舱落地前送的巧克力居然左边过道座位有右边过道座位没有，不知道是发漏了还是不够了，给人气笑了 优点也是有的： 空中酒吧不错，适合聊天，特调多 曼谷休息室不错 两小时航班默认先在座位上给两瓶依云+一瓶巴黎水+MM豆+小吃，还有拖鞋眼罩，绝对不是吐槽某个深绿色廉航（,0,
135,IMG_057.jpg,/Users/lazywords/Code/高卡紫相关/QQ群相册/商务舱/images/IMG_057.jpg,夢疾風,2026年02月21日 11:32,2026.2.9 EK384 BKK-HKG 座位舒适度尚可，餐食一般，乘务组拉完了： 1.点餐时前菜仅有一款，但是你不和他特意说要就默认不给你上 2.极少巡舱，我的呼唤灯亮了十分钟没人管，直接去前面找乘务了 3.商务舱落地前送的巧克力居然左边过道座位有右边过道座位没有，不知道是发漏了还是不够了，给人气笑了 优点也是有的： 空中酒吧不错，适合聊天，特调多 曼谷休息室不错 两小时航班默认先在座位上给两瓶依云+一瓶巴黎水+MM豆+小吃，还有拖鞋眼罩，绝对不是吐槽某个深绿色廉航（,0,
136,IMG_058.jpg,/Users/lazywords/Code/高卡紫相关/QQ群相册/商务舱/images/IMG_058.jpg,夢疾風,2026年02月21日 11:32,2026.2.9 EK384 BKK-HKG 座位舒适度尚可，餐食一般，乘务组拉完了： 1.点餐时前菜仅有一款，但是你不和他特意说要就默认不给你上 2.极少巡舱，我的呼唤灯亮了十分钟没人管，直接去前面找乘务了 3.商务舱落地前送的巧克力居然左边过道座位有右边过道座位没有，不知道是发漏了还是不够了，给人气笑了 优点也是有的： 空中酒吧不错，适合聊天，特调多 曼谷休息室不错 两小时航班默认先在座位上给两瓶依云+一瓶巴黎水+MM豆+小吃，还有拖鞋眼罩，绝对不是吐槽某个深绿色廉航（,0,
137,IMG_059.jpg,/Users/lazywords/Code/高卡紫相关/QQ群相册/商务舱/images/IMG_059.jpg,夢疾風,2026年02月21日 11:32,2026.2.9 EK384 BKK-HKG 座位舒适度尚可，餐食一般，乘务组拉完了： 1.点餐时前菜仅有一款，但是你不和他特意说要就默认不给你上 2.极少巡舱，我的呼唤灯亮了十分钟没人管，直接去前面找乘务了 3.商务舱落地前送的巧克力居然左边过道座位有右边过道座位没有，不知道是发漏了还是不够了，给人气笑了 优点也是有的： 空中酒吧不错，适合聊天，特调多 曼谷休息室不错 两小时航班默认先在座位上给两瓶依云+一瓶巴黎水+MM豆+小吃，还有拖鞋眼罩，绝对不是吐槽某个深绿色廉航（,0,
138,IMG_060.jpg,/Users/lazywords/Code/高卡紫相关/QQ群相册/商务舱/images/IMG_060.jpg,夢疾風,2026年02月21日 11:32,2026.2.9 EK384 BKK-HKG 座位舒适度尚可，餐食一般，乘务组拉完了： 1.点餐时前菜仅有一款，但是你不和他特意说要就默认不给你上 2.极少巡舱，我的呼唤灯亮了十分钟没人管，直接去前面找乘务了 3.商务舱落地前送的巧克力居然左边过道座位有右边过道座位没有，不知道是发漏了还是不够了，给人气笑了 优点也是有的： 空中酒吧不错，适合聊天，特调多 曼谷休息室不错 两小时航班默认先在座位上给两瓶依云+一瓶巴黎水+MM豆+小吃，还有拖鞋眼罩，绝对不是吐槽某个深绿色廉航（,0,
139,IMG_061.jpg,/Users/lazywords/Code/高卡紫相关/QQ群相册/商务舱/images/IMG_061.jpg,夢疾風,2026年02月21日 11:32,2026.2.9 EK384 BKK-HKG 座位舒适度尚可，餐食一般，乘务组拉完了： 1.点餐时前菜仅有一款，但是你不和他特意说要就默认不给你上 2.极少巡舱，我的呼唤灯亮了十分钟没人管，直接去前面找乘务了 3.商务舱落地前送的巧克力居然左边过道座位有右边过道座位没有，不知道是发漏了还是不够了，给人气笑了 优点也是有的： 空中酒吧不错，适合聊天，特调多 曼谷休息室不错 两小时航班默认先在座位上给两瓶依云+一瓶巴黎水+MM豆+小吃，还有拖鞋眼罩，绝对不是吐槽某个深绿色廉航（,0,
140,IMG_062.jpg,/Users/lazywords/Code/高卡紫相关/QQ群相册/商务舱/images/IMG_062.jpg,夢疾風,2026年02月21日 11:32,2026.2.9 EK384 BKK-HKG 座位舒适度尚可，餐食一般，乘务组拉完了： 1.点餐时前菜仅有一款，但是你不和他特意说要就默认不给你上 2.极少巡舱，我的呼唤灯亮了十分钟没人管，直接去前面找乘务了 3.商务舱落地前送的巧克力居然左边过道座位有右边过道座位没有，不知道是发漏了还是不够了，给人气笑了 优点也是有的： 空中酒吧不错，适合聊天，特调多 曼谷休息室不错 两小时航班默认先在座位上给两瓶依云+一瓶巴黎水+MM豆+小吃，还有拖鞋眼罩，绝对不是吐槽某个深绿色廉航（,0,
141,IMG_063.jpg,/Users/lazywords/Code/高卡紫相关/QQ群相册/商务舱/images/IMG_063.jpg,夢疾風,2026年02月21日 11:32,2026.2.9 EK384 BKK-HKG 座位舒适度尚可，餐食一般，乘务组拉完了： 1.点餐时前菜仅有一款，但是你不和他特意说要就默认不给你上 2.极少巡舱，我的呼唤灯亮了十分钟没人管，直接去前面找乘务了 3.商务舱落地前送的巧克力居然左边过道座位有右边过道座位没有，不知道是发漏了还是不够了，给人气笑了 优点也是有的： 空中酒吧不错，适合聊天，特调多 曼谷休息室不错 两小时航班默认先在座位上给两瓶依云+一瓶巴黎水+MM豆+小吃，还有拖鞋眼罩，绝对不是吐槽某个深绿色廉航（,0,
142,IMG_064.jpg,/Users/lazywords/Code/高卡紫相关/QQ群相册/商务舱/images/IMG_064.jpg,夢疾風,2026年02月21日 11:32,2026.2.9 EK384 BKK-HKG 座位舒适度尚可，餐食一般，乘务组拉完了： 1.点餐时前菜仅有一款，但是你不和他特意说要就默认不给你上 2.极少巡舱，我的呼唤灯亮了十分钟没人管，直接去前面找乘务了 3.商务舱落地前送的巧克力居然左边过道座位有右边过道座位没有，不知道是发漏了还是不够了，给人气笑了 优点也是有的： 空中酒吧不错，适合聊天，特调多 曼谷休息室不错 两小时航班默认先在座位上给两瓶依云+一瓶巴黎水+MM豆+小吃，还有拖鞋眼罩，绝对不是吐槽某个深绿色廉航（,0,
143,IMG_065.jpg,/Users/lazywords/Code/高卡紫相关/QQ群相册/商务舱/images/IMG_065.jpg,夢疾風,2026年02月21日 11:32,2026.2.9 EK384 BKK-HKG 座位舒适度尚可，餐食一般，乘务组拉完了： 1.点餐时前菜仅有一款，但是你不和他特意说要就默认不给你上 2.极少巡舱，我的呼唤灯亮了十分钟没人管，直接去前面找乘务了 3.商务舱落地前送的巧克力居然左边过道座位有右边过道座位没有，不知道是发漏了还是不够了，给人气笑了 优点也是有的： 空中酒吧不错，适合聊天，特调多 曼谷休息室不错 两小时航班默认先在座位上给两瓶依云+一瓶巴黎水+MM豆+小吃，还有拖鞋眼罩，绝对不是吐槽某个深绿色廉航（,0,
144,IMG_066.jpg,/Users/lazywords/Code/高卡紫相关/QQ群相册/商务舱/images/IMG_066.jpg,夢疾風,2026年02月21日 11:32,2026.2.9 EK384 BKK-HKG 座位舒适度尚可，餐食一般，乘务组拉完了： 1.点餐时前菜仅有一款，但是你不和他特意说要就默认不给你上 2.极少巡舱，我的呼唤灯亮了十分钟没人管，直接去前面找乘务了 3.商务舱落地前送的巧克力居然左边过道座位有右边过道座位没有，不知道是发漏了还是不够了，给人气笑了 优点也是有的： 空中酒吧不错，适合聊天，特调多 曼谷休息室不错 两小时航班默认先在座位上给两瓶依云+一瓶巴黎水+MM豆+小吃，还有拖鞋眼罩，绝对不是吐槽某个深绿色廉航（,0,
145,IMG_067.jpg,/Users/lazywords/Code/高卡紫相关/QQ群相册/商务舱/images/IMG_067.jpg,夢疾風,2026年02月21日 11:32,2026.2.9 EK384 BKK-HKG 座位舒适度尚可，餐食一般，乘务组拉完了： 1.点餐时前菜仅有一款，但是你不和他特意说要就默认不给你上 2.极少巡舱，我的呼唤灯亮了十分钟没人管，直接去前面找乘务了 3.商务舱落地前送的巧克力居然左边过道座位有右边过道座位没有，不知道是发漏了还是不够了，给人气笑了 优点也是有的： 空中酒吧不错，适合聊天，特调多 曼谷休息室不错 两小时航班默认先在座位上给两瓶依云+一瓶巴黎水+MM豆+小吃，还有拖鞋眼罩，绝对不是吐槽某个深绿色廉航（,0,
146,IMG_068.jpg,/Users/lazywords/Code/高卡紫相关/QQ群相册/商务舱/images/IMG_068.jpg,夢疾風,2026年02月21日 11:32,2026.2.9 EK384 BKK-HKG 座位舒适度尚可，餐食一般，乘务组拉完了： 1.点餐时前菜仅有一款，但是你不和他特意说要就默认不给你上 2.极少巡舱，我的呼唤灯亮了十分钟没人管，直接去前面找乘务了 3.商务舱落地前送的巧克力居然左边过道座位有右边过道座位没有，不知道是发漏了还是不够了，给人气笑了 优点也是有的： 空中酒吧不错，适合聊天，特调多 曼谷休息室不错 两小时航班默认先在座位上给两瓶依云+一瓶巴黎水+MM豆+小吃，还有拖鞋眼罩，绝对不是吐槽某个深绿色廉航（,0,
147,IMG_069.jpg,/Users/lazywords/Code/高卡紫相关/QQ群相册/商务舱/images/IMG_069.jpg,夢疾風,2026年02月21日 11:32,2026.2.9 EK384 BKK-HKG 座位舒适度尚可，餐食一般，乘务组拉完了： 1.点餐时前菜仅有一款，但是你不和他特意说要就默认不给你上 2.极少巡舱，我的呼唤灯亮了十分钟没人管，直接去前面找乘务了 3.商务舱落地前送的巧克力居然左边过道座位有右边过道座位没有，不知道是发漏了还是不够了，给人气笑了 优点也是有的： 空中酒吧不错，适合聊天，特调多 曼谷休息室不错 两小时航班默认先在座位上给两瓶依云+一瓶巴黎水+MM豆+小吃，还有拖鞋眼罩，绝对不是吐槽某个深绿色廉航（,0,
148,IMG_070.jpg,/Users/lazywords/Code/高卡紫相关/QQ群相册/商务舱/images/IMG_070.jpg,夢疾風,2026年02月21日 11:32,2026.2.9 EK384 BKK-HKG 座位舒适度尚可，餐食一般，乘务组拉完了： 1.点餐时前菜仅有一款，但是你不和他特意说要就默认不给你上 2.极少巡舱，我的呼唤灯亮了十分钟没人管，直接去前面找乘务了 3.商务舱落地前送的巧克力居然左边过道座位有右边过道座位没有，不知道是发漏了还是不够了，给人气笑了 优点也是有的： 空中酒吧不错，适合聊天，特调多 曼谷休息室不错 两小时航班默认先在座位上给两瓶依云+一瓶巴黎水+MM豆+小吃，还有拖鞋眼罩，绝对不是吐槽某个深绿色廉航（,0,
149,IMG_071.jpg,/Users/lazywords/Code/高卡紫相关/QQ群相册/商务舱/images/IMG_071.jpg,夢疾風,2026年02月21日 11:32,2026.2.9 EK384 BKK-HKG 座位舒适度尚可，餐食一般，乘务组拉完了： 1.点餐时前菜仅有一款，但是你不和他特意说要就默认不给你上 2.极少巡舱，我的呼唤灯亮了十分钟没人管，直接去前面找乘务了 3.商务舱落地前送的巧克力居然左边过道座位有右边过道座位没有，不知道是发漏了还是不够了，给人气笑了 优点也是有的： 空中酒吧不错，适合聊天，特调多 曼谷休息室不错 两小时航班默认先在座位上给两瓶依云+一瓶巴黎水+MM豆+小吃，还有拖鞋眼罩，绝对不是吐槽某个深绿色廉航（,0,
150,IMG_072.jpg,/Users/lazywords/Code/高卡紫相关/QQ群相册/商务舱/images/IMG_072.jpg,夢疾風,2026年02月21日 11:32,2026.2.9 EK384 BKK-HKG 座位舒适度尚可，餐食一般，乘务组拉完了： 1.点餐时前菜仅有一款，但是你不和他特意说要就默认不给你上 2.极少巡舱，我的呼唤灯亮了十分钟没人管，直接去前面找乘务了 3.商务舱落地前送的巧克力居然左边过道座位有右边过道座位没有，不知道是发漏了还是不够了，给人气笑了 优点也是有的： 空中酒吧不错，适合聊天，特调多 曼谷休息室不错 两小时航班默认先在座位上给两瓶依云+一瓶巴黎水+MM豆+小吃，还有拖鞋眼罩，绝对不是吐槽某个深绿色廉航（,0,
151,IMG_073.jpg,/Users/lazywords/Code/高卡紫相关/QQ群相册/商务舱/images/IMG_073.jpg,夢疾風,2026年02月21日 11:32,2026.2.9 EK384 BKK-HKG 座位舒适度尚可，餐食一般，乘务组拉完了： 1.点餐时前菜仅有一款，但是你不和他特意说要就默认不给你上 2.极少巡舱，我的呼唤灯亮了十分钟没人管，直接去前面找乘务了 3.商务舱落地前送的巧克力居然左边过道座位有右边过道座位没有，不知道是发漏了还是不够了，给人气笑了 优点也是有的： 空中酒吧不错，适合聊天，特调多 曼谷休息室不错 两小时航班默认先在座位上给两瓶依云+一瓶巴黎水+MM豆+小吃，还有拖鞋眼罩，绝对不是吐槽某个深绿色廉航（,0,
152,IMG_074.jpg,/Users/lazywords/Code/高卡紫相关/QQ群相册/商务舱/images/IMG_074.jpg,夢疾風,2026年02月21日 11:32,2026.2.9 EK384 BKK-HKG 座位舒适度尚可，餐食一般，乘务组拉完了： 1.点餐时前菜仅有一款，但是你不和他特意说要就默认不给你上 2.极少巡舱，我的呼唤灯亮了十分钟没人管，直接去前面找乘务了 3.商务舱落地前送的巧克力居然左边过道座位有右边过道座位没有，不知道是发漏了还是不够了，给人气笑了 优点也是有的： 空中酒吧不错，适合聊天，特调多 曼谷休息室不错 两小时航班默认先在座位上给两瓶依云+一瓶巴黎水+MM豆+小吃，还有拖鞋眼罩，绝对不是吐槽某个深绿色廉航（,0,
153,IMG_075.jpg,/Users/lazywords/Code/高卡紫相关/QQ群相册/商务舱/images/IMG_075.jpg,夢疾風,2026年02月21日 11:32,2026.2.9 EK384 BKK-HKG 座位舒适度尚可，餐食一般，乘务组拉完了： 1.点餐时前菜仅有一款，但是你不和他特意说要就默认不给你上 2.极少巡舱，我的呼唤灯亮了十分钟没人管，直接去前面找乘务了 3.商务舱落地前送的巧克力居然左边过道座位有右边过道座位没有，不知道是发漏了还是不够了，给人气笑了 优点也是有的： 空中酒吧不错，适合聊天，特调多 曼谷休息室不错 两小时航班默认先在座位上给两瓶依云+一瓶巴黎水+MM豆+小吃，还有拖鞋眼罩，绝对不是吐槽某个深绿色廉航（,0,
154,IMG_076.jpg,/Users/lazywords/Code/高卡紫相关/QQ群相册/商务舱/images/IMG_076.jpg,夢疾風,2026年02月21日 11:32,2026.2.9 EK384 BKK-HKG 座位舒适度尚可，餐食一般，乘务组拉完了： 1.点餐时前菜仅有一款，但是你不和他特意说要就默认不给你上 2.极少巡舱，我的呼唤灯亮了十分钟没人管，直接去前面找乘务了 3.商务舱落地前送的巧克力居然左边过道座位有右边过道座位没有，不知道是发漏了还是不够了，给人气笑了 优点也是有的： 空中酒吧不错，适合聊天，特调多 曼谷休息室不错 两小时航班默认先在座位上给两瓶依云+一瓶巴黎水+MM豆+小吃，还有拖鞋眼罩，绝对不是吐槽某个深绿色廉航（,0,
155,IMG_077.jpg,/Users/lazywords/Code/高卡紫相关/QQ群相册/商务舱/images/IMG_077.jpg,夢疾風,2026年02月21日 11:32,2026.2.9 EK384 BKK-HKG 座位舒适度尚可，餐食一般，乘务组拉完了： 1.点餐时前菜仅有一款，但是你不和他特意说要就默认不给你上 2.极少巡舱，我的呼唤灯亮了十分钟没人管，直接去前面找乘务了 3.商务舱落地前送的巧克力居然左边过道座位有右边过道座位没有，不知道是发漏了还是不够了，给人气笑了 优点也是有的： 空中酒吧不错，适合聊天，特调多 曼谷休息室不错 两小时航班默认先在座位上给两瓶依云+一瓶巴黎水+MM豆+小吃，还有拖鞋眼罩，绝对不是吐槽某个深绿色廉航（,0,
156,IMG_078.jpg,/Users/lazywords/Code/高卡紫相关/QQ群相册/商务舱/images/IMG_078.jpg,夢疾風,2026年02月21日 11:32,2026.2.9 EK384 BKK-HKG 座位舒适度尚可，餐食一般，乘务组拉完了： 1.点餐时前菜仅有一款，但是你不和他特意说要就默认不给你上 2.极少巡舱，我的呼唤灯亮了十分钟没人管，直接去前面找乘务了 3.商务舱落地前送的巧克力居然左边过道座位有右边过道座位没有，不知道是发漏了还是不够了，给人气笑了 优点也是有的： 空中酒吧不错，适合聊天，特调多 曼谷休息室不错 两小时航班默认先在座位上给两瓶依云+一瓶巴黎水+MM豆+小吃，还有拖鞋眼罩，绝对不是吐槽某个深绿色廉航（,0,
157,IMG_079.jpg,/Users/lazywords/Code/高卡紫相关/QQ群相册/商务舱/images/IMG_079.jpg,夢疾風,2026年02月21日 11:32,2026.2.9 EK384 BKK-HKG 座位舒适度尚可，餐食一般，乘务组拉完了： 1.点餐时前菜仅有一款，但是你不和他特意说要就默认不给你上 2.极少巡舱，我的呼唤灯亮了十分钟没人管，直接去前面找乘务了 3.商务舱落地前送的巧克力居然左边过道座位有右边过道座位没有，不知道是发漏了还是不够了，给人气笑了 优点也是有的： 空中酒吧不错，适合聊天，特调多 曼谷休息室不错 两小时航班默认先在座位上给两瓶依云+一瓶巴黎水+MM豆+小吃，还有拖鞋眼罩，绝对不是吐槽某个深绿色廉航（,0,
158,IMG_080.jpg,/Users/lazywords/Code/高卡紫相关/QQ群相册/商务舱/images/IMG_080.jpg,夢疾風,2026年02月21日 11:32,2026.2.9 EK384 BKK-HKG 座位舒适度尚可，餐食一般，乘务组拉完了： 1.点餐时前菜仅有一款，但是你不和他特意说要就默认不给你上 2.极少巡舱，我的呼唤灯亮了十分钟没人管，直接去前面找乘务了 3.商务舱落地前送的巧克力居然左边过道座位有右边过道座位没有，不知道是发漏了还是不够了，给人气笑了 优点也是有的： 空中酒吧不错，适合聊天，特调多 曼谷休息室不错 两小时航班默认先在座位上给两瓶依云+一瓶巴黎水+MM豆+小吃，还有拖鞋眼罩，绝对不是吐槽某个深绿色廉航（,0,
159,IMG_081.jpg,/Users/lazywords/Code/高卡紫相关/QQ群相册/商务舱/images/IMG_081.jpg,夢疾風,2026年02月21日 11:32,2026.2.9 EK384 BKK-HKG 座位舒适度尚可，餐食一般，乘务组拉完了： 1.点餐时前菜仅有一款，但是你不和他特意说要就默认不给你上 2.极少巡舱，我的呼唤灯亮了十分钟没人管，直接去前面找乘务了 3.商务舱落地前送的巧克力居然左边过道座位有右边过道座位没有，不知道是发漏了还是不够了，给人气笑了 优点也是有的： 空中酒吧不错，适合聊天，特调多 曼谷休息室不错 两小时航班默认先在座位上给两瓶依云+一瓶巴黎水+MM豆+小吃，还有拖鞋眼罩，绝对不是吐槽某个深绿色廉航（,0,
160,IMG_082.jpg,/Users/lazywords/Code/高卡紫相关/QQ群相册/商务舱/images/IMG_082.jpg,夢疾風,2026年02月21日 11:32,2026.2.9 EK384 BKK-HKG 座位舒适度尚可，餐食一般，乘务组拉完了： 1.点餐时前菜仅有一款，但是你不和他特意说要就默认不给你上 2.极少巡舱，我的呼唤灯亮了十分钟没人管，直接去前面找乘务了 3.商务舱落地前送的巧克力居然左边过道座位有右边过道座位没有，不知道是发漏了还是不够了，给人气笑了 优点也是有的： 空中酒吧不错，适合聊天，特调多 曼谷休息室不错 两小时航班默认先在座位上给两瓶依云+一瓶巴黎水+MM豆+小吃，还有拖鞋眼罩，绝对不是吐槽某个深绿色廉航（,0,
161,IMG_083.jpg,/Users/lazywords/Code/高卡紫相关/QQ群相册/商务舱/images/IMG_083.jpg,夢疾風,2026年02月21日 11:32,2026.2.9 EK384 BKK-HKG 座位舒适度尚可，餐食一般，乘务组拉完了： 1.点餐时前菜仅有一款，但是你不和他特意说要就默认不给你上 2.极少巡舱，我的呼唤灯亮了十分钟没人管，直接去前面找乘务了 3.商务舱落地前送的巧克力居然左边过道座位有右边过道座位没有，不知道是发漏了还是不够了，给人气笑了 优点也是有的： 空中酒吧不错，适合聊天，特调多 曼谷休息室不错 两小时航班默认先在座位上给两瓶依云+一瓶巴黎水+MM豆+小吃，还有拖鞋眼罩，绝对不是吐槽某个深绿色廉航（,0,
162,IMG_084.jpg,/Users/lazywords/Code/高卡紫相关/QQ群相册/商务舱/images/IMG_084.jpg,夢疾風,2026年02月21日 11:32,2026.2.9 EK384 BKK-HKG 座位舒适度尚可，餐食一般，乘务组拉完了： 1.点餐时前菜仅有一款，但是你不和他特意说要就默认不给你上 2.极少巡舱，我的呼唤灯亮了十分钟没人管，直接去前面找乘务了 3.商务舱落地前送的巧克力居然左边过道座位有右边过道座位没有，不知道是发漏了还是不够了，给人气笑了 优点也是有的： 空中酒吧不错，适合聊天，特调多 曼谷休息室不错 两小时航班默认先在座位上给两瓶依云+一瓶巴黎水+MM豆+小吃，还有拖鞋眼罩，绝对不是吐槽某个深绿色廉航（,0,
163,IMG_085.jpg,/Users/lazywords/Code/高卡紫相关/QQ群相册/商务舱/images/IMG_085.jpg,夢疾風,2026年02月21日 11:32,2026.2.9 EK384 BKK-HKG 座位舒适度尚可，餐食一般，乘务组拉完了： 1.点餐时前菜仅有一款，但是你不和他特意说要就默认不给你上 2.极少巡舱，我的呼唤灯亮了十分钟没人管，直接去前面找乘务了 3.商务舱落地前送的巧克力居然左边过道座位有右边过道座位没有，不知道是发漏了还是不够了，给人气笑了 优点也是有的： 空中酒吧不错，适合聊天，特调多 曼谷休息室不错 两小时航班默认先在座位上给两瓶依云+一瓶巴黎水+MM豆+小吃，还有拖鞋眼罩，绝对不是吐槽某个深绿色廉航（,0,
164,IMG_086.jpg,/Users/lazywords/Code/高卡紫相关/QQ群相册/商务舱/images/IMG_086.jpg,夢疾風,2026年02月21日 11:32,2026.2.9 EK384 BKK-HKG 座位舒适度尚可，餐食一般，乘务组拉完了： 1.点餐时前菜仅有一款，但是你不和他特意说要就默认不给你上 2.极少巡舱，我的呼唤灯亮了十分钟没人管，直接去前面找乘务了 3.商务舱落地前送的巧克力居然左边过道座位有右边过道座位没有，不知道是发漏了还是不够了，给人气笑了 优点也是有的： 空中酒吧不错，适合聊天，特调多 曼谷休息室不错 两小时航班默认先在座位上给两瓶依云+一瓶巴黎水+MM豆+小吃，还有拖鞋眼罩，绝对不是吐槽某个深绿色廉航（,0,
165,IMG_087.jpg,/Users/lazywords/Code/高卡紫相关/QQ群相册/商务舱/images/IMG_087.jpg,夢疾風,2026年02月21日 11:32,2026.2.9 EK384 BKK-HKG 座位舒适度尚可，餐食一般，乘务组拉完了： 1.点餐时前菜仅有一款，但是你不和他特意说要就默认不给你上 2.极少巡舱，我的呼唤灯亮了十分钟没人管，直接去前面找乘务了 3.商务舱落地前送的巧克力居然左边过道座位有右边过道座位没有，不知道是发漏了还是不够了，给人气笑了 优点也是有的： 空中酒吧不错，适合聊天，特调多 曼谷休息室不错 两小时航班默认先在座位上给两瓶依云+一瓶巴黎水+MM豆+小吃，还有拖鞋眼罩，绝对不是吐槽某个深绿色廉航（,0,
166,IMG_088.jpg,/Users/lazywords/Code/高卡紫相关/QQ群相册/商务舱/images/IMG_088.jpg,夢疾風,2026年02月21日 11:32,2026.2.9 EK384 BKK-HKG 座位舒适度尚可，餐食一般，乘务组拉完了： 1.点餐时前菜仅有一款，但是你不和他特意说要就默认不给你上 2.极少巡舱，我的呼唤灯亮了十分钟没人管，直接去前面找乘务了 3.商务舱落地前送的巧克力居然左边过道座位有右边过道座位没有，不知道是发漏了还是不够了，给人气笑了 优点也是有的： 空中酒吧不错，适合聊天，特调多 曼谷休息室不错 两小时航班默认先在座位上给两瓶依云+一瓶巴黎水+MM豆+小吃，还有拖鞋眼罩，绝对不是吐槽某个深绿色廉航（,0,
167,IMG_089.jpg,/Users/lazywords/Code/高卡紫相关/QQ群相册/商务舱/images/IMG_089.jpg,夢疾風,2026年02月21日 11:32,2026.2.9 EK384 BKK-HKG 座位舒适度尚可，餐食一般，乘务组拉完了： 1.点餐时前菜仅有一款，但是你不和他特意说要就默认不给你上 2.极少巡舱，我的呼唤灯亮了十分钟没人管，直接去前面找乘务了 3.商务舱落地前送的巧克力居然左边过道座位有右边过道座位没有，不知道是发漏了还是不够了，给人气笑了 优点也是有的： 空中酒吧不错，适合聊天，特调多 曼谷休息室不错 两小时航班默认先在座位上给两瓶依云+一瓶巴黎水+MM豆+小吃，还有拖鞋眼罩，绝对不是吐槽某个深绿色廉航（,0,
168,IMG_090.jpg,/Users/lazywords/Code/高卡紫相关/QQ群相册/商务舱/images/IMG_090.jpg,夢疾風,2026年02月21日 11:32,2026.2.9 EK384 BKK-HKG 座位舒适度尚可，餐食一般，乘务组拉完了： 1.点餐时前菜仅有一款，但是你不和他特意说要就默认不给你上 2.极少巡舱，我的呼唤灯亮了十分钟没人管，直接去前面找乘务了 3.商务舱落地前送的巧克力居然左边过道座位有右边过道座位没有，不知道是发漏了还是不够了，给人气笑了 优点也是有的： 空中酒吧不错，适合聊天，特调多 曼谷休息室不错 两小时航班默认先在座位上给两瓶依云+一瓶巴黎水+MM豆+小吃，还有拖鞋眼罩，绝对不是吐槽某个深绿色廉航（,0,
169,IMG_091.jpg,/Users/lazywords/Code/高卡紫相关/QQ群相册/商务舱/images/IMG_091.jpg,夢疾風,2026年02月21日 11:32,2026.2.9 EK384 BKK-HKG 座位舒适度尚可，餐食一般，乘务组拉完了： 1.点餐时前菜仅有一款，但是你不和他特意说要就默认不给你上 2.极少巡舱，我的呼唤灯亮了十分钟没人管，直接去前面找乘务了 3.商务舱落地前送的巧克力居然左边过道座位有右边过道座位没有，不知道是发漏了还是不够了，给人气笑了 优点也是有的： 空中酒吧不错，适合聊天，特调多 曼谷休息室不错 两小时航班默认先在座位上给两瓶依云+一瓶巴黎水+MM豆+小吃，还有拖鞋眼罩，绝对不是吐槽某个深绿色廉航（,0,
170,IMG_092.jpg,/Users/lazywords/Code/高卡紫相关/QQ群相册/商务舱/images/IMG_092.jpg,夢疾風,2026年02月21日 11:32,2026.2.9 EK384 BKK-HKG 座位舒适度尚可，餐食一般，乘务组拉完了： 1.点餐时前菜仅有一款，但是你不和他特意说要就默认不给你上 2.极少巡舱，我的呼唤灯亮了十分钟没人管，直接去前面找乘务了 3.商务舱落地前送的巧克力居然左边过道座位有右边过道座位没有，不知道是发漏了还是不够了，给人气笑了 优点也是有的： 空中酒吧不错，适合聊天，特调多 曼谷休息室不错 两小时航班默认先在座位上给两瓶依云+一瓶巴黎水+MM豆+小吃，还有拖鞋眼罩，绝对不是吐槽某个深绿色廉航（,0,
171,IMG_093.jpg,/Users/lazywords/Code/高卡紫相关/QQ群相册/商务舱/images/IMG_093.jpg,夢疾風,2026年02月21日 11:32,2026.2.9 EK384 BKK-HKG 座位舒适度尚可，餐食一般，乘务组拉完了： 1.点餐时前菜仅有一款，但是你不和他特意说要就默认不给你上 2.极少巡舱，我的呼唤灯亮了十分钟没人管，直接去前面找乘务了 3.商务舱落地前送的巧克力居然左边过道座位有右边过道座位没有，不知道是发漏了还是不够了，给人气笑了 优点也是有的： 空中酒吧不错，适合聊天，特调多 曼谷休息室不错 两小时航班默认先在座位上给两瓶依云+一瓶巴黎水+MM豆+小吃，还有拖鞋眼罩，绝对不是吐槽某个深绿色廉航（,0,
172,IMG_094.jpg,/Users/lazywords/Code/高卡紫相关/QQ群相册/商务舱/images/IMG_094.jpg,夢疾風,2026年02月21日 11:32,2026.2.9 EK384 BKK-HKG 座位舒适度尚可，餐食一般，乘务组拉完了： 1.点餐时前菜仅有一款，但是你不和他特意说要就默认不给你上 2.极少巡舱，我的呼唤灯亮了十分钟没人管，直接去前面找乘务了 3.商务舱落地前送的巧克力居然左边过道座位有右边过道座位没有，不知道是发漏了还是不够了，给人气笑了 优点也是有的： 空中酒吧不错，适合聊天，特调多 曼谷休息室不错 两小时航班默认先在座位上给两瓶依云+一瓶巴黎水+MM豆+小吃，还有拖鞋眼罩，绝对不是吐槽某个深绿色廉航（,0,
173,IMG_095.jpg,/Users/lazywords/Code/高卡紫相关/QQ群相册/商务舱/images/IMG_095.jpg,夢疾風,2026年02月21日 11:32,2026.2.9 EK384 BKK-HKG 座位舒适度尚可，餐食一般，乘务组拉完了： 1.点餐时前菜仅有一款，但是你不和他特意说要就默认不给你上 2.极少巡舱，我的呼唤灯亮了十分钟没人管，直接去前面找乘务了 3.商务舱落地前送的巧克力居然左边过道座位有右边过道座位没有，不知道是发漏了还是不够了，给人气笑了 优点也是有的： 空中酒吧不错，适合聊天，特调多 曼谷休息室不错 两小时航班默认先在座位上给两瓶依云+一瓶巴黎水+MM豆+小吃，还有拖鞋眼罩，绝对不是吐槽某个深绿色廉航（,0,
174,IMG_096.jpg,/Users/lazywords/Code/高卡紫相关/QQ群相册/商务舱/images/IMG_096.jpg,夢疾風,2026年02月21日 11:32,2026.2.9 EK384 BKK-HKG 座位舒适度尚可，餐食一般，乘务组拉完了： 1.点餐时前菜仅有一款，但是你不和他特意说要就默认不给你上 2.极少巡舱，我的呼唤灯亮了十分钟没人管，直接去前面找乘务了 3.商务舱落地前送的巧克力居然左边过道座位有右边过道座位没有，不知道是发漏了还是不够了，给人气笑了 优点也是有的： 空中酒吧不错，适合聊天，特调多 曼谷休息室不错 两小时航班默认先在座位上给两瓶依云+一瓶巴黎水+MM豆+小吃，还有拖鞋眼罩，绝对不是吐槽某个深绿色廉航（,0,
175,IMG_097.jpg,/Users/lazywords/Code/高卡紫相关/QQ群相册/商务舱/images/IMG_097.jpg,夢疾風,2026年02月21日 11:32,2026.2.9 EK384 BKK-HKG 座位舒适度尚可，餐食一般，乘务组拉完了： 1.点餐时前菜仅有一款，但是你不和他特意说要就默认不给你上 2.极少巡舱，我的呼唤灯亮了十分钟没人管，直接去前面找乘务了 3.商务舱落地前送的巧克力居然左边过道座位有右边过道座位没有，不知道是发漏了还是不够了，给人气笑了 优点也是有的： 空中酒吧不错，适合聊天，特调多 曼谷休息室不错 两小时航班默认先在座位上给两瓶依云+一瓶巴黎水+MM豆+小吃，还有拖鞋眼罩，绝对不是吐槽某个深绿色廉航（,0,
176,IMG_098.jpg,/Users/lazywords/Code/高卡紫相关/QQ群相册/商务舱/images/IMG_098.jpg,夢疾風,2026年02月21日 11:32,2026.2.9 EK384 BKK-HKG 座位舒适度尚可，餐食一般，乘务组拉完了： 1.点餐时前菜仅有一款，但是你不和他特意说要就默认不给你上 2.极少巡舱，我的呼唤灯亮了十分钟没人管，直接去前面找乘务了 3.商务舱落地前送的巧克力居然左边过道座位有右边过道座位没有，不知道是发漏了还是不够了，给人气笑了 优点也是有的： 空中酒吧不错，适合聊天，特调多 曼谷休息室不错 两小时航班默认先在座位上给两瓶依云+一瓶巴黎水+MM豆+小吃，还有拖鞋眼罩，绝对不是吐槽某个深绿色廉航（,0,
177,IMG_099.jpg,/Users/lazywords/Code/高卡紫相关/QQ群相册/商务舱/images/IMG_099.jpg,夢疾風,2026年02月21日 11:32,2026.2.9 EK384 BKK-HKG 座位舒适度尚可，餐食一般，乘务组拉完了： 1.点餐时前菜仅有一款，但是你不和他特意说要就默认不给你上 2.极少巡舱，我的呼唤灯亮了十分钟没人管，直接去前面找乘务了 3.商务舱落地前送的巧克力居然左边过道座位有右边过道座位没有，不知道是发漏了还是不够了，给人气笑了 优点也是有的： 空中酒吧不错，适合聊天，特调多 曼谷休息室不错 两小时航班默认先在座位上给两瓶依云+一瓶巴黎水+MM豆+小吃，还有拖鞋眼罩，绝对不是吐槽某个深绿色廉航（,0,
178,IMG_100.jpg,/Users/lazywords/Code/高卡紫相关/QQ群相册/商务舱/images/IMG_100.jpg,夢疾風,2026年02月21日 11:32,2026.2.9 EK384 BKK-HKG 座位舒适度尚可，餐食一般，乘务组拉完了： 1.点餐时前菜仅有一款，但是你不和他特意说要就默认不给你上 2.极少巡舱，我的呼唤灯亮了十分钟没人管，直接去前面找乘务了 3.商务舱落地前送的巧克力居然左边过道座位有右边过道座位没有，不知道是发漏了还是不够了，给人气笑了 优点也是有的： 空中酒吧不错，适合聊天，特调多 曼谷休息室不错 两小时航班默认先在座位上给两瓶依云+一瓶巴黎水+MM豆+小吃，还有拖鞋眼罩，绝对不是吐槽某个深绿色廉航（,0,
179,IMG_101.jpg,/Users/lazywords/Code/高卡紫相关/QQ群相册/商务舱/images/IMG_101.jpg,夢疾風,2026年02月21日 11:32,2026.2.9 EK384 BKK-HKG 座位舒适度尚可，餐食一般，乘务组拉完了： 1.点餐时前菜仅有一款，但是你不和他特意说要就默认不给你上 2.极少巡舱，我的呼唤灯亮了十分钟没人管，直接去前面找乘务了 3.商务舱落地前送的巧克力居然左边过道座位有右边过道座位没有，不知道是发漏了还是不够了，给人气笑了 优点也是有的： 空中酒吧不错，适合聊天，特调多 曼谷休息室不错 两小时航班默认先在座位上给两瓶依云+一瓶巴黎水+MM豆+小吃，还有拖鞋眼罩，绝对不是吐槽某个深绿色廉航（,0,
180,IMG_102.jpg,/Users/lazywords/Code/高卡紫相关/QQ群相册/商务舱/images/IMG_102.jpg,夢疾風,2026年02月21日 11:32,2026.2.9 EK384 BKK-HKG 座位舒适度尚可，餐食一般，乘务组拉完了： 1.点餐时前菜仅有一款，但是你不和他特意说要就默认不给你上 2.极少巡舱，我的呼唤灯亮了十分钟没人管，直接去前面找乘务了 3.商务舱落地前送的巧克力居然左边过道座位有右边过道座位没有，不知道是发漏了还是不够了，给人气笑了 优点也是有的： 空中酒吧不错，适合聊天，特调多 曼谷休息室不错 两小时航班默认先在座位上给两瓶依云+一瓶巴黎水+MM豆+小吃，还有拖鞋眼罩，绝对不是吐槽某个深绿色廉航（,0,
181,FBFF9315-9A65-42C0-88B7-55F3627B719D_big.jpg,/Users/lazywords/Code/高卡紫相关/QQ群相册/商务舱/images/FBFF9315-9A65-42C0-88B7-55F3627B719D_big.jpg,Gunmen,2026年03月03日 20:02,国泰,0,
182,CC838BBC-0206-4D15-91FA-D2A6D96016AE_big.jpg,/Users/lazywords/Code/高卡紫相关/QQ群相册/商务舱/images/CC838BBC-0206-4D15-91FA-D2A6D96016AE_big.jpg,Gunmen,2026年03月03日 20:02,国泰,0,
183,AE35D5DF-92B3-48C5-B6B8-DECEC0C78AA4_big.jpg,/Users/lazywords/Code/高卡紫相关/QQ群相册/商务舱/images/AE35D5DF-92B3-48C5-B6B8-DECEC0C78AA4_big.jpg,Gunmen,2026年03月03日 20:02,国泰,0,
184,846785C1-2C31-4B5E-8C44-1DA1933F548F_big.jpg,/Users/lazywords/Code/高卡紫相关/QQ群相册/商务舱/images/846785C1-2C31-4B5E-8C44-1DA1933F548F_big.jpg,Gunmen,2026年03月03日 20:02,国泰,0,
185,V5bCQAzNzcxNDQ5OTZHyKZpATpqNw!!.jpg,/Users/lazywords/Code/高卡紫相关/QQ群相册/商务舱/images/V5bCQAzNzcxNDQ5OTZHyKZpATpqNw!!.jpg,Neo,2026年03月03日 19:38,mu5433 晚班没有正餐，点心超级难吃,0,
186,V5bCQAzNzcxNDQ5OTZGyKZpnzJqNw!!.jpg,/Users/lazywords/Code/高卡紫相关/QQ群相册/商务舱/images/V5bCQAzNzcxNDQ5OTZGyKZpnzJqNw!!.jpg,Neo,2026年03月03日 19:38,mu5433 晚班没有正餐，点心超级难吃,0,
187,V5bCQAzNzcxNDQ5OTZAx6Zp.RbFJw!!,/Users/lazywords/Code/高卡紫相关/QQ群相册/商务舱/images/V5bCQAzNzcxNDQ5OTZAx6Zp.RbFJw!!,锑星_超盐酸,2026年03月03日 19:34,东航mu2168 33J,0,
188,V5bCQAzNzcxNDQ5OTY_x6ZpJsvEJw!!.jpg,/Users/lazywords/Code/高卡紫相关/QQ群相册/商务舱/images/V5bCQAzNzcxNDQ5OTY_x6ZpJsvEJw!!.jpg,锑星_超盐酸,2026年03月03日 19:34,东航mu2168 33J,0,
189,70C9413C-EC37-4376-8414-97065ADC96F9_hd.jpg,/Users/lazywords/Code/高卡紫相关/QQ群相册/商务舱/images/70C9413C-EC37-4376-8414-97065ADC96F9_hd.jpg,Soyuz,2026年03月03日 19:33,深航平躺A321,0,
190,6932EF52-46A3-4464-995D-C7E1C758D164_hd.jpg,/Users/lazywords/Code/高卡紫相关/QQ群相册/商务舱/images/6932EF52-46A3-4464-995D-C7E1C758D164_hd.jpg,Soyuz,2026年03月03日 19:33,深航平躺A321,0,
191,0211EB49-EB21-45AA-9CF7-19DDC3313A91_big.jpg,/Users/lazywords/Code/高卡紫相关/QQ群相册/商务舱/images/0211EB49-EB21-45AA-9CF7-19DDC3313A91_big.jpg,Pend,2026年03月03日 19:31,东航 波音 737biz,0,
192,CD15B3C6-E88B-4FDC-86E8-60A93DF7B36A_big.jpg,/Users/lazywords/Code/高卡紫相关/QQ群相册/商务舱/images/CD15B3C6-E88B-4FDC-86E8-60A93DF7B36A_big.jpg,Pend,2026年03月03日 19:31,东航 波音 737biz,0,
193,V5bCQAzNzcxNDQ5OTZhxqZpciYvGw!!.jpg,/Users/lazywords/Code/高卡紫相关/QQ群相册/商务舱/images/V5bCQAzNzcxNDQ5OTZhxqZpciYvGw!!.jpg,Neo,2026年03月03日 19:30,JL89,0,
194,V5bCQAzNzcxNDQ5OTZgxqZpgt6kGw!!.jpg,/Users/lazywords/Code/高卡紫相关/QQ群相册/商务舱/images/V5bCQAzNzcxNDQ5OTZgxqZpgt6kGw!!.jpg,Neo,2026年03月03日 19:30,JL89,0,
195,V5bCQAzNzcxNDQ5OTZfxqZpNirhGg!!.jpg,/Users/lazywords/Code/高卡紫相关/QQ群相册/商务舱/images/V5bCQAzNzcxNDQ5OTZfxqZpNirhGg!!.jpg,Neo,2026年03月03日 19:30,JL89,0,
196,21E4C5AD-9C92-48F9-8873-381600BAC5CC_big.jpg,/Users/lazywords/Code/高卡紫相关/QQ群相册/商务舱/images/21E4C5AD-9C92-48F9-8873-381600BAC5CC_big.jpg,Pend,2026年03月03日 19:27,东航 空客 350 biz,0,
197,7ABA767C-D26D-45FF-BBE3-EF14BA86CEB0_big.jpg,/Users/lazywords/Code/高卡紫相关/QQ群相册/商务舱/images/7ABA767C-D26D-45FF-BBE3-EF14BA86CEB0_big.jpg,Pend,2026年03月03日 19:27,东航 空客 350 biz,0,
198,4E6B1B1F-A4C9-4B13-AC99-F0D5C612083B_big.jpg,/Users/lazywords/Code/高卡紫相关/QQ群相册/商务舱/images/4E6B1B1F-A4C9-4B13-AC99-F0D5C612083B_big.jpg,Pend,2026年03月03日 19:27,东航 空客 350 biz,0,
199,D26A66B3-EB22-47F9-9363-6EDA4D13D802_big.jpg,/Users/lazywords/Code/高卡紫相关/QQ群相册/商务舱/images/D26A66B3-EB22-47F9-9363-6EDA4D13D802_big.jpg,Pend,2026年03月03日 19:27,东航 空客 350 biz,0,
200,4B7C9B72-75F6-4C90-827D-6257A63B9728_big.jpg,/Users/lazywords/Code/高卡紫相关/QQ群相册/商务舱/images/4B7C9B72-75F6-4C90-827D-6257A63B9728_big.jpg,Achthundert zehn,2026年03月03日 18:26,nh962，登机口临时升舱[em]e10297[/em],0,
201,2FF5D077-7D5F-4B0C-A2DC-C7999642F5F6_big.jpg,/Users/lazywords/Code/高卡紫相关/QQ群相册/商务舱/images/2FF5D077-7D5F-4B0C-A2DC-C7999642F5F6_big.jpg,Achthundert zehn,2026年03月03日 18:26,nh962，登机口临时升舱[em]e10297[/em],0,
202,9EE72946-4E8F-43A6-9618-64DADD4255B5_big.jpg,/Users/lazywords/Code/高卡紫相关/QQ群相册/商务舱/images/9EE72946-4E8F-43A6-9618-64DADD4255B5_big.jpg,Achthundert zehn,2026年03月03日 18:26,nh962，登机口临时升舱[em]e10297[/em],0,
203,56BE7520-5C58-4D24-B6B1-3DA91A89B514_big.jpg,/Users/lazywords/Code/高卡紫相关/QQ群相册/商务舱/images/56BE7520-5C58-4D24-B6B1-3DA91A89B514_big.jpg,Achthundert zehn,2026年03月03日 18:26,nh962，登机口临时升舱[em]e10297[/em],0,
204,56FF3B85-5D37-4C03-B05C-945DF881772B_big.jpg,/Users/lazywords/Code/高卡紫相关/QQ群相册/商务舱/images/56FF3B85-5D37-4C03-B05C-945DF881772B_big.jpg,Achthundert zehn,2026年03月03日 18:26,nh962，登机口临时升舱[em]e10297[/em],0,
205,V5bCQAzNzcxNDQ5OTZChKFpc0sZMg!!.jpg,/Users/lazywords/Code/高卡紫相关/QQ群相册/商务舱/images/V5bCQAzNzcxNDQ5OTZChKFpc0sZMg!!.jpg,自囿民,2026年02月27日 19:47,JL022 PEK-HND JAL有mygo剧场版，很好 晚饭其实没吃饱，后来喝绿茶喝饱的 PTV操作逻辑比较抽象，一般是黑屏，通过触屏遥控器操作，但灵敏度很低，有点折磨,0,
206,V5bCQAzNzcxNDQ5OTZBhKFpHBIGMg!!.jpg,/Users/lazywords/Code/高卡紫相关/QQ群相册/商务舱/images/V5bCQAzNzcxNDQ5OTZBhKFpHBIGMg!!.jpg,自囿民,2026年02月27日 19:47,JL022 PEK-HND JAL有mygo剧场版，很好 晚饭其实没吃饱，后来喝绿茶喝饱的 PTV操作逻辑比较抽象，一般是黑屏，通过触屏遥控器操作，但灵敏度很低，有点折磨,0,
207,V5bCQAzNzcxNDQ5OTZAhKFpLMwaMg!!.jpg,/Users/lazywords/Code/高卡紫相关/QQ群相册/商务舱/images/V5bCQAzNzcxNDQ5OTZAhKFpLMwaMg!!.jpg,自囿民,2026年02月27日 19:47,JL022 PEK-HND JAL有mygo剧场版，很好 晚饭其实没吃饱，后来喝绿茶喝饱的 PTV操作逻辑比较抽象，一般是黑屏，通过触屏遥控器操作，但灵敏度很低，有点折磨,0,
208,V5bCQAzNzcxNDQ5OTY_hKFpWz8VMg!!.jpg,/Users/lazywords/Code/高卡紫相关/QQ群相册/商务舱/images/V5bCQAzNzcxNDQ5OTY_hKFpWz8VMg!!.jpg,自囿民,2026年02月27日 19:47,JL022 PEK-HND JAL有mygo剧场版，很好 晚饭其实没吃饱，后来喝绿茶喝饱的 PTV操作逻辑比较抽象，一般是黑屏，通过触屏遥控器操作，但灵敏度很低，有点折磨,0,
209,V5bCQAzNzcxNDQ5OTY.hKFp9qVDMg!!,/Users/lazywords/Code/高卡紫相关/QQ群相册/商务舱/images/V5bCQAzNzcxNDQ5OTY.hKFp9qVDMg!!,自囿民,2026年02月27日 19:47,JL022 PEK-HND JAL有mygo剧场版，很好 晚饭其实没吃饱，后来喝绿茶喝饱的 PTV操作逻辑比较抽象，一般是黑屏，通过触屏遥控器操作，但灵敏度很低，有点折磨,0,
210,V5bCQAzNzcxNDQ5OTY9hKFpyK9EMg!!.jpg,/Users/lazywords/Code/高卡紫相关/QQ群相册/商务舱/images/V5bCQAzNzcxNDQ5OTY9hKFpyK9EMg!!.jpg,自囿民,2026年02月27日 19:47,JL022 PEK-HND JAL有mygo剧场版，很好 晚饭其实没吃饱，后来喝绿茶喝饱的 PTV操作逻辑比较抽象，一般是黑屏，通过触屏遥控器操作，但灵敏度很低，有点折磨,0,
211,EC534F12-BD27-442E-8524-71B4DBA028A9_hd.jpg,/Users/lazywords/Code/高卡紫相关/QQ群相册/商务舱/images/EC534F12-BD27-442E-8524-71B4DBA028A9_hd.jpg,M-Licinivs-Crassvs,2026年02月27日 09:25,CX548 HKG-HND 国泰777的尔雅商务舱相较于老359和35K的商务舱拥有充足的储物空间和可以调整位置的小桌板。 4K分辨率的PTV操作非常流畅，以及可以查看当前舱位的卫生间的使用情况，这点做的很好。 餐食属于简餐，看上去一般但是味道意外的还不错（是我坐CX以来吃到过最满意的一次） 这款座位的缺点在于配备的隐私门不是很好操作，需要喊乘务员协助关闭,0,
212,89290E97-5511-43EA-968B-3150880C608E_hd.jpg,/Users/lazywords/Code/高卡紫相关/QQ群相册/商务舱/images/89290E97-5511-43EA-968B-3150880C608E_hd.jpg,M-Licinivs-Crassvs,2026年02月27日 09:25,CX548 HKG-HND 国泰777的尔雅商务舱相较于老359和35K的商务舱拥有充足的储物空间和可以调整位置的小桌板。 4K分辨率的PTV操作非常流畅，以及可以查看当前舱位的卫生间的使用情况，这点做的很好。 餐食属于简餐，看上去一般但是味道意外的还不错（是我坐CX以来吃到过最满意的一次） 这款座位的缺点在于配备的隐私门不是很好操作，需要喊乘务员协助关闭,0,
213,9DC5281A-CEB5-41F7-B648-3F4B618A8814_hd.jpg,/Users/lazywords/Code/高卡紫相关/QQ群相册/商务舱/images/9DC5281A-CEB5-41F7-B648-3F4B618A8814_hd.jpg,M-Licinivs-Crassvs,2026年02月27日 09:25,CX548 HKG-HND 国泰777的尔雅商务舱相较于老359和35K的商务舱拥有充足的储物空间和可以调整位置的小桌板。 4K分辨率的PTV操作非常流畅，以及可以查看当前舱位的卫生间的使用情况，这点做的很好。 餐食属于简餐，看上去一般但是味道意外的还不错（是我坐CX以来吃到过最满意的一次） 这款座位的缺点在于配备的隐私门不是很好操作，需要喊乘务员协助关闭,0,
214,5B44A96E-B63A-4CBF-A9E7-73A4EF53B76F_hd.jpg,/Users/lazywords/Code/高卡紫相关/QQ群相册/商务舱/images/5B44A96E-B63A-4CBF-A9E7-73A4EF53B76F_hd.jpg,M-Licinivs-Crassvs,2026年02月26日 06:56,CX216 MAN-HKG 国泰的正餐一如既往的拉胯 早餐的粥倒是可圈可点 以及Cathay Delight需要抢着喝，跟JAL一个毛病,0,
215,E1EFA653-E9F1-4A36-A217-9396BDBBB453_hd.jpg,/Users/lazywords/Code/高卡紫相关/QQ群相册/商务舱/images/E1EFA653-E9F1-4A36-A217-9396BDBBB453_hd.jpg,M-Licinivs-Crassvs,2026年02月26日 06:56,CX216 MAN-HKG 国泰的正餐一如既往的拉胯 早餐的粥倒是可圈可点 以及Cathay Delight需要抢着喝，跟JAL一个毛病,0,
216,7225AFC7-A6F0-412B-81C0-84EA874A8B54_hd.jpg,/Users/lazywords/Code/高卡紫相关/QQ群相册/商务舱/images/7225AFC7-A6F0-412B-81C0-84EA874A8B54_hd.jpg,M-Licinivs-Crassvs,2026年02月26日 06:56,CX216 MAN-HKG 国泰的正餐一如既往的拉胯 早餐的粥倒是可圈可点 以及Cathay Delight需要抢着喝，跟JAL一个毛病,0,
217,B4B01A90-0CB1-4B49-84B0-E54AE6967013_hd.jpg,/Users/lazywords/Code/高卡紫相关/QQ群相册/商务舱/images/B4B01A90-0CB1-4B49-84B0-E54AE6967013_hd.jpg,M-Licinivs-Crassvs,2026年02月26日 06:56,CX216 MAN-HKG 国泰的正餐一如既往的拉胯 早餐的粥倒是可圈可点 以及Cathay Delight需要抢着喝，跟JAL一个毛病,0,
218,9730B538-7F9C-4F2C-A4B1-5E9799BFF30B_hd.jpg,/Users/lazywords/Code/高卡紫相关/QQ群相册/商务舱/images/9730B538-7F9C-4F2C-A4B1-5E9799BFF30B_hd.jpg,M-Licinivs-Crassvs,2026年02月26日 06:56,CX216 MAN-HKG 国泰的正餐一如既往的拉胯 早餐的粥倒是可圈可点 以及Cathay Delight需要抢着喝，跟JAL一个毛病,0,
219,4F542059-275F-43CF-8EDA-6BFC9DE46778_hd.jpg,/Users/lazywords/Code/高卡紫相关/QQ群相册/商务舱/images/4F542059-275F-43CF-8EDA-6BFC9DE46778_hd.jpg,M-Licinivs-Crassvs,2026年02月26日 06:56,CX216 MAN-HKG 国泰的正餐一如既往的拉胯 早餐的粥倒是可圈可点 以及Cathay Delight需要抢着喝，跟JAL一个毛病,0,
220,D51A1395-7A8B-4B44-90E7-C9F8B516C7A7_hd.jpg,/Users/lazywords/Code/高卡紫相关/QQ群相册/商务舱/images/D51A1395-7A8B-4B44-90E7-C9F8B516C7A7_hd.jpg,M-Licinivs-Crassvs,2026年02月26日 06:56,CX216 MAN-HKG 国泰的正餐一如既往的拉胯 早餐的粥倒是可圈可点 以及Cathay Delight需要抢着喝，跟JAL一个毛病,0,
221,AE63DAEE-B485-490B-8BA8-A32F68041BC0_hd.jpg,/Users/lazywords/Code/高卡紫相关/QQ群相册/商务舱/images/AE63DAEE-B485-490B-8BA8-A32F68041BC0_hd.jpg,M-Licinivs-Crassvs,2026年02月26日 06:56,CX216 MAN-HKG 国泰的正餐一如既往的拉胯 早餐的粥倒是可圈可点 以及Cathay Delight需要抢着喝，跟JAL一个毛病,0,
222,228EA22E-E257-437D-9111-BE0452A96C05_hd.jpg,/Users/lazywords/Code/高卡紫相关/QQ群相册/商务舱/images/228EA22E-E257-437D-9111-BE0452A96C05_hd.jpg,M-Licinivs-Crassvs,2026年02月26日 06:56,CX216 MAN-HKG 国泰的正餐一如既往的拉胯 早餐的粥倒是可圈可点 以及Cathay Delight需要抢着喝，跟JAL一个毛病,0,
223,55B69DE3-DC7A-4DBE-ACAE-B9640A8609F1_hd.jpg,/Users/lazywords/Code/高卡紫相关/QQ群相册/商务舱/images/55B69DE3-DC7A-4DBE-ACAE-B9640A8609F1_hd.jpg,M-Licinivs-Crassvs,2026年02月26日 06:56,CX216 MAN-HKG 国泰的正餐一如既往的拉胯 早餐的粥倒是可圈可点 以及Cathay Delight需要抢着喝，跟JAL一个毛病,0,
224,F2332709-95AF-43AE-9AE3-4C7FF190B19C_hd.jpg,/Users/lazywords/Code/高卡紫相关/QQ群相册/商务舱/images/F2332709-95AF-43AE-9AE3-4C7FF190B19C_hd.jpg,M-Licinivs-Crassvs,2026年02月26日 06:56,CX216 MAN-HKG 国泰的正餐一如既往的拉胯 早餐的粥倒是可圈可点 以及Cathay Delight需要抢着喝，跟JAL一个毛病,0,
225,CEEAA6D4-53B7-4714-9410-6754821D24BE_hd.jpg,/Users/lazywords/Code/高卡紫相关/QQ群相册/商务舱/images/CEEAA6D4-53B7-4714-9410-6754821D24BE_hd.jpg,M-Licinivs-Crassvs,2026年02月26日 06:56,CX216 MAN-HKG 国泰的正餐一如既往的拉胯 早餐的粥倒是可圈可点 以及Cathay Delight需要抢着喝，跟JAL一个毛病,0,
226,V5bCQAzNzcxNDQ5OTY4mbBpQh2TDg!!.jpg,/Users/lazywords/Code/高卡紫相关/QQ群相册/商务舱/images/V5bCQAzNzcxNDQ5OTY4mbBpQh2TDg!!.jpg,6岔路口[em]e327853[/em]矢泽兔熊,2026年03月11日 06:20,2026.03.07 VN50 LHR-SGN B787-9 越南航空 伦敦希思罗-胡志明市新山一 内容如图吧，还是比较有特色的，也算越南航空几个相对旗舰了，早餐的牛肉粉是比较有名的特色了，伦敦出港的水果质量其实一般，据说胡志明市和河内出港会有不少好东西，什么水果、热带鲜果汁之类的。 机上没有WiFi，PTV很卡，不好使，服务和过夜包很不错。,0,
227,V5bCQAzNzcxNDQ5OTY3mbBpdDCSDg!!.jpg,/Users/lazywords/Code/高卡紫相关/QQ群相册/商务舱/images/V5bCQAzNzcxNDQ5OTY3mbBpdDCSDg!!.jpg,6岔路口[em]e327853[/em]矢泽兔熊,2026年03月11日 06:20,2026.03.07 VN50 LHR-SGN B787-9 越南航空 伦敦希思罗-胡志明市新山一 内容如图吧，还是比较有特色的，也算越南航空几个相对旗舰了，早餐的牛肉粉是比较有名的特色了，伦敦出港的水果质量其实一般，据说胡志明市和河内出港会有不少好东西，什么水果、热带鲜果汁之类的。 机上没有WiFi，PTV很卡，不好使，服务和过夜包很不错。,0,
228,V5bCQAzNzcxNDQ5OTY2mbBpajGQDg!!.jpg,/Users/lazywords/Code/高卡紫相关/QQ群相册/商务舱/images/V5bCQAzNzcxNDQ5OTY2mbBpajGQDg!!.jpg,6岔路口[em]e327853[/em]矢泽兔熊,2026年03月11日 06:20,2026.03.07 VN50 LHR-SGN B787-9 越南航空 伦敦希思罗-胡志明市新山一 内容如图吧，还是比较有特色的，也算越南航空几个相对旗舰了，早餐的牛肉粉是比较有名的特色了，伦敦出港的水果质量其实一般，据说胡志明市和河内出港会有不少好东西，什么水果、热带鲜果汁之类的。 机上没有WiFi，PTV很卡，不好使，服务和过夜包很不错。,0,
229,V5bCQAzNzcxNDQ5OTY1mbBpq5miDg!!.jpg,/Users/lazywords/Code/高卡紫相关/QQ群相册/商务舱/images/V5bCQAzNzcxNDQ5OTY1mbBpq5miDg!!.jpg,6岔路口[em]e327853[/em]矢泽兔熊,2026年03月11日 06:20,2026.03.07 VN50 LHR-SGN B787-9 越南航空 伦敦希思罗-胡志明市新山一 内容如图吧，还是比较有特色的，也算越南航空几个相对旗舰了，早餐的牛肉粉是比较有名的特色了，伦敦出港的水果质量其实一般，据说胡志明市和河内出港会有不少好东西，什么水果、热带鲜果汁之类的。 机上没有WiFi，PTV很卡，不好使，服务和过夜包很不错。,0,
230,V5bCQAzNzcxNDQ5OTY0mbBpuNGpDg!!.jpg,/Users/lazywords/Code/高卡紫相关/QQ群相册/商务舱/images/V5bCQAzNzcxNDQ5OTY0mbBpuNGpDg!!.jpg,6岔路口[em]e327853[/em]矢泽兔熊,2026年03月11日 06:20,2026.03.07 VN50 LHR-SGN B787-9 越南航空 伦敦希思罗-胡志明市新山一 内容如图吧，还是比较有特色的，也算越南航空几个相对旗舰了，早餐的牛肉粉是比较有名的特色了，伦敦出港的水果质量其实一般，据说胡志明市和河内出港会有不少好东西，什么水果、热带鲜果汁之类的。 机上没有WiFi，PTV很卡，不好使，服务和过夜包很不错。,0,
231,V5bCQAzNzcxNDQ5OTYzmbBp8NO.Dg!!,/Users/lazywords/Code/高卡紫相关/QQ群相册/商务舱/images/V5bCQAzNzcxNDQ5OTYzmbBp8NO.Dg!!,6岔路口[em]e327853[/em]矢泽兔熊,2026年03月11日 06:20,2026.03.07 VN50 LHR-SGN B787-9 越南航空 伦敦希思罗-胡志明市新山一 内容如图吧，还是比较有特色的，也算越南航空几个相对旗舰了，早餐的牛肉粉是比较有名的特色了，伦敦出港的水果质量其实一般，据说胡志明市和河内出港会有不少好东西，什么水果、热带鲜果汁之类的。 机上没有WiFi，PTV很卡，不好使，服务和过夜包很不错。,0,
232,V5bCQAzNzcxNDQ5OTYymbBpii.7Dg!!,/Users/lazywords/Code/高卡紫相关/QQ群相册/商务舱/images/V5bCQAzNzcxNDQ5OTYymbBpii.7Dg!!,6岔路口[em]e327853[/em]矢泽兔熊,2026年03月11日 06:20,2026.03.07 VN50 LHR-SGN B787-9 越南航空 伦敦希思罗-胡志明市新山一 内容如图吧，还是比较有特色的，也算越南航空几个相对旗舰了，早餐的牛肉粉是比较有名的特色了，伦敦出港的水果质量其实一般，据说胡志明市和河内出港会有不少好东西，什么水果、热带鲜果汁之类的。 机上没有WiFi，PTV很卡，不好使，服务和过夜包很不错。,0,
233,V5bCQAzNzcxNDQ5OTYxmbBp_1HSDg!!.jpg,/Users/lazywords/Code/高卡紫相关/QQ群相册/商务舱/images/V5bCQAzNzcxNDQ5OTYxmbBp_1HSDg!!.jpg,6岔路口[em]e327853[/em]矢泽兔熊,2026年03月11日 06:20,2026.03.07 VN50 LHR-SGN B787-9 越南航空 伦敦希思罗-胡志明市新山一 内容如图吧，还是比较有特色的，也算越南航空几个相对旗舰了，早餐的牛肉粉是比较有名的特色了，伦敦出港的水果质量其实一般，据说胡志明市和河内出港会有不少好东西，什么水果、热带鲜果汁之类的。 机上没有WiFi，PTV很卡，不好使，服务和过夜包很不错。,0,
234,V5bCQAzNzcxNDQ5OTYwmbBpjjjvDg!!.jpg,/Users/lazywords/Code/高卡紫相关/QQ群相册/商务舱/images/V5bCQAzNzcxNDQ5OTYwmbBpjjjvDg!!.jpg,6岔路口[em]e327853[/em]矢泽兔熊,2026年03月11日 06:20,2026.03.07 VN50 LHR-SGN B787-9 越南航空 伦敦希思罗-胡志明市新山一 内容如图吧，还是比较有特色的，也算越南航空几个相对旗舰了，早餐的牛肉粉是比较有名的特色了，伦敦出港的水果质量其实一般，据说胡志明市和河内出港会有不少好东西，什么水果、热带鲜果汁之类的。 机上没有WiFi，PTV很卡，不好使，服务和过夜包很不错。,0,
235,V5bCQAzNzcxNDQ5OTYvmbBpNdPrDg!!.jpg,/Users/lazywords/Code/高卡紫相关/QQ群相册/商务舱/images/V5bCQAzNzcxNDQ5OTYvmbBpNdPrDg!!.jpg,6岔路口[em]e327853[/em]矢泽兔熊,2026年03月11日 06:20,2026.03.07 VN50 LHR-SGN B787-9 越南航空 伦敦希思罗-胡志明市新山一 内容如图吧，还是比较有特色的，也算越南航空几个相对旗舰了，早餐的牛肉粉是比较有名的特色了，伦敦出港的水果质量其实一般，据说胡志明市和河内出港会有不少好东西，什么水果、热带鲜果汁之类的。 机上没有WiFi，PTV很卡，不好使，服务和过夜包很不错。,0,
236,V5bCQAzNzcxNDQ5OTYumbBp14DuDg!!.jpg,/Users/lazywords/Code/高卡紫相关/QQ群相册/商务舱/images/V5bCQAzNzcxNDQ5OTYumbBp14DuDg!!.jpg,6岔路口[em]e327853[/em]矢泽兔熊,2026年03月11日 06:20,2026.03.07 VN50 LHR-SGN B787-9 越南航空 伦敦希思罗-胡志明市新山一 内容如图吧，还是比较有特色的，也算越南航空几个相对旗舰了，早餐的牛肉粉是比较有名的特色了，伦敦出港的水果质量其实一般，据说胡志明市和河内出港会有不少好东西，什么水果、热带鲜果汁之类的。 机上没有WiFi，PTV很卡，不好使，服务和过夜包很不错。,0,
237,V5bCQAzNzcxNDQ5OTYtmbBpfsr7Dg!!.jpg,/Users/lazywords/Code/高卡紫相关/QQ群相册/商务舱/images/V5bCQAzNzcxNDQ5OTYtmbBpfsr7Dg!!.jpg,6岔路口[em]e327853[/em]矢泽兔熊,2026年03月11日 06:20,2026.03.07 VN50 LHR-SGN B787-9 越南航空 伦敦希思罗-胡志明市新山一 内容如图吧，还是比较有特色的，也算越南航空几个相对旗舰了，早餐的牛肉粉是比较有名的特色了，伦敦出港的水果质量其实一般，据说胡志明市和河内出港会有不少好东西，什么水果、热带鲜果汁之类的。 机上没有WiFi，PTV很卡，不好使，服务和过夜包很不错。,0,
238,V5bCQAzNzcxNDQ5OTYsmbBpnH8ODw!!.jpg,/Users/lazywords/Code/高卡紫相关/QQ群相册/商务舱/images/V5bCQAzNzcxNDQ5OTYsmbBpnH8ODw!!.jpg,6岔路口[em]e327853[/em]矢泽兔熊,2026年03月11日 06:20,2026.03.07 VN50 LHR-SGN B787-9 越南航空 伦敦希思罗-胡志明市新山一 内容如图吧，还是比较有特色的，也算越南航空几个相对旗舰了，早餐的牛肉粉是比较有名的特色了，伦敦出港的水果质量其实一般，据说胡志明市和河内出港会有不少好东西，什么水果、热带鲜果汁之类的。 机上没有WiFi，PTV很卡，不好使，服务和过夜包很不错。,0,
239,V5bCQAzNzcxNDQ5OTYrmbBp59QbDw!!.jpg,/Users/lazywords/Code/高卡紫相关/QQ群相册/商务舱/images/V5bCQAzNzcxNDQ5OTYrmbBp59QbDw!!.jpg,6岔路口[em]e327853[/em]矢泽兔熊,2026年03月11日 06:20,2026.03.07 VN50 LHR-SGN B787-9 越南航空 伦敦希思罗-胡志明市新山一 内容如图吧，还是比较有特色的，也算越南航空几个相对旗舰了，早餐的牛肉粉是比较有名的特色了，伦敦出港的水果质量其实一般，据说胡志明市和河内出港会有不少好东西，什么水果、热带鲜果汁之类的。 机上没有WiFi，PTV很卡，不好使，服务和过夜包很不错。,0,
240,V5bCQAzNzcxNDQ5OTYqmbBpvMgfDw!!.jpg,/Users/lazywords/Code/高卡紫相关/QQ群相册/商务舱/images/V5bCQAzNzcxNDQ5OTYqmbBpvMgfDw!!.jpg,6岔路口[em]e327853[/em]矢泽兔熊,2026年03月11日 06:20,2026.03.07 VN50 LHR-SGN B787-9 越南航空 伦敦希思罗-胡志明市新山一 内容如图吧，还是比较有特色的，也算越南航空几个相对旗舰了，早餐的牛肉粉是比较有名的特色了，伦敦出港的水果质量其实一般，据说胡志明市和河内出港会有不少好东西，什么水果、热带鲜果汁之类的。 机上没有WiFi，PTV很卡，不好使，服务和过夜包很不错。,0,
241,V5bCQAzNzcxNDQ5OTYpmbBpJT0hDw!!.jpg,/Users/lazywords/Code/高卡紫相关/QQ群相册/商务舱/images/V5bCQAzNzcxNDQ5OTYpmbBpJT0hDw!!.jpg,6岔路口[em]e327853[/em]矢泽兔熊,2026年03月11日 06:20,2026.03.07 VN50 LHR-SGN B787-9 越南航空 伦敦希思罗-胡志明市新山一 内容如图吧，还是比较有特色的，也算越南航空几个相对旗舰了，早餐的牛肉粉是比较有名的特色了，伦敦出港的水果质量其实一般，据说胡志明市和河内出港会有不少好东西，什么水果、热带鲜果汁之类的。 机上没有WiFi，PTV很卡，不好使，服务和过夜包很不错。,0,
242,V5bCQAzNzcxNDQ5OTYombBp1pwuDw!!.jpg,/Users/lazywords/Code/高卡紫相关/QQ群相册/商务舱/images/V5bCQAzNzcxNDQ5OTYombBp1pwuDw!!.jpg,6岔路口[em]e327853[/em]矢泽兔熊,2026年03月11日 06:20,2026.03.07 VN50 LHR-SGN B787-9 越南航空 伦敦希思罗-胡志明市新山一 内容如图吧，还是比较有特色的，也算越南航空几个相对旗舰了，早餐的牛肉粉是比较有名的特色了，伦敦出港的水果质量其实一般，据说胡志明市和河内出港会有不少好东西，什么水果、热带鲜果汁之类的。 机上没有WiFi，PTV很卡，不好使，服务和过夜包很不错。,0,
243,V5bCQAzNzcxNDQ5OTYnmbBpFQE.Dw!!,/Users/lazywords/Code/高卡紫相关/QQ群相册/商务舱/images/V5bCQAzNzcxNDQ5OTYnmbBpFQE.Dw!!,6岔路口[em]e327853[/em]矢泽兔熊,2026年03月11日 06:20,2026.03.07 VN50 LHR-SGN B787-9 越南航空 伦敦希思罗-胡志明市新山一 内容如图吧，还是比较有特色的，也算越南航空几个相对旗舰了，早餐的牛肉粉是比较有名的特色了，伦敦出港的水果质量其实一般，据说胡志明市和河内出港会有不少好东西，什么水果、热带鲜果汁之类的。 机上没有WiFi，PTV很卡，不好使，服务和过夜包很不错。,0,
244,V5bCQAzNzcxNDQ5OTYmmbBp9ktWDw!!.jpg,/Users/lazywords/Code/高卡紫相关/QQ群相册/商务舱/images/V5bCQAzNzcxNDQ5OTYmmbBp9ktWDw!!.jpg,6岔路口[em]e327853[/em]矢泽兔熊,2026年03月11日 06:20,2026.03.07 VN50 LHR-SGN B787-9 越南航空 伦敦希思罗-胡志明市新山一 内容如图吧，还是比较有特色的，也算越南航空几个相对旗舰了，早餐的牛肉粉是比较有名的特色了，伦敦出港的水果质量其实一般，据说胡志明市和河内出港会有不少好东西，什么水果、热带鲜果汁之类的。 机上没有WiFi，PTV很卡，不好使，服务和过夜包很不错。,0,
245,V5bCQAzNzcxNDQ5OTYlmbBpQvxXDw!!.jpg,/Users/lazywords/Code/高卡紫相关/QQ群相册/商务舱/images/V5bCQAzNzcxNDQ5OTYlmbBpQvxXDw!!.jpg,6岔路口[em]e327853[/em]矢泽兔熊,2026年03月11日 06:20,2026.03.07 VN50 LHR-SGN B787-9 越南航空 伦敦希思罗-胡志明市新山一 内容如图吧，还是比较有特色的，也算越南航空几个相对旗舰了，早餐的牛肉粉是比较有名的特色了，伦敦出港的水果质量其实一般，据说胡志明市和河内出港会有不少好东西，什么水果、热带鲜果汁之类的。 机上没有WiFi，PTV很卡，不好使，服务和过夜包很不错。,0,
246,V5bCQAzNzcxNDQ5OTYkmbBpwClZDw!!.jpg,/Users/lazywords/Code/高卡紫相关/QQ群相册/商务舱/images/V5bCQAzNzcxNDQ5OTYkmbBpwClZDw!!.jpg,6岔路口[em]e327853[/em]矢泽兔熊,2026年03月11日 06:20,2026.03.07 VN50 LHR-SGN B787-9 越南航空 伦敦希思罗-胡志明市新山一 内容如图吧，还是比较有特色的，也算越南航空几个相对旗舰了，早餐的牛肉粉是比较有名的特色了，伦敦出港的水果质量其实一般，据说胡志明市和河内出港会有不少好东西，什么水果、热带鲜果汁之类的。 机上没有WiFi，PTV很卡，不好使，服务和过夜包很不错。,0,
247,V5bCQAzNzcxNDQ5OTYjmbBpaUh9Dw!!.jpg,/Users/lazywords/Code/高卡紫相关/QQ群相册/商务舱/images/V5bCQAzNzcxNDQ5OTYjmbBpaUh9Dw!!.jpg,6岔路口[em]e327853[/em]矢泽兔熊,2026年03月11日 06:20,2026.03.07 VN50 LHR-SGN B787-9 越南航空 伦敦希思罗-胡志明市新山一 内容如图吧，还是比较有特色的，也算越南航空几个相对旗舰了，早餐的牛肉粉是比较有名的特色了，伦敦出港的水果质量其实一般，据说胡志明市和河内出港会有不少好东西，什么水果、热带鲜果汁之类的。 机上没有WiFi，PTV很卡，不好使，服务和过夜包很不错。,0,
248,V5bCQAzNzcxNDQ5OTYimbBpWH1_Dw!!.jpg,/Users/lazywords/Code/高卡紫相关/QQ群相册/商务舱/images/V5bCQAzNzcxNDQ5OTYimbBpWH1_Dw!!.jpg,6岔路口[em]e327853[/em]矢泽兔熊,2026年03月11日 06:20,2026.03.07 VN50 LHR-SGN B787-9 越南航空 伦敦希思罗-胡志明市新山一 内容如图吧，还是比较有特色的，也算越南航空几个相对旗舰了，早餐的牛肉粉是比较有名的特色了，伦敦出港的水果质量其实一般，据说胡志明市和河内出港会有不少好东西，什么水果、热带鲜果汁之类的。 机上没有WiFi，PTV很卡，不好使，服务和过夜包很不错。,0,
249,V5bCQAzNzcxNDQ5OTYhmbBp4gG8Dw!!.jpg,/Users/lazywords/Code/高卡紫相关/QQ群相册/商务舱/images/V5bCQAzNzcxNDQ5OTYhmbBp4gG8Dw!!.jpg,6岔路口[em]e327853[/em]矢泽兔熊,2026年03月11日 06:20,2026.03.07 VN50 LHR-SGN B787-9 越南航空 伦敦希思罗-胡志明市新山一 内容如图吧，还是比较有特色的，也算越南航空几个相对旗舰了，早餐的牛肉粉是比较有名的特色了，伦敦出港的水果质量其实一般，据说胡志明市和河内出港会有不少好东西，什么水果、热带鲜果汁之类的。 机上没有WiFi，PTV很卡，不好使，服务和过夜包很不错。,0,
250,V5bCQAzNzcxNDQ5OTYgmbBpAXS7Dw!!.jpg,/Users/lazywords/Code/高卡紫相关/QQ群相册/商务舱/images/V5bCQAzNzcxNDQ5OTYgmbBpAXS7Dw!!.jpg,6岔路口[em]e327853[/em]矢泽兔熊,2026年03月11日 06:20,2026.03.07 VN50 LHR-SGN B787-9 越南航空 伦敦希思罗-胡志明市新山一 内容如图吧，还是比较有特色的，也算越南航空几个相对旗舰了，早餐的牛肉粉是比较有名的特色了，伦敦出港的水果质量其实一般，据说胡志明市和河内出港会有不少好东西，什么水果、热带鲜果汁之类的。 机上没有WiFi，PTV很卡，不好使，服务和过夜包很不错。,0,
251,V5bCQAzNzcxNDQ5OTYfmbBpT5G7Dw!!.jpg,/Users/lazywords/Code/高卡紫相关/QQ群相册/商务舱/images/V5bCQAzNzcxNDQ5OTYfmbBpT5G7Dw!!.jpg,6岔路口[em]e327853[/em]矢泽兔熊,2026年03月11日 06:20,2026.03.07 VN50 LHR-SGN B787-9 越南航空 伦敦希思罗-胡志明市新山一 内容如图吧，还是比较有特色的，也算越南航空几个相对旗舰了，早餐的牛肉粉是比较有名的特色了，伦敦出港的水果质量其实一般，据说胡志明市和河内出港会有不少好东西，什么水果、热带鲜果汁之类的。 机上没有WiFi，PTV很卡，不好使，服务和过夜包很不错。,0,
252,V5bCQAzNzcxNDQ5OTYembBpD3zTDw!!.jpg,/Users/lazywords/Code/高卡紫相关/QQ群相册/商务舱/images/V5bCQAzNzcxNDQ5OTYembBpD3zTDw!!.jpg,6岔路口[em]e327853[/em]矢泽兔熊,2026年03月11日 06:20,2026.03.07 VN50 LHR-SGN B787-9 越南航空 伦敦希思罗-胡志明市新山一 内容如图吧，还是比较有特色的，也算越南航空几个相对旗舰了，早餐的牛肉粉是比较有名的特色了，伦敦出港的水果质量其实一般，据说胡志明市和河内出港会有不少好东西，什么水果、热带鲜果汁之类的。 机上没有WiFi，PTV很卡，不好使，服务和过夜包很不错。,0,
253,V5bCQAzNzcxNDQ5OTaYOKtpZt7gMQ!!.jpg,/Users/lazywords/Code/高卡紫相关/QQ群相册/商务舱/images/V5bCQAzNzcxNDQ5OTaYOKtpZt7gMQ!!.jpg,6岔路口[em]e327853[/em]矢泽兔熊,2026年03月07日 04:27,本群最差公务舱可能是 2026.03.06 AMS-LHR KL1017 A321neo 202座的全服务好像是 欧洲公务舱，3+3布局中间座位空出来,0,
254,V5bCQAzNzcxNDQ5OTaXOKtpwKu0MQ!!.jpg,/Users/lazywords/Code/高卡紫相关/QQ群相册/商务舱/images/V5bCQAzNzcxNDQ5OTaXOKtpwKu0MQ!!.jpg,6岔路口[em]e327853[/em]矢泽兔熊,2026年03月07日 04:27,本群最差公务舱可能是 2026.03.06 AMS-LHR KL1017 A321neo 202座的全服务好像是 欧洲公务舱，3+3布局中间座位空出来,0,
255,V5bCQAzNzcxNDQ5OTaWOKtpc3HrMQ!!.jpg,/Users/lazywords/Code/高卡紫相关/QQ群相册/商务舱/images/V5bCQAzNzcxNDQ5OTaWOKtpc3HrMQ!!.jpg,6岔路口[em]e327853[/em]矢泽兔熊,2026年03月07日 04:27,本群最差公务舱可能是 2026.03.06 AMS-LHR KL1017 A321neo 202座的全服务好像是 欧洲公务舱，3+3布局中间座位空出来,0,
256,V5bCQAzNzcxNDQ5OTaVOKtpbNrXMQ!!.jpg,/Users/lazywords/Code/高卡紫相关/QQ群相册/商务舱/images/V5bCQAzNzcxNDQ5OTaVOKtpbNrXMQ!!.jpg,6岔路口[em]e327853[/em]矢泽兔熊,2026年03月07日 04:27,本群最差公务舱可能是 2026.03.06 AMS-LHR KL1017 A321neo 202座的全服务好像是 欧洲公务舱，3+3布局中间座位空出来,0,
257,V5bCQAzNzcxNDQ5OTaUOKtpzCZPMg!!.jpg,/Users/lazywords/Code/高卡紫相关/QQ群相册/商务舱/images/V5bCQAzNzcxNDQ5OTaUOKtpzCZPMg!!.jpg,6岔路口[em]e327853[/em]矢泽兔熊,2026年03月07日 04:27,本群最差公务舱可能是 2026.03.06 AMS-LHR KL1017 A321neo 202座的全服务好像是 欧洲公务舱，3+3布局中间座位空出来,0,
258,V5bCQAzNzcxNDQ5OTaTOKtp9eRdMg!!.jpg,/Users/lazywords/Code/高卡紫相关/QQ群相册/商务舱/images/V5bCQAzNzcxNDQ5OTaTOKtp9eRdMg!!.jpg,6岔路口[em]e327853[/em]矢泽兔熊,2026年03月07日 04:26,本群最差公务舱可能是 2026.03.06 AMS-LHR KL1017 A321neo 202座的全服务好像是 欧洲公务舱，3+3布局中间座位空出来,0,
259,V5bCQAzNzcxNDQ5OTaSOKtp52geMw!!.jpg,/Users/lazywords/Code/高卡紫相关/QQ群相册/商务舱/images/V5bCQAzNzcxNDQ5OTaSOKtp52geMw!!.jpg,6岔路口[em]e327853[/em]矢泽兔熊,2026年03月07日 04:26,本群最差公务舱可能是 2026.03.06 AMS-LHR KL1017 A321neo 202座的全服务好像是 欧洲公务舱，3+3布局中间座位空出来,0,
260,V5bCQAzNzcxNDQ5OTaROKtpAI9RMg!!.jpg,/Users/lazywords/Code/高卡紫相关/QQ群相册/商务舱/images/V5bCQAzNzcxNDQ5OTaROKtpAI9RMg!!.jpg,6岔路口[em]e327853[/em]矢泽兔熊,2026年03月07日 04:26,本群最差公务舱可能是 2026.03.06 AMS-LHR KL1017 A321neo 202座的全服务好像是 欧洲公务舱，3+3布局中间座位空出来,0,
261,V5bCQAzNzcxNDQ5OTaQOKtpaD7TMg!!.jpg,/Users/lazywords/Code/高卡紫相关/QQ群相册/商务舱/images/V5bCQAzNzcxNDQ5OTaQOKtpaD7TMg!!.jpg,6岔路口[em]e327853[/em]矢泽兔熊,2026年03月07日 04:26,本群最差公务舱可能是 2026.03.06 AMS-LHR KL1017 A321neo 202座的全服务好像是 欧洲公务舱，3+3布局中间座位空出来,0,
262,V5bCQAzNzcxNDQ5OTaPOKtpMQwqMw!!.jpg,/Users/lazywords/Code/高卡紫相关/QQ群相册/商务舱/images/V5bCQAzNzcxNDQ5OTaPOKtpMQwqMw!!.jpg,6岔路口[em]e327853[/em]矢泽兔熊,2026年03月07日 04:26,本群最差公务舱可能是 2026.03.06 AMS-LHR KL1017 A321neo 202座的全服务好像是 欧洲公务舱，3+3布局中间座位空出来,0,
263,V5bCQAzNzcxNDQ5OTaOOKtpVNM7Mw!!.jpg,/Users/lazywords/Code/高卡紫相关/QQ群相册/商务舱/images/V5bCQAzNzcxNDQ5OTaOOKtpVNM7Mw!!.jpg,6岔路口[em]e327853[/em]矢泽兔熊,2026年03月07日 04:26,本群最差公务舱可能是 2026.03.06 AMS-LHR KL1017 A321neo 202座的全服务好像是 欧洲公务舱，3+3布局中间座位空出来,0,
264,1E1737E9-74B3-4213-9EE9-5ECFF420AB6E_hd.jpg,/Users/lazywords/Code/高卡紫相关/QQ群相册/商务舱/images/1E1737E9-74B3-4213-9EE9-5ECFF420AB6E_hd.jpg,Soyuz,2026年03月05日 20:53,京广748,0,
265,5049AC1D-104C-4ECA-934C-090D3F05B837_hd.jpg,/Users/lazywords/Code/高卡紫相关/QQ群相册/商务舱/images/5049AC1D-104C-4ECA-934C-090D3F05B837_hd.jpg,Soyuz,2026年03月05日 20:53,京广748,0,
266,000B6D87-90FB-4D7D-A0C6-D14F0DD997F4_hd.jpg,/Users/lazywords/Code/高卡紫相关/QQ群相册/商务舱/images/000B6D87-90FB-4D7D-A0C6-D14F0DD997F4_hd.jpg,Soyuz,2026年03月05日 20:53,京广748,0,
267,EF797AB5-A00B-447C-9DB0-03440B88AE59_hd.jpg,/Users/lazywords/Code/高卡紫相关/QQ群相册/商务舱/images/EF797AB5-A00B-447C-9DB0-03440B88AE59_hd.jpg,M-Licinivs-Crassvs,2026年03月04日 14:20,CX219 HKG-MAN 从设定上来说这种深夜出港早晨落地的红眼航班本应该是倒时差的绝佳机会。但可惜拼尽全力无法战胜，所以事已至此先吃饭吧。主菜是国泰和都爹利会馆联名的烩牛小排，牛肉炖的很软烂，味道不错。早餐是瑶柱鲍鱼鸡肉粥，香啊，很香啊。,0,
268,C65C7AC3-E6AB-4811-8036-D59491186A98_hd.jpg,/Users/lazywords/Code/高卡紫相关/QQ群相册/商务舱/images/C65C7AC3-E6AB-4811-8036-D59491186A98_hd.jpg,M-Licinivs-Crassvs,2026年03月04日 14:20,CX219 HKG-MAN 从设定上来说这种深夜出港早晨落地的红眼航班本应该是倒时差的绝佳机会。但可惜拼尽全力无法战胜，所以事已至此先吃饭吧。主菜是国泰和都爹利会馆联名的烩牛小排，牛肉炖的很软烂，味道不错。早餐是瑶柱鲍鱼鸡肉粥，香啊，很香啊。,0,
269,9E19A983-7B38-42C3-85F6-4F99AB4BE222_hd.jpg,/Users/lazywords/Code/高卡紫相关/QQ群相册/商务舱/images/9E19A983-7B38-42C3-85F6-4F99AB4BE222_hd.jpg,M-Licinivs-Crassvs,2026年03月04日 14:20,CX219 HKG-MAN 从设定上来说这种深夜出港早晨落地的红眼航班本应该是倒时差的绝佳机会。但可惜拼尽全力无法战胜，所以事已至此先吃饭吧。主菜是国泰和都爹利会馆联名的烩牛小排，牛肉炖的很软烂，味道不错。早餐是瑶柱鲍鱼鸡肉粥，香啊，很香啊。,0,
270,8B63E3AA-5302-4607-8F32-98D7C283AB9A_hd.jpg,/Users/lazywords/Code/高卡紫相关/QQ群相册/商务舱/images/8B63E3AA-5302-4607-8F32-98D7C283AB9A_hd.jpg,M-Licinivs-Crassvs,2026年03月04日 14:20,CX219 HKG-MAN 从设定上来说这种深夜出港早晨落地的红眼航班本应该是倒时差的绝佳机会。但可惜拼尽全力无法战胜，所以事已至此先吃饭吧。主菜是国泰和都爹利会馆联名的烩牛小排，牛肉炖的很软烂，味道不错。早餐是瑶柱鲍鱼鸡肉粥，香啊，很香啊。,0,
271,5C9D49F6-6D04-4805-B4C8-640114E67D12_hd.jpg,/Users/lazywords/Code/高卡紫相关/QQ群相册/商务舱/images/5C9D49F6-6D04-4805-B4C8-640114E67D12_hd.jpg,D-ABYP,2026年03月04日 14:15,CX335 PEK-HKG 77W尔雅,0,
272,C1935CC8-AAF0-4EBE-A043-748E8A572F45_hd.jpg,/Users/lazywords/Code/高卡紫相关/QQ群相册/商务舱/images/C1935CC8-AAF0-4EBE-A043-748E8A572F45_hd.jpg,D-ABYP,2026年03月04日 14:15,CX335 PEK-HKG 77W尔雅,0,
273,796532B9-2E4F-4749-8C37-B80D1C04E818_hd.jpg,/Users/lazywords/Code/高卡紫相关/QQ群相册/商务舱/images/796532B9-2E4F-4749-8C37-B80D1C04E818_hd.jpg,D-ABYP,2026年03月04日 14:15,CX335 PEK-HKG 77W尔雅,0,
274,FD0D74C7-D3A2-4AE1-840F-5997C9667294_hd.jpg,/Users/lazywords/Code/高卡紫相关/QQ群相册/商务舱/images/FD0D74C7-D3A2-4AE1-840F-5997C9667294_hd.jpg,M-Licinivs-Crassvs,2026年03月04日 14:06,CX549 HND-HKG 日本出港的配餐确实不赖，味道确实强了不少，摆盘也明显精致了一点。 之前一直在夸Aria的商务舱，这次来挑点刺。国泰Aria的商务舱隐私门极其幽默，不关闭之后留了一条很明显的缝隙，拼尽全力无法战胜。以及距离机舱地面的高度完全可以让人爬进来了。不知道设计的时候是怎么想的。 哦对了这班因为前序出了点问题延误了两个多小时才起飞，导致我本来应该在TPF那边从从容容游刃有余享受4个小时时间，现在只能落地之后在TPF洗个澡就匆匆忙忙连滚带爬的去登机口那边了，差评。,0,
275,A237D8F4-EC6C-4FF4-88BD-1B486E0FDD27_hd.jpg,/Users/lazywords/Code/高卡紫相关/QQ群相册/商务舱/images/A237D8F4-EC6C-4FF4-88BD-1B486E0FDD27_hd.jpg,M-Licinivs-Crassvs,2026年03月04日 14:06,CX549 HND-HKG 日本出港的配餐确实不赖，味道确实强了不少，摆盘也明显精致了一点。 之前一直在夸Aria的商务舱，这次来挑点刺。国泰Aria的商务舱隐私门极其幽默，不关闭之后留了一条很明显的缝隙，拼尽全力无法战胜。以及距离机舱地面的高度完全可以让人爬进来了。不知道设计的时候是怎么想的。 哦对了这班因为前序出了点问题延误了两个多小时才起飞，导致我本来应该在TPF那边从从容容游刃有余享受4个小时时间，现在只能落地之后在TPF洗个澡就匆匆忙忙连滚带爬的去登机口那边了，差评。,0,
276,53EDE3B0-82CD-4114-B1C5-E914A332242B_hd.jpg,/Users/lazywords/Code/高卡紫相关/QQ群相册/商务舱/images/53EDE3B0-82CD-4114-B1C5-E914A332242B_hd.jpg,M-Licinivs-Crassvs,2026年03月04日 14:06,CX549 HND-HKG 日本出港的配餐确实不赖，味道确实强了不少，摆盘也明显精致了一点。 之前一直在夸Aria的商务舱，这次来挑点刺。国泰Aria的商务舱隐私门极其幽默，不关闭之后留了一条很明显的缝隙，拼尽全力无法战胜。以及距离机舱地面的高度完全可以让人爬进来了。不知道设计的时候是怎么想的。 哦对了这班因为前序出了点问题延误了两个多小时才起飞，导致我本来应该在TPF那边从从容容游刃有余享受4个小时时间，现在只能落地之后在TPF洗个澡就匆匆忙忙连滚带爬的去登机口那边了，差评。,0,
277,D36A4E40-EE6C-47CA-84C2-84D24778A6DA_hd.jpg,/Users/lazywords/Code/高卡紫相关/QQ群相册/商务舱/images/D36A4E40-EE6C-47CA-84C2-84D24778A6DA_hd.jpg,M-Licinivs-Crassvs,2026年03月04日 14:06,CX549 HND-HKG 日本出港的配餐确实不赖，味道确实强了不少，摆盘也明显精致了一点。 之前一直在夸Aria的商务舱，这次来挑点刺。国泰Aria的商务舱隐私门极其幽默，不关闭之后留了一条很明显的缝隙，拼尽全力无法战胜。以及距离机舱地面的高度完全可以让人爬进来了。不知道设计的时候是怎么想的。 哦对了这班因为前序出了点问题延误了两个多小时才起飞，导致我本来应该在TPF那边从从容容游刃有余享受4个小时时间，现在只能落地之后在TPF洗个澡就匆匆忙忙连滚带爬的去登机口那边了，差评。,0,
278,C80CFF0F-074E-4BEA-A5C2-44EDA4B581DA_hd.jpg,/Users/lazywords/Code/高卡紫相关/QQ群相册/商务舱/images/C80CFF0F-074E-4BEA-A5C2-44EDA4B581DA_hd.jpg,M-Licinivs-Crassvs,2026年03月04日 14:06,CX549 HND-HKG 日本出港的配餐确实不赖，味道确实强了不少，摆盘也明显精致了一点。 之前一直在夸Aria的商务舱，这次来挑点刺。国泰Aria的商务舱隐私门极其幽默，不关闭之后留了一条很明显的缝隙，拼尽全力无法战胜。以及距离机舱地面的高度完全可以让人爬进来了。不知道设计的时候是怎么想的。 哦对了这班因为前序出了点问题延误了两个多小时才起飞，导致我本来应该在TPF那边从从容容游刃有余享受4个小时时间，现在只能落地之后在TPF洗个澡就匆匆忙忙连滚带爬的去登机口那边了，差评。,0,
279,56BB2DF3-4352-4816-9C44-DB8763B7D8EB_hd.jpg,/Users/lazywords/Code/高卡紫相关/QQ群相册/商务舱/images/56BB2DF3-4352-4816-9C44-DB8763B7D8EB_hd.jpg,Pastoral,2026年03月04日 12:30,NH962 PEK-HND 773 121布局。休息室是国航的休息室，吃得中规中矩还不赖。 餐食选的和食，说实话有点安卓，牛肉粒还可以但是真吃不饱，甜品跟经济舱一样是哈根达斯😅还好休息室吃够了没那么饿，就是机械故障导致起飞晚了一小时难绷，NH962体感晚点概率十有五六😀,0,
280,F8538463-5B00-4AA4-BC57-33C6437EFA24_hd.jpg,/Users/lazywords/Code/高卡紫相关/QQ群相册/商务舱/images/F8538463-5B00-4AA4-BC57-33C6437EFA24_hd.jpg,Pastoral,2026年03月04日 12:30,NH962 PEK-HND 773 121布局。休息室是国航的休息室，吃得中规中矩还不赖。 餐食选的和食，说实话有点安卓，牛肉粒还可以但是真吃不饱，甜品跟经济舱一样是哈根达斯😅还好休息室吃够了没那么饿，就是机械故障导致起飞晚了一小时难绷，NH962体感晚点概率十有五六😀,0,
281,A1FC8C5C-5086-4A51-BB12-05D9CBD42653_hd.jpg,/Users/lazywords/Code/高卡紫相关/QQ群相册/商务舱/images/A1FC8C5C-5086-4A51-BB12-05D9CBD42653_hd.jpg,Pastoral,2026年03月04日 12:30,NH962 PEK-HND 773 121布局。休息室是国航的休息室，吃得中规中矩还不赖。 餐食选的和食，说实话有点安卓，牛肉粒还可以但是真吃不饱，甜品跟经济舱一样是哈根达斯😅还好休息室吃够了没那么饿，就是机械故障导致起飞晚了一小时难绷，NH962体感晚点概率十有五六😀,0,
282,A0BDB3F3-F59E-4873-9262-A2E59AAD56ED_hd.jpg,/Users/lazywords/Code/高卡紫相关/QQ群相册/商务舱/images/A0BDB3F3-F59E-4873-9262-A2E59AAD56ED_hd.jpg,Pastoral,2026年03月04日 09:57,HU7707 PEK-SZX PEK T2海航的两舱休息室被国际出发完爆，牛肉面的牛肉咬不动😤 经典789反鱼骨，不过PTV有mujica一专🐮 餐食质量不错，烤鸡胸肉不柴。 值得一提的是cc的服务水平很专业，机上问候还问候了我的棉花娃娃。中间看到我在拍娃娃还帮我开顶灯，说如果还需要补光可以用阅读灯😇 唯一问题就是在下降阶段卖货😂真的难绷,0,
283,3A84E6C0-EF7B-4BCF-843E-024CE8F1A5B4_hd.jpg,/Users/lazywords/Code/高卡紫相关/QQ群相册/商务舱/images/3A84E6C0-EF7B-4BCF-843E-024CE8F1A5B4_hd.jpg,Pastoral,2026年03月04日 09:57,HU7707 PEK-SZX PEK T2海航的两舱休息室被国际出发完爆，牛肉面的牛肉咬不动😤 经典789反鱼骨，不过PTV有mujica一专🐮 餐食质量不错，烤鸡胸肉不柴。 值得一提的是cc的服务水平很专业，机上问候还问候了我的棉花娃娃。中间看到我在拍娃娃还帮我开顶灯，说如果还需要补光可以用阅读灯😇 唯一问题就是在下降阶段卖货😂真的难绷,0,
284,02D9C64F-DB2F-477E-A564-8C575C2665A6_hd.jpg,/Users/lazywords/Code/高卡紫相关/QQ群相册/商务舱/images/02D9C64F-DB2F-477E-A564-8C575C2665A6_hd.jpg,Pastoral,2026年03月04日 09:57,HU7707 PEK-SZX PEK T2海航的两舱休息室被国际出发完爆，牛肉面的牛肉咬不动😤 经典789反鱼骨，不过PTV有mujica一专🐮 餐食质量不错，烤鸡胸肉不柴。 值得一提的是cc的服务水平很专业，机上问候还问候了我的棉花娃娃。中间看到我在拍娃娃还帮我开顶灯，说如果还需要补光可以用阅读灯😇 唯一问题就是在下降阶段卖货😂真的难绷,0,
285,A7982F71-17DD-4710-A85B-05850329A08D_hd.jpg,/Users/lazywords/Code/高卡紫相关/QQ群相册/商务舱/images/A7982F71-17DD-4710-A85B-05850329A08D_hd.jpg,Pastoral,2026年03月04日 09:57,HU7707 PEK-SZX PEK T2海航的两舱休息室被国际出发完爆，牛肉面的牛肉咬不动😤 经典789反鱼骨，不过PTV有mujica一专🐮 餐食质量不错，烤鸡胸肉不柴。 值得一提的是cc的服务水平很专业，机上问候还问候了我的棉花娃娃。中间看到我在拍娃娃还帮我开顶灯，说如果还需要补光可以用阅读灯😇 唯一问题就是在下降阶段卖货😂真的难绷,0,
286,3A6172C4-39C7-4AD7-BDB1-F3B059F93E74_hd.jpg,/Users/lazywords/Code/高卡紫相关/QQ群相册/商务舱/images/3A6172C4-39C7-4AD7-BDB1-F3B059F93E74_hd.jpg,Pastoral,2026年03月04日 09:57,HU7707 PEK-SZX PEK T2海航的两舱休息室被国际出发完爆，牛肉面的牛肉咬不动😤 经典789反鱼骨，不过PTV有mujica一专🐮 餐食质量不错，烤鸡胸肉不柴。 值得一提的是cc的服务水平很专业，机上问候还问候了我的棉花娃娃。中间看到我在拍娃娃还帮我开顶灯，说如果还需要补光可以用阅读灯😇 唯一问题就是在下降阶段卖货😂真的难绷,0,
287,5135F080-B2CC-40EC-A14D-C4ACA7E83ACB_hd.jpg,/Users/lazywords/Code/高卡紫相关/QQ群相册/商务舱/images/5135F080-B2CC-40EC-A14D-C4ACA7E83ACB_hd.jpg,Pastoral,2026年03月04日 09:57,HU7707 PEK-SZX PEK T2海航的两舱休息室被国际出发完爆，牛肉面的牛肉咬不动😤 经典789反鱼骨，不过PTV有mujica一专🐮 餐食质量不错，烤鸡胸肉不柴。 值得一提的是cc的服务水平很专业，机上问候还问候了我的棉花娃娃。中间看到我在拍娃娃还帮我开顶灯，说如果还需要补光可以用阅读灯😇 唯一问题就是在下降阶段卖货😂真的难绷,0,
288,6CE69E7D-04A5-4A8C-B78D-AA8EEEFE1D58_hd.jpg,/Users/lazywords/Code/高卡紫相关/QQ群相册/商务舱/images/6CE69E7D-04A5-4A8C-B78D-AA8EEEFE1D58_hd.jpg,Pastoral,2026年03月04日 09:47,NH961 HND-PEK 超售升的商务 773的121布局，相比于PEK出发的NH962，餐食规格高了半档，比如有正经甜品了而不是跟经济舱一样是哈根达斯。西餐基本能吃饱，就是面包稍微不那么热，是温的。,0,
289,1E1D8CF8-40AB-4CBA-83BF-F3789CDA56AE_hd.jpg,/Users/lazywords/Code/高卡紫相关/QQ群相册/商务舱/images/1E1D8CF8-40AB-4CBA-83BF-F3789CDA56AE_hd.jpg,Pastoral,2026年03月04日 09:47,NH961 HND-PEK 超售升的商务 773的121布局，相比于PEK出发的NH962，餐食规格高了半档，比如有正经甜品了而不是跟经济舱一样是哈根达斯。西餐基本能吃饱，就是面包稍微不那么热，是温的。,0,
290,FF31D9E1-4F4E-42C5-8086-A034DB892F0F_hd.jpg,/Users/lazywords/Code/高卡紫相关/QQ群相册/商务舱/images/FF31D9E1-4F4E-42C5-8086-A034DB892F0F_hd.jpg,Pastoral,2026年03月04日 09:47,NH961 HND-PEK 超售升的商务 773的121布局，相比于PEK出发的NH962，餐食规格高了半档，比如有正经甜品了而不是跟经济舱一样是哈根达斯。西餐基本能吃饱，就是面包稍微不那么热，是温的。,0,
291,08C6FE78-2943-4AF1-8317-576668D912ED_hd.jpg,/Users/lazywords/Code/高卡紫相关/QQ群相册/商务舱/images/08C6FE78-2943-4AF1-8317-576668D912ED_hd.jpg,Pastoral,2026年03月04日 09:47,NH961 HND-PEK 超售升的商务 773的121布局，相比于PEK出发的NH962，餐食规格高了半档，比如有正经甜品了而不是跟经济舱一样是哈根达斯。西餐基本能吃饱，就是面包稍微不那么热，是温的。,0,
292,86075BDD-240D-4A57-96D7-4938D5750429_hd.jpg,/Users/lazywords/Code/高卡紫相关/QQ群相册/商务舱/images/86075BDD-240D-4A57-96D7-4938D5750429_hd.jpg,D-ABYP,2026年03月04日 06:28,CX527 NRT-HKG A359临时换77W尔雅 前菜主菜很拉，整套餐食最好吃的是抹茶曲奇味的哈根达斯,0,
293,A150C8CF-ED46-4F98-9DA1-2455EE7D1310_hd.jpg,/Users/lazywords/Code/高卡紫相关/QQ群相册/商务舱/images/A150C8CF-ED46-4F98-9DA1-2455EE7D1310_hd.jpg,D-ABYP,2026年03月04日 06:28,CX527 NRT-HKG A359临时换77W尔雅 前菜主菜很拉，整套餐食最好吃的是抹茶曲奇味的哈根达斯,0,
294,CD6A0F36-E8FF-44DB-8455-AB87512AD6D7_hd.jpg,/Users/lazywords/Code/高卡紫相关/QQ群相册/商务舱/images/CD6A0F36-E8FF-44DB-8455-AB87512AD6D7_hd.jpg,D-ABYP,2026年03月04日 06:28,CX527 NRT-HKG A359临时换77W尔雅 前菜主菜很拉，整套餐食最好吃的是抹茶曲奇味的哈根达斯,0,
295,V5bCQAzNzcxNDQ5OTa4rrNpGsArFQ!!.jpg,/Users/lazywords/Code/高卡紫相关/QQ群相册/商务舱/images/V5bCQAzNzcxNDQ5OTa4rrNpGsArFQ!!.jpg,6岔路口[em]e327853[/em]矢泽兔熊,2026年03月13日 14:29,2026.03.10 LX189 A340-300 PVG-ZRH 瑞士国际航空上海浦东浦东-苏黎世公务舱，算是非常有名的航空纪录片飞行员之眼里面提到的在航空爱好者圈子里面很有名的一趟航班了。 优点：座椅设计和产品选择，储物空间和设计语言的连续性非常的牛，平面设计设计语言，交互等各个方面的连续性非常强，而且非常好看。提供的床品质量非常好，躺下去之后的腿部空间也是连续的，没有故意收窄脚部。座椅设计跟体感非常舒适，收纳空间相当不错。间餐也相当不错，冷热甜咸点都有。服务上也相当不错，挺说得来话的，一种程度上算有求必应。飞机维护的特别好。 缺点： 但不代表这是一个无懈可击的无敌级公务舱体验，比如第一是私密性确实缺乏，没有小门，而且扶手不能放下去，睡眠的时候会卡到腰。然后餐食方面并没有那么好，而且用餐流程非常的长，基本上是开始吃饭的时候在济南，等到吃完所有东西的时候已经飞到酒泉了；服务上的有求必应是他们有多少能给多少，但是他们能给的其实不多；过夜包里面的东西种类非常的少，没有拖鞋不说，连眼罩都没有，算是很小气了，这方面显著不如几个天合系，虽然瑞士航空是汉莎集团最不抠门的一个，但是汉莎集团的本质还是超级抠门，在瑞士航空这边也不能幸免。 总结为，如果你追求一个很好的休息质量和很好的视觉体验，那这趟航班飞得非常值。但是如果你追求嘴上面吃的好一些的话，我只能说瑞士航空的这个餐食体验也就是能吃饱（可能是星空联盟特色碳水管够）而不能吃好的水平，所有东西都看起来有来头，但都不过如此，听说这班的话，头等体验会更好，但对于如何低成本搞来头等机票的方案尚不明确，以后的研究可以继续完善这一点。,0,
296,V5bCQAzNzcxNDQ5OTa3rrNpk8tTFQ!!.jpg,/Users/lazywords/Code/高卡紫相关/QQ群相册/商务舱/images/V5bCQAzNzcxNDQ5OTa3rrNpk8tTFQ!!.jpg,6岔路口[em]e327853[/em]矢泽兔熊,2026年03月13日 14:29,2026.03.10 LX189 A340-300 PVG-ZRH 瑞士国际航空上海浦东浦东-苏黎世公务舱，算是非常有名的航空纪录片飞行员之眼里面提到的在航空爱好者圈子里面很有名的一趟航班了。 优点：座椅设计和产品选择，储物空间和设计语言的连续性非常的牛，平面设计设计语言，交互等各个方面的连续性非常强，而且非常好看。提供的床品质量非常好，躺下去之后的腿部空间也是连续的，没有故意收窄脚部。座椅设计跟体感非常舒适，收纳空间相当不错。间餐也相当不错，冷热甜咸点都有。服务上也相当不错，挺说得来话的，一种程度上算有求必应。飞机维护的特别好。 缺点： 但不代表这是一个无懈可击的无敌级公务舱体验，比如第一是私密性确实缺乏，没有小门，而且扶手不能放下去，睡眠的时候会卡到腰。然后餐食方面并没有那么好，而且用餐流程非常的长，基本上是开始吃饭的时候在济南，等到吃完所有东西的时候已经飞到酒泉了；服务上的有求必应是他们有多少能给多少，但是他们能给的其实不多；过夜包里面的东西种类非常的少，没有拖鞋不说，连眼罩都没有，算是很小气了，这方面显著不如几个天合系，虽然瑞士航空是汉莎集团最不抠门的一个，但是汉莎集团的本质还是超级抠门，在瑞士航空这边也不能幸免。 总结为，如果你追求一个很好的休息质量和很好的视觉体验，那这趟航班飞得非常值。但是如果你追求嘴上面吃的好一些的话，我只能说瑞士航空的这个餐食体验也就是能吃饱（可能是星空联盟特色碳水管够）而不能吃好的水平，所有东西都看起来有来头，但都不过如此，听说这班的话，头等体验会更好，但对于如何低成本搞来头等机票的方案尚不明确，以后的研究可以继续完善这一点。,0,
297,V5bCQAzNzcxNDQ5OTa2rrNpHEQtFQ!!.jpg,/Users/lazywords/Code/高卡紫相关/QQ群相册/商务舱/images/V5bCQAzNzcxNDQ5OTa2rrNpHEQtFQ!!.jpg,6岔路口[em]e327853[/em]矢泽兔熊,2026年03月13日 14:29,2026.03.10 LX189 A340-300 PVG-ZRH 瑞士国际航空上海浦东浦东-苏黎世公务舱，算是非常有名的航空纪录片飞行员之眼里面提到的在航空爱好者圈子里面很有名的一趟航班了。 优点：座椅设计和产品选择，储物空间和设计语言的连续性非常的牛，平面设计设计语言，交互等各个方面的连续性非常强，而且非常好看。提供的床品质量非常好，躺下去之后的腿部空间也是连续的，没有故意收窄脚部。座椅设计跟体感非常舒适，收纳空间相当不错。间餐也相当不错，冷热甜咸点都有。服务上也相当不错，挺说得来话的，一种程度上算有求必应。飞机维护的特别好。 缺点： 但不代表这是一个无懈可击的无敌级公务舱体验，比如第一是私密性确实缺乏，没有小门，而且扶手不能放下去，睡眠的时候会卡到腰。然后餐食方面并没有那么好，而且用餐流程非常的长，基本上是开始吃饭的时候在济南，等到吃完所有东西的时候已经飞到酒泉了；服务上的有求必应是他们有多少能给多少，但是他们能给的其实不多；过夜包里面的东西种类非常的少，没有拖鞋不说，连眼罩都没有，算是很小气了，这方面显著不如几个天合系，虽然瑞士航空是汉莎集团最不抠门的一个，但是汉莎集团的本质还是超级抠门，在瑞士航空这边也不能幸免。 总结为，如果你追求一个很好的休息质量和很好的视觉体验，那这趟航班飞得非常值。但是如果你追求嘴上面吃的好一些的话，我只能说瑞士航空的这个餐食体验也就是能吃饱（可能是星空联盟特色碳水管够）而不能吃好的水平，所有东西都看起来有来头，但都不过如此，听说这班的话，头等体验会更好，但对于如何低成本搞来头等机票的方案尚不明确，以后的研究可以继续完善这一点。,0,
298,V5bCQAzNzcxNDQ5OTa1rrNpCRo.FQ!!,/Users/lazywords/Code/高卡紫相关/QQ群相册/商务舱/images/V5bCQAzNzcxNDQ5OTa1rrNpCRo.FQ!!,6岔路口[em]e327853[/em]矢泽兔熊,2026年03月13日 14:29,2026.03.10 LX189 A340-300 PVG-ZRH 瑞士国际航空上海浦东浦东-苏黎世公务舱，算是非常有名的航空纪录片飞行员之眼里面提到的在航空爱好者圈子里面很有名的一趟航班了。 优点：座椅设计和产品选择，储物空间和设计语言的连续性非常的牛，平面设计设计语言，交互等各个方面的连续性非常强，而且非常好看。提供的床品质量非常好，躺下去之后的腿部空间也是连续的，没有故意收窄脚部。座椅设计跟体感非常舒适，收纳空间相当不错。间餐也相当不错，冷热甜咸点都有。服务上也相当不错，挺说得来话的，一种程度上算有求必应。飞机维护的特别好。 缺点： 但不代表这是一个无懈可击的无敌级公务舱体验，比如第一是私密性确实缺乏，没有小门，而且扶手不能放下去，睡眠的时候会卡到腰。然后餐食方面并没有那么好，而且用餐流程非常的长，基本上是开始吃饭的时候在济南，等到吃完所有东西的时候已经飞到酒泉了；服务上的有求必应是他们有多少能给多少，但是他们能给的其实不多；过夜包里面的东西种类非常的少，没有拖鞋不说，连眼罩都没有，算是很小气了，这方面显著不如几个天合系，虽然瑞士航空是汉莎集团最不抠门的一个，但是汉莎集团的本质还是超级抠门，在瑞士航空这边也不能幸免。 总结为，如果你追求一个很好的休息质量和很好的视觉体验，那这趟航班飞得非常值。但是如果你追求嘴上面吃的好一些的话，我只能说瑞士航空的这个餐食体验也就是能吃饱（可能是星空联盟特色碳水管够）而不能吃好的水平，所有东西都看起来有来头，但都不过如此，听说这班的话，头等体验会更好，但对于如何低成本搞来头等机票的方案尚不明确，以后的研究可以继续完善这一点。,0,
299,V5bCQAzNzcxNDQ5OTa0rrNpU288FQ!!.jpg,/Users/lazywords/Code/高卡紫相关/QQ群相册/商务舱/images/V5bCQAzNzcxNDQ5OTa0rrNpU288FQ!!.jpg,6岔路口[em]e327853[/em]矢泽兔熊,2026年03月13日 14:29,2026.03.10 LX189 A340-300 PVG-ZRH 瑞士国际航空上海浦东浦东-苏黎世公务舱，算是非常有名的航空纪录片飞行员之眼里面提到的在航空爱好者圈子里面很有名的一趟航班了。 优点：座椅设计和产品选择，储物空间和设计语言的连续性非常的牛，平面设计设计语言，交互等各个方面的连续性非常强，而且非常好看。提供的床品质量非常好，躺下去之后的腿部空间也是连续的，没有故意收窄脚部。座椅设计跟体感非常舒适，收纳空间相当不错。间餐也相当不错，冷热甜咸点都有。服务上也相当不错，挺说得来话的，一种程度上算有求必应。飞机维护的特别好。 缺点： 但不代表这是一个无懈可击的无敌级公务舱体验，比如第一是私密性确实缺乏，没有小门，而且扶手不能放下去，睡眠的时候会卡到腰。然后餐食方面并没有那么好，而且用餐流程非常的长，基本上是开始吃饭的时候在济南，等到吃完所有东西的时候已经飞到酒泉了；服务上的有求必应是他们有多少能给多少，但是他们能给的其实不多；过夜包里面的东西种类非常的少，没有拖鞋不说，连眼罩都没有，算是很小气了，这方面显著不如几个天合系，虽然瑞士航空是汉莎集团最不抠门的一个，但是汉莎集团的本质还是超级抠门，在瑞士航空这边也不能幸免。 总结为，如果你追求一个很好的休息质量和很好的视觉体验，那这趟航班飞得非常值。但是如果你追求嘴上面吃的好一些的话，我只能说瑞士航空的这个餐食体验也就是能吃饱（可能是星空联盟特色碳水管够）而不能吃好的水平，所有东西都看起来有来头，但都不过如此，听说这班的话，头等体验会更好，但对于如何低成本搞来头等机票的方案尚不明确，以后的研究可以继续完善这一点。,0,
300,V5bCQAzNzcxNDQ5OTazrrNp2dJUFQ!!.jpg,/Users/lazywords/Code/高卡紫相关/QQ群相册/商务舱/images/V5bCQAzNzcxNDQ5OTazrrNp2dJUFQ!!.jpg,6岔路口[em]e327853[/em]矢泽兔熊,2026年03月13日 14:29,2026.03.10 LX189 A340-300 PVG-ZRH 瑞士国际航空上海浦东浦东-苏黎世公务舱，算是非常有名的航空纪录片飞行员之眼里面提到的在航空爱好者圈子里面很有名的一趟航班了。 优点：座椅设计和产品选择，储物空间和设计语言的连续性非常的牛，平面设计设计语言，交互等各个方面的连续性非常强，而且非常好看。提供的床品质量非常好，躺下去之后的腿部空间也是连续的，没有故意收窄脚部。座椅设计跟体感非常舒适，收纳空间相当不错。间餐也相当不错，冷热甜咸点都有。服务上也相当不错，挺说得来话的，一种程度上算有求必应。飞机维护的特别好。 缺点： 但不代表这是一个无懈可击的无敌级公务舱体验，比如第一是私密性确实缺乏，没有小门，而且扶手不能放下去，睡眠的时候会卡到腰。然后餐食方面并没有那么好，而且用餐流程非常的长，基本上是开始吃饭的时候在济南，等到吃完所有东西的时候已经飞到酒泉了；服务上的有求必应是他们有多少能给多少，但是他们能给的其实不多；过夜包里面的东西种类非常的少，没有拖鞋不说，连眼罩都没有，算是很小气了，这方面显著不如几个天合系，虽然瑞士航空是汉莎集团最不抠门的一个，但是汉莎集团的本质还是超级抠门，在瑞士航空这边也不能幸免。 总结为，如果你追求一个很好的休息质量和很好的视觉体验，那这趟航班飞得非常值。但是如果你追求嘴上面吃的好一些的话，我只能说瑞士航空的这个餐食体验也就是能吃饱（可能是星空联盟特色碳水管够）而不能吃好的水平，所有东西都看起来有来头，但都不过如此，听说这班的话，头等体验会更好，但对于如何低成本搞来头等机票的方案尚不明确，以后的研究可以继续完善这一点。,0,
301,V5bCQAzNzcxNDQ5OTayrrNp1WVeFQ!!.jpg,/Users/lazywords/Code/高卡紫相关/QQ群相册/商务舱/images/V5bCQAzNzcxNDQ5OTayrrNp1WVeFQ!!.jpg,6岔路口[em]e327853[/em]矢泽兔熊,2026年03月13日 14:29,2026.03.10 LX189 A340-300 PVG-ZRH 瑞士国际航空上海浦东浦东-苏黎世公务舱，算是非常有名的航空纪录片飞行员之眼里面提到的在航空爱好者圈子里面很有名的一趟航班了。 优点：座椅设计和产品选择，储物空间和设计语言的连续性非常的牛，平面设计设计语言，交互等各个方面的连续性非常强，而且非常好看。提供的床品质量非常好，躺下去之后的腿部空间也是连续的，没有故意收窄脚部。座椅设计跟体感非常舒适，收纳空间相当不错。间餐也相当不错，冷热甜咸点都有。服务上也相当不错，挺说得来话的，一种程度上算有求必应。飞机维护的特别好。 缺点： 但不代表这是一个无懈可击的无敌级公务舱体验，比如第一是私密性确实缺乏，没有小门，而且扶手不能放下去，睡眠的时候会卡到腰。然后餐食方面并没有那么好，而且用餐流程非常的长，基本上是开始吃饭的时候在济南，等到吃完所有东西的时候已经飞到酒泉了；服务上的有求必应是他们有多少能给多少，但是他们能给的其实不多；过夜包里面的东西种类非常的少，没有拖鞋不说，连眼罩都没有，算是很小气了，这方面显著不如几个天合系，虽然瑞士航空是汉莎集团最不抠门的一个，但是汉莎集团的本质还是超级抠门，在瑞士航空这边也不能幸免。 总结为，如果你追求一个很好的休息质量和很好的视觉体验，那这趟航班飞得非常值。但是如果你追求嘴上面吃的好一些的话，我只能说瑞士航空的这个餐食体验也就是能吃饱（可能是星空联盟特色碳水管够）而不能吃好的水平，所有东西都看起来有来头，但都不过如此，听说这班的话，头等体验会更好，但对于如何低成本搞来头等机票的方案尚不明确，以后的研究可以继续完善这一点。,0,
302,V5bCQAzNzcxNDQ5OTaxrrNpeQ5xFQ!!.jpg,/Users/lazywords/Code/高卡紫相关/QQ群相册/商务舱/images/V5bCQAzNzcxNDQ5OTaxrrNpeQ5xFQ!!.jpg,6岔路口[em]e327853[/em]矢泽兔熊,2026年03月13日 14:29,2026.03.10 LX189 A340-300 PVG-ZRH 瑞士国际航空上海浦东浦东-苏黎世公务舱，算是非常有名的航空纪录片飞行员之眼里面提到的在航空爱好者圈子里面很有名的一趟航班了。 优点：座椅设计和产品选择，储物空间和设计语言的连续性非常的牛，平面设计设计语言，交互等各个方面的连续性非常强，而且非常好看。提供的床品质量非常好，躺下去之后的腿部空间也是连续的，没有故意收窄脚部。座椅设计跟体感非常舒适，收纳空间相当不错。间餐也相当不错，冷热甜咸点都有。服务上也相当不错，挺说得来话的，一种程度上算有求必应。飞机维护的特别好。 缺点： 但不代表这是一个无懈可击的无敌级公务舱体验，比如第一是私密性确实缺乏，没有小门，而且扶手不能放下去，睡眠的时候会卡到腰。然后餐食方面并没有那么好，而且用餐流程非常的长，基本上是开始吃饭的时候在济南，等到吃完所有东西的时候已经飞到酒泉了；服务上的有求必应是他们有多少能给多少，但是他们能给的其实不多；过夜包里面的东西种类非常的少，没有拖鞋不说，连眼罩都没有，算是很小气了，这方面显著不如几个天合系，虽然瑞士航空是汉莎集团最不抠门的一个，但是汉莎集团的本质还是超级抠门，在瑞士航空这边也不能幸免。 总结为，如果你追求一个很好的休息质量和很好的视觉体验，那这趟航班飞得非常值。但是如果你追求嘴上面吃的好一些的话，我只能说瑞士航空的这个餐食体验也就是能吃饱（可能是星空联盟特色碳水管够）而不能吃好的水平，所有东西都看起来有来头，但都不过如此，听说这班的话，头等体验会更好，但对于如何低成本搞来头等机票的方案尚不明确，以后的研究可以继续完善这一点。,0,
303,V5bCQAzNzcxNDQ5OTawrrNp5UxnFQ!!.jpg,/Users/lazywords/Code/高卡紫相关/QQ群相册/商务舱/images/V5bCQAzNzcxNDQ5OTawrrNp5UxnFQ!!.jpg,6岔路口[em]e327853[/em]矢泽兔熊,2026年03月13日 14:29,2026.03.10 LX189 A340-300 PVG-ZRH 瑞士国际航空上海浦东浦东-苏黎世公务舱，算是非常有名的航空纪录片飞行员之眼里面提到的在航空爱好者圈子里面很有名的一趟航班了。 优点：座椅设计和产品选择，储物空间和设计语言的连续性非常的牛，平面设计设计语言，交互等各个方面的连续性非常强，而且非常好看。提供的床品质量非常好，躺下去之后的腿部空间也是连续的，没有故意收窄脚部。座椅设计跟体感非常舒适，收纳空间相当不错。间餐也相当不错，冷热甜咸点都有。服务上也相当不错，挺说得来话的，一种程度上算有求必应。飞机维护的特别好。 缺点： 但不代表这是一个无懈可击的无敌级公务舱体验，比如第一是私密性确实缺乏，没有小门，而且扶手不能放下去，睡眠的时候会卡到腰。然后餐食方面并没有那么好，而且用餐流程非常的长，基本上是开始吃饭的时候在济南，等到吃完所有东西的时候已经飞到酒泉了；服务上的有求必应是他们有多少能给多少，但是他们能给的其实不多；过夜包里面的东西种类非常的少，没有拖鞋不说，连眼罩都没有，算是很小气了，这方面显著不如几个天合系，虽然瑞士航空是汉莎集团最不抠门的一个，但是汉莎集团的本质还是超级抠门，在瑞士航空这边也不能幸免。 总结为，如果你追求一个很好的休息质量和很好的视觉体验，那这趟航班飞得非常值。但是如果你追求嘴上面吃的好一些的话，我只能说瑞士航空的这个餐食体验也就是能吃饱（可能是星空联盟特色碳水管够）而不能吃好的水平，所有东西都看起来有来头，但都不过如此，听说这班的话，头等体验会更好，但对于如何低成本搞来头等机票的方案尚不明确，以后的研究可以继续完善这一点。,0,
304,V5bCQAzNzcxNDQ5OTavrrNp5xJ6FQ!!.jpg,/Users/lazywords/Code/高卡紫相关/QQ群相册/商务舱/images/V5bCQAzNzcxNDQ5OTavrrNp5xJ6FQ!!.jpg,6岔路口[em]e327853[/em]矢泽兔熊,2026年03月13日 14:29,2026.03.10 LX189 A340-300 PVG-ZRH 瑞士国际航空上海浦东浦东-苏黎世公务舱，算是非常有名的航空纪录片飞行员之眼里面提到的在航空爱好者圈子里面很有名的一趟航班了。 优点：座椅设计和产品选择，储物空间和设计语言的连续性非常的牛，平面设计设计语言，交互等各个方面的连续性非常强，而且非常好看。提供的床品质量非常好，躺下去之后的腿部空间也是连续的，没有故意收窄脚部。座椅设计跟体感非常舒适，收纳空间相当不错。间餐也相当不错，冷热甜咸点都有。服务上也相当不错，挺说得来话的，一种程度上算有求必应。飞机维护的特别好。 缺点： 但不代表这是一个无懈可击的无敌级公务舱体验，比如第一是私密性确实缺乏，没有小门，而且扶手不能放下去，睡眠的时候会卡到腰。然后餐食方面并没有那么好，而且用餐流程非常的长，基本上是开始吃饭的时候在济南，等到吃完所有东西的时候已经飞到酒泉了；服务上的有求必应是他们有多少能给多少，但是他们能给的其实不多；过夜包里面的东西种类非常的少，没有拖鞋不说，连眼罩都没有，算是很小气了，这方面显著不如几个天合系，虽然瑞士航空是汉莎集团最不抠门的一个，但是汉莎集团的本质还是超级抠门，在瑞士航空这边也不能幸免。 总结为，如果你追求一个很好的休息质量和很好的视觉体验，那这趟航班飞得非常值。但是如果你追求嘴上面吃的好一些的话，我只能说瑞士航空的这个餐食体验也就是能吃饱（可能是星空联盟特色碳水管够）而不能吃好的水平，所有东西都看起来有来头，但都不过如此，听说这班的话，头等体验会更好，但对于如何低成本搞来头等机票的方案尚不明确，以后的研究可以继续完善这一点。,0,
305,V5bCQAzNzcxNDQ5OTaurrNpJj51FQ!!.jpg,/Users/lazywords/Code/高卡紫相关/QQ群相册/商务舱/images/V5bCQAzNzcxNDQ5OTaurrNpJj51FQ!!.jpg,6岔路口[em]e327853[/em]矢泽兔熊,2026年03月13日 14:29,2026.03.10 LX189 A340-300 PVG-ZRH 瑞士国际航空上海浦东浦东-苏黎世公务舱，算是非常有名的航空纪录片飞行员之眼里面提到的在航空爱好者圈子里面很有名的一趟航班了。 优点：座椅设计和产品选择，储物空间和设计语言的连续性非常的牛，平面设计设计语言，交互等各个方面的连续性非常强，而且非常好看。提供的床品质量非常好，躺下去之后的腿部空间也是连续的，没有故意收窄脚部。座椅设计跟体感非常舒适，收纳空间相当不错。间餐也相当不错，冷热甜咸点都有。服务上也相当不错，挺说得来话的，一种程度上算有求必应。飞机维护的特别好。 缺点： 但不代表这是一个无懈可击的无敌级公务舱体验，比如第一是私密性确实缺乏，没有小门，而且扶手不能放下去，睡眠的时候会卡到腰。然后餐食方面并没有那么好，而且用餐流程非常的长，基本上是开始吃饭的时候在济南，等到吃完所有东西的时候已经飞到酒泉了；服务上的有求必应是他们有多少能给多少，但是他们能给的其实不多；过夜包里面的东西种类非常的少，没有拖鞋不说，连眼罩都没有，算是很小气了，这方面显著不如几个天合系，虽然瑞士航空是汉莎集团最不抠门的一个，但是汉莎集团的本质还是超级抠门，在瑞士航空这边也不能幸免。 总结为，如果你追求一个很好的休息质量和很好的视觉体验，那这趟航班飞得非常值。但是如果你追求嘴上面吃的好一些的话，我只能说瑞士航空的这个餐食体验也就是能吃饱（可能是星空联盟特色碳水管够）而不能吃好的水平，所有东西都看起来有来头，但都不过如此，听说这班的话，头等体验会更好，但对于如何低成本搞来头等机票的方案尚不明确，以后的研究可以继续完善这一点。,0,
306,V5bCQAzNzcxNDQ5OTatrrNpK7GLFQ!!.jpg,/Users/lazywords/Code/高卡紫相关/QQ群相册/商务舱/images/V5bCQAzNzcxNDQ5OTatrrNpK7GLFQ!!.jpg,6岔路口[em]e327853[/em]矢泽兔熊,2026年03月13日 14:29,2026.03.10 LX189 A340-300 PVG-ZRH 瑞士国际航空上海浦东浦东-苏黎世公务舱，算是非常有名的航空纪录片飞行员之眼里面提到的在航空爱好者圈子里面很有名的一趟航班了。 优点：座椅设计和产品选择，储物空间和设计语言的连续性非常的牛，平面设计设计语言，交互等各个方面的连续性非常强，而且非常好看。提供的床品质量非常好，躺下去之后的腿部空间也是连续的，没有故意收窄脚部。座椅设计跟体感非常舒适，收纳空间相当不错。间餐也相当不错，冷热甜咸点都有。服务上也相当不错，挺说得来话的，一种程度上算有求必应。飞机维护的特别好。 缺点： 但不代表这是一个无懈可击的无敌级公务舱体验，比如第一是私密性确实缺乏，没有小门，而且扶手不能放下去，睡眠的时候会卡到腰。然后餐食方面并没有那么好，而且用餐流程非常的长，基本上是开始吃饭的时候在济南，等到吃完所有东西的时候已经飞到酒泉了；服务上的有求必应是他们有多少能给多少，但是他们能给的其实不多；过夜包里面的东西种类非常的少，没有拖鞋不说，连眼罩都没有，算是很小气了，这方面显著不如几个天合系，虽然瑞士航空是汉莎集团最不抠门的一个，但是汉莎集团的本质还是超级抠门，在瑞士航空这边也不能幸免。 总结为，如果你追求一个很好的休息质量和很好的视觉体验，那这趟航班飞得非常值。但是如果你追求嘴上面吃的好一些的话，我只能说瑞士航空的这个餐食体验也就是能吃饱（可能是星空联盟特色碳水管够）而不能吃好的水平，所有东西都看起来有来头，但都不过如此，听说这班的话，头等体验会更好，但对于如何低成本搞来头等机票的方案尚不明确，以后的研究可以继续完善这一点。,0,
307,V5bCQAzNzcxNDQ5OTasrrNpWt2IFQ!!.jpg,/Users/lazywords/Code/高卡紫相关/QQ群相册/商务舱/images/V5bCQAzNzcxNDQ5OTasrrNpWt2IFQ!!.jpg,6岔路口[em]e327853[/em]矢泽兔熊,2026年03月13日 14:29,2026.03.10 LX189 A340-300 PVG-ZRH 瑞士国际航空上海浦东浦东-苏黎世公务舱，算是非常有名的航空纪录片飞行员之眼里面提到的在航空爱好者圈子里面很有名的一趟航班了。 优点：座椅设计和产品选择，储物空间和设计语言的连续性非常的牛，平面设计设计语言，交互等各个方面的连续性非常强，而且非常好看。提供的床品质量非常好，躺下去之后的腿部空间也是连续的，没有故意收窄脚部。座椅设计跟体感非常舒适，收纳空间相当不错。间餐也相当不错，冷热甜咸点都有。服务上也相当不错，挺说得来话的，一种程度上算有求必应。飞机维护的特别好。 缺点： 但不代表这是一个无懈可击的无敌级公务舱体验，比如第一是私密性确实缺乏，没有小门，而且扶手不能放下去，睡眠的时候会卡到腰。然后餐食方面并没有那么好，而且用餐流程非常的长，基本上是开始吃饭的时候在济南，等到吃完所有东西的时候已经飞到酒泉了；服务上的有求必应是他们有多少能给多少，但是他们能给的其实不多；过夜包里面的东西种类非常的少，没有拖鞋不说，连眼罩都没有，算是很小气了，这方面显著不如几个天合系，虽然瑞士航空是汉莎集团最不抠门的一个，但是汉莎集团的本质还是超级抠门，在瑞士航空这边也不能幸免。 总结为，如果你追求一个很好的休息质量和很好的视觉体验，那这趟航班飞得非常值。但是如果你追求嘴上面吃的好一些的话，我只能说瑞士航空的这个餐食体验也就是能吃饱（可能是星空联盟特色碳水管够）而不能吃好的水平，所有东西都看起来有来头，但都不过如此，听说这班的话，头等体验会更好，但对于如何低成本搞来头等机票的方案尚不明确，以后的研究可以继续完善这一点。,0,
308,V5bCQAzNzcxNDQ5OTarrrNpHy2PFQ!!.jpg,/Users/lazywords/Code/高卡紫相关/QQ群相册/商务舱/images/V5bCQAzNzcxNDQ5OTarrrNpHy2PFQ!!.jpg,6岔路口[em]e327853[/em]矢泽兔熊,2026年03月13日 14:28,2026.03.10 LX189 A340-300 PVG-ZRH 瑞士国际航空上海浦东浦东-苏黎世公务舱，算是非常有名的航空纪录片飞行员之眼里面提到的在航空爱好者圈子里面很有名的一趟航班了。 优点：座椅设计和产品选择，储物空间和设计语言的连续性非常的牛，平面设计设计语言，交互等各个方面的连续性非常强，而且非常好看。提供的床品质量非常好，躺下去之后的腿部空间也是连续的，没有故意收窄脚部。座椅设计跟体感非常舒适，收纳空间相当不错。间餐也相当不错，冷热甜咸点都有。服务上也相当不错，挺说得来话的，一种程度上算有求必应。飞机维护的特别好。 缺点： 但不代表这是一个无懈可击的无敌级公务舱体验，比如第一是私密性确实缺乏，没有小门，而且扶手不能放下去，睡眠的时候会卡到腰。然后餐食方面并没有那么好，而且用餐流程非常的长，基本上是开始吃饭的时候在济南，等到吃完所有东西的时候已经飞到酒泉了；服务上的有求必应是他们有多少能给多少，但是他们能给的其实不多；过夜包里面的东西种类非常的少，没有拖鞋不说，连眼罩都没有，算是很小气了，这方面显著不如几个天合系，虽然瑞士航空是汉莎集团最不抠门的一个，但是汉莎集团的本质还是超级抠门，在瑞士航空这边也不能幸免。 总结为，如果你追求一个很好的休息质量和很好的视觉体验，那这趟航班飞得非常值。但是如果你追求嘴上面吃的好一些的话，我只能说瑞士航空的这个餐食体验也就是能吃饱（可能是星空联盟特色碳水管够）而不能吃好的水平，所有东西都看起来有来头，但都不过如此，听说这班的话，头等体验会更好，但对于如何低成本搞来头等机票的方案尚不明确，以后的研究可以继续完善这一点。,0,
309,V5bCQAzNzcxNDQ5OTaqrrNp5WWbFQ!!.jpg,/Users/lazywords/Code/高卡紫相关/QQ群相册/商务舱/images/V5bCQAzNzcxNDQ5OTaqrrNp5WWbFQ!!.jpg,6岔路口[em]e327853[/em]矢泽兔熊,2026年03月13日 14:28,2026.03.10 LX189 A340-300 PVG-ZRH 瑞士国际航空上海浦东浦东-苏黎世公务舱，算是非常有名的航空纪录片飞行员之眼里面提到的在航空爱好者圈子里面很有名的一趟航班了。 优点：座椅设计和产品选择，储物空间和设计语言的连续性非常的牛，平面设计设计语言，交互等各个方面的连续性非常强，而且非常好看。提供的床品质量非常好，躺下去之后的腿部空间也是连续的，没有故意收窄脚部。座椅设计跟体感非常舒适，收纳空间相当不错。间餐也相当不错，冷热甜咸点都有。服务上也相当不错，挺说得来话的，一种程度上算有求必应。飞机维护的特别好。 缺点： 但不代表这是一个无懈可击的无敌级公务舱体验，比如第一是私密性确实缺乏，没有小门，而且扶手不能放下去，睡眠的时候会卡到腰。然后餐食方面并没有那么好，而且用餐流程非常的长，基本上是开始吃饭的时候在济南，等到吃完所有东西的时候已经飞到酒泉了；服务上的有求必应是他们有多少能给多少，但是他们能给的其实不多；过夜包里面的东西种类非常的少，没有拖鞋不说，连眼罩都没有，算是很小气了，这方面显著不如几个天合系，虽然瑞士航空是汉莎集团最不抠门的一个，但是汉莎集团的本质还是超级抠门，在瑞士航空这边也不能幸免。 总结为，如果你追求一个很好的休息质量和很好的视觉体验，那这趟航班飞得非常值。但是如果你追求嘴上面吃的好一些的话，我只能说瑞士航空的这个餐食体验也就是能吃饱（可能是星空联盟特色碳水管够）而不能吃好的水平，所有东西都看起来有来头，但都不过如此，听说这班的话，头等体验会更好，但对于如何低成本搞来头等机票的方案尚不明确，以后的研究可以继续完善这一点。,0,
310,V5bCQAzNzcxNDQ5OTaprrNpwmeyFQ!!.jpg,/Users/lazywords/Code/高卡紫相关/QQ群相册/商务舱/images/V5bCQAzNzcxNDQ5OTaprrNpwmeyFQ!!.jpg,6岔路口[em]e327853[/em]矢泽兔熊,2026年03月13日 14:28,2026.03.10 LX189 A340-300 PVG-ZRH 瑞士国际航空上海浦东浦东-苏黎世公务舱，算是非常有名的航空纪录片飞行员之眼里面提到的在航空爱好者圈子里面很有名的一趟航班了。 优点：座椅设计和产品选择，储物空间和设计语言的连续性非常的牛，平面设计设计语言，交互等各个方面的连续性非常强，而且非常好看。提供的床品质量非常好，躺下去之后的腿部空间也是连续的，没有故意收窄脚部。座椅设计跟体感非常舒适，收纳空间相当不错。间餐也相当不错，冷热甜咸点都有。服务上也相当不错，挺说得来话的，一种程度上算有求必应。飞机维护的特别好。 缺点： 但不代表这是一个无懈可击的无敌级公务舱体验，比如第一是私密性确实缺乏，没有小门，而且扶手不能放下去，睡眠的时候会卡到腰。然后餐食方面并没有那么好，而且用餐流程非常的长，基本上是开始吃饭的时候在济南，等到吃完所有东西的时候已经飞到酒泉了；服务上的有求必应是他们有多少能给多少，但是他们能给的其实不多；过夜包里面的东西种类非常的少，没有拖鞋不说，连眼罩都没有，算是很小气了，这方面显著不如几个天合系，虽然瑞士航空是汉莎集团最不抠门的一个，但是汉莎集团的本质还是超级抠门，在瑞士航空这边也不能幸免。 总结为，如果你追求一个很好的休息质量和很好的视觉体验，那这趟航班飞得非常值。但是如果你追求嘴上面吃的好一些的话，我只能说瑞士航空的这个餐食体验也就是能吃饱（可能是星空联盟特色碳水管够）而不能吃好的水平，所有东西都看起来有来头，但都不过如此，听说这班的话，头等体验会更好，但对于如何低成本搞来头等机票的方案尚不明确，以后的研究可以继续完善这一点。,0,
311,V5bCQAzNzcxNDQ5OTaorrNpS6qtFQ!!.jpg,/Users/lazywords/Code/高卡紫相关/QQ群相册/商务舱/images/V5bCQAzNzcxNDQ5OTaorrNpS6qtFQ!!.jpg,6岔路口[em]e327853[/em]矢泽兔熊,2026年03月13日 14:28,2026.03.10 LX189 A340-300 PVG-ZRH 瑞士国际航空上海浦东浦东-苏黎世公务舱，算是非常有名的航空纪录片飞行员之眼里面提到的在航空爱好者圈子里面很有名的一趟航班了。 优点：座椅设计和产品选择，储物空间和设计语言的连续性非常的牛，平面设计设计语言，交互等各个方面的连续性非常强，而且非常好看。提供的床品质量非常好，躺下去之后的腿部空间也是连续的，没有故意收窄脚部。座椅设计跟体感非常舒适，收纳空间相当不错。间餐也相当不错，冷热甜咸点都有。服务上也相当不错，挺说得来话的，一种程度上算有求必应。飞机维护的特别好。 缺点： 但不代表这是一个无懈可击的无敌级公务舱体验，比如第一是私密性确实缺乏，没有小门，而且扶手不能放下去，睡眠的时候会卡到腰。然后餐食方面并没有那么好，而且用餐流程非常的长，基本上是开始吃饭的时候在济南，等到吃完所有东西的时候已经飞到酒泉了；服务上的有求必应是他们有多少能给多少，但是他们能给的其实不多；过夜包里面的东西种类非常的少，没有拖鞋不说，连眼罩都没有，算是很小气了，这方面显著不如几个天合系，虽然瑞士航空是汉莎集团最不抠门的一个，但是汉莎集团的本质还是超级抠门，在瑞士航空这边也不能幸免。 总结为，如果你追求一个很好的休息质量和很好的视觉体验，那这趟航班飞得非常值。但是如果你追求嘴上面吃的好一些的话，我只能说瑞士航空的这个餐食体验也就是能吃饱（可能是星空联盟特色碳水管够）而不能吃好的水平，所有东西都看起来有来头，但都不过如此，听说这班的话，头等体验会更好，但对于如何低成本搞来头等机票的方案尚不明确，以后的研究可以继续完善这一点。,0,
312,V5bCQAzNzcxNDQ5OTanrrNpwXquFQ!!.jpg,/Users/lazywords/Code/高卡紫相关/QQ群相册/商务舱/images/V5bCQAzNzcxNDQ5OTanrrNpwXquFQ!!.jpg,6岔路口[em]e327853[/em]矢泽兔熊,2026年03月13日 14:28,2026.03.10 LX189 A340-300 PVG-ZRH 瑞士国际航空上海浦东浦东-苏黎世公务舱，算是非常有名的航空纪录片飞行员之眼里面提到的在航空爱好者圈子里面很有名的一趟航班了。 优点：座椅设计和产品选择，储物空间和设计语言的连续性非常的牛，平面设计设计语言，交互等各个方面的连续性非常强，而且非常好看。提供的床品质量非常好，躺下去之后的腿部空间也是连续的，没有故意收窄脚部。座椅设计跟体感非常舒适，收纳空间相当不错。间餐也相当不错，冷热甜咸点都有。服务上也相当不错，挺说得来话的，一种程度上算有求必应。飞机维护的特别好。 缺点： 但不代表这是一个无懈可击的无敌级公务舱体验，比如第一是私密性确实缺乏，没有小门，而且扶手不能放下去，睡眠的时候会卡到腰。然后餐食方面并没有那么好，而且用餐流程非常的长，基本上是开始吃饭的时候在济南，等到吃完所有东西的时候已经飞到酒泉了；服务上的有求必应是他们有多少能给多少，但是他们能给的其实不多；过夜包里面的东西种类非常的少，没有拖鞋不说，连眼罩都没有，算是很小气了，这方面显著不如几个天合系，虽然瑞士航空是汉莎集团最不抠门的一个，但是汉莎集团的本质还是超级抠门，在瑞士航空这边也不能幸免。 总结为，如果你追求一个很好的休息质量和很好的视觉体验，那这趟航班飞得非常值。但是如果你追求嘴上面吃的好一些的话，我只能说瑞士航空的这个餐食体验也就是能吃饱（可能是星空联盟特色碳水管够）而不能吃好的水平，所有东西都看起来有来头，但都不过如此，听说这班的话，头等体验会更好，但对于如何低成本搞来头等机票的方案尚不明确，以后的研究可以继续完善这一点。,0,
313,V5bCQAzNzcxNDQ5OTamrrNp0Zm9FQ!!.jpg,/Users/lazywords/Code/高卡紫相关/QQ群相册/商务舱/images/V5bCQAzNzcxNDQ5OTamrrNp0Zm9FQ!!.jpg,6岔路口[em]e327853[/em]矢泽兔熊,2026年03月13日 14:28,2026.03.10 LX189 A340-300 PVG-ZRH 瑞士国际航空上海浦东浦东-苏黎世公务舱，算是非常有名的航空纪录片飞行员之眼里面提到的在航空爱好者圈子里面很有名的一趟航班了。 优点：座椅设计和产品选择，储物空间和设计语言的连续性非常的牛，平面设计设计语言，交互等各个方面的连续性非常强，而且非常好看。提供的床品质量非常好，躺下去之后的腿部空间也是连续的，没有故意收窄脚部。座椅设计跟体感非常舒适，收纳空间相当不错。间餐也相当不错，冷热甜咸点都有。服务上也相当不错，挺说得来话的，一种程度上算有求必应。飞机维护的特别好。 缺点： 但不代表这是一个无懈可击的无敌级公务舱体验，比如第一是私密性确实缺乏，没有小门，而且扶手不能放下去，睡眠的时候会卡到腰。然后餐食方面并没有那么好，而且用餐流程非常的长，基本上是开始吃饭的时候在济南，等到吃完所有东西的时候已经飞到酒泉了；服务上的有求必应是他们有多少能给多少，但是他们能给的其实不多；过夜包里面的东西种类非常的少，没有拖鞋不说，连眼罩都没有，算是很小气了，这方面显著不如几个天合系，虽然瑞士航空是汉莎集团最不抠门的一个，但是汉莎集团的本质还是超级抠门，在瑞士航空这边也不能幸免。 总结为，如果你追求一个很好的休息质量和很好的视觉体验，那这趟航班飞得非常值。但是如果你追求嘴上面吃的好一些的话，我只能说瑞士航空的这个餐食体验也就是能吃饱（可能是星空联盟特色碳水管够）而不能吃好的水平，所有东西都看起来有来头，但都不过如此，听说这班的话，头等体验会更好，但对于如何低成本搞来头等机票的方案尚不明确，以后的研究可以继续完善这一点。,0,
314,V5bCQAzNzcxNDQ5OTalrrNpccjKFQ!!.jpg,/Users/lazywords/Code/高卡紫相关/QQ群相册/商务舱/images/V5bCQAzNzcxNDQ5OTalrrNpccjKFQ!!.jpg,6岔路口[em]e327853[/em]矢泽兔熊,2026年03月13日 14:28,2026.03.10 LX189 A340-300 PVG-ZRH 瑞士国际航空上海浦东浦东-苏黎世公务舱，算是非常有名的航空纪录片飞行员之眼里面提到的在航空爱好者圈子里面很有名的一趟航班了。 优点：座椅设计和产品选择，储物空间和设计语言的连续性非常的牛，平面设计设计语言，交互等各个方面的连续性非常强，而且非常好看。提供的床品质量非常好，躺下去之后的腿部空间也是连续的，没有故意收窄脚部。座椅设计跟体感非常舒适，收纳空间相当不错。间餐也相当不错，冷热甜咸点都有。服务上也相当不错，挺说得来话的，一种程度上算有求必应。飞机维护的特别好。 缺点： 但不代表这是一个无懈可击的无敌级公务舱体验，比如第一是私密性确实缺乏，没有小门，而且扶手不能放下去，睡眠的时候会卡到腰。然后餐食方面并没有那么好，而且用餐流程非常的长，基本上是开始吃饭的时候在济南，等到吃完所有东西的时候已经飞到酒泉了；服务上的有求必应是他们有多少能给多少，但是他们能给的其实不多；过夜包里面的东西种类非常的少，没有拖鞋不说，连眼罩都没有，算是很小气了，这方面显著不如几个天合系，虽然瑞士航空是汉莎集团最不抠门的一个，但是汉莎集团的本质还是超级抠门，在瑞士航空这边也不能幸免。 总结为，如果你追求一个很好的休息质量和很好的视觉体验，那这趟航班飞得非常值。但是如果你追求嘴上面吃的好一些的话，我只能说瑞士航空的这个餐食体验也就是能吃饱（可能是星空联盟特色碳水管够）而不能吃好的水平，所有东西都看起来有来头，但都不过如此，听说这班的话，头等体验会更好，但对于如何低成本搞来头等机票的方案尚不明确，以后的研究可以继续完善这一点。,0,
315,V5bCQAzNzcxNDQ5OTakrrNpz9_dFQ!!.jpg,/Users/lazywords/Code/高卡紫相关/QQ群相册/商务舱/images/V5bCQAzNzcxNDQ5OTakrrNpz9_dFQ!!.jpg,6岔路口[em]e327853[/em]矢泽兔熊,2026年03月13日 14:28,2026.03.10 LX189 A340-300 PVG-ZRH 瑞士国际航空上海浦东浦东-苏黎世公务舱，算是非常有名的航空纪录片飞行员之眼里面提到的在航空爱好者圈子里面很有名的一趟航班了。 优点：座椅设计和产品选择，储物空间和设计语言的连续性非常的牛，平面设计设计语言，交互等各个方面的连续性非常强，而且非常好看。提供的床品质量非常好，躺下去之后的腿部空间也是连续的，没有故意收窄脚部。座椅设计跟体感非常舒适，收纳空间相当不错。间餐也相当不错，冷热甜咸点都有。服务上也相当不错，挺说得来话的，一种程度上算有求必应。飞机维护的特别好。 缺点： 但不代表这是一个无懈可击的无敌级公务舱体验，比如第一是私密性确实缺乏，没有小门，而且扶手不能放下去，睡眠的时候会卡到腰。然后餐食方面并没有那么好，而且用餐流程非常的长，基本上是开始吃饭的时候在济南，等到吃完所有东西的时候已经飞到酒泉了；服务上的有求必应是他们有多少能给多少，但是他们能给的其实不多；过夜包里面的东西种类非常的少，没有拖鞋不说，连眼罩都没有，算是很小气了，这方面显著不如几个天合系，虽然瑞士航空是汉莎集团最不抠门的一个，但是汉莎集团的本质还是超级抠门，在瑞士航空这边也不能幸免。 总结为，如果你追求一个很好的休息质量和很好的视觉体验，那这趟航班飞得非常值。但是如果你追求嘴上面吃的好一些的话，我只能说瑞士航空的这个餐食体验也就是能吃饱（可能是星空联盟特色碳水管够）而不能吃好的水平，所有东西都看起来有来头，但都不过如此，听说这班的话，头等体验会更好，但对于如何低成本搞来头等机票的方案尚不明确，以后的研究可以继续完善这一点。,0,
316,V5bCQAzNzcxNDQ5OTajrrNp_QDMFQ!!.jpg,/Users/lazywords/Code/高卡紫相关/QQ群相册/商务舱/images/V5bCQAzNzcxNDQ5OTajrrNp_QDMFQ!!.jpg,6岔路口[em]e327853[/em]矢泽兔熊,2026年03月13日 14:28,2026.03.10 LX189 A340-300 PVG-ZRH 瑞士国际航空上海浦东浦东-苏黎世公务舱，算是非常有名的航空纪录片飞行员之眼里面提到的在航空爱好者圈子里面很有名的一趟航班了。 优点：座椅设计和产品选择，储物空间和设计语言的连续性非常的牛，平面设计设计语言，交互等各个方面的连续性非常强，而且非常好看。提供的床品质量非常好，躺下去之后的腿部空间也是连续的，没有故意收窄脚部。座椅设计跟体感非常舒适，收纳空间相当不错。间餐也相当不错，冷热甜咸点都有。服务上也相当不错，挺说得来话的，一种程度上算有求必应。飞机维护的特别好。 缺点： 但不代表这是一个无懈可击的无敌级公务舱体验，比如第一是私密性确实缺乏，没有小门，而且扶手不能放下去，睡眠的时候会卡到腰。然后餐食方面并没有那么好，而且用餐流程非常的长，基本上是开始吃饭的时候在济南，等到吃完所有东西的时候已经飞到酒泉了；服务上的有求必应是他们有多少能给多少，但是他们能给的其实不多；过夜包里面的东西种类非常的少，没有拖鞋不说，连眼罩都没有，算是很小气了，这方面显著不如几个天合系，虽然瑞士航空是汉莎集团最不抠门的一个，但是汉莎集团的本质还是超级抠门，在瑞士航空这边也不能幸免。 总结为，如果你追求一个很好的休息质量和很好的视觉体验，那这趟航班飞得非常值。但是如果你追求嘴上面吃的好一些的话，我只能说瑞士航空的这个餐食体验也就是能吃饱（可能是星空联盟特色碳水管够）而不能吃好的水平，所有东西都看起来有来头，但都不过如此，听说这班的话，头等体验会更好，但对于如何低成本搞来头等机票的方案尚不明确，以后的研究可以继续完善这一点。,0,
317,V5bCQAzNzcxNDQ5OTairrNpSv7dFQ!!.jpg,/Users/lazywords/Code/高卡紫相关/QQ群相册/商务舱/images/V5bCQAzNzcxNDQ5OTairrNpSv7dFQ!!.jpg,6岔路口[em]e327853[/em]矢泽兔熊,2026年03月13日 14:28,2026.03.10 LX189 A340-300 PVG-ZRH 瑞士国际航空上海浦东浦东-苏黎世公务舱，算是非常有名的航空纪录片飞行员之眼里面提到的在航空爱好者圈子里面很有名的一趟航班了。 优点：座椅设计和产品选择，储物空间和设计语言的连续性非常的牛，平面设计设计语言，交互等各个方面的连续性非常强，而且非常好看。提供的床品质量非常好，躺下去之后的腿部空间也是连续的，没有故意收窄脚部。座椅设计跟体感非常舒适，收纳空间相当不错。间餐也相当不错，冷热甜咸点都有。服务上也相当不错，挺说得来话的，一种程度上算有求必应。飞机维护的特别好。 缺点： 但不代表这是一个无懈可击的无敌级公务舱体验，比如第一是私密性确实缺乏，没有小门，而且扶手不能放下去，睡眠的时候会卡到腰。然后餐食方面并没有那么好，而且用餐流程非常的长，基本上是开始吃饭的时候在济南，等到吃完所有东西的时候已经飞到酒泉了；服务上的有求必应是他们有多少能给多少，但是他们能给的其实不多；过夜包里面的东西种类非常的少，没有拖鞋不说，连眼罩都没有，算是很小气了，这方面显著不如几个天合系，虽然瑞士航空是汉莎集团最不抠门的一个，但是汉莎集团的本质还是超级抠门，在瑞士航空这边也不能幸免。 总结为，如果你追求一个很好的休息质量和很好的视觉体验，那这趟航班飞得非常值。但是如果你追求嘴上面吃的好一些的话，我只能说瑞士航空的这个餐食体验也就是能吃饱（可能是星空联盟特色碳水管够）而不能吃好的水平，所有东西都看起来有来头，但都不过如此，听说这班的话，头等体验会更好，但对于如何低成本搞来头等机票的方案尚不明确，以后的研究可以继续完善这一点。,0,
318,V5bCQAzNzcxNDQ5OTahrrNpHIXfFQ!!.jpg,/Users/lazywords/Code/高卡紫相关/QQ群相册/商务舱/images/V5bCQAzNzcxNDQ5OTahrrNpHIXfFQ!!.jpg,6岔路口[em]e327853[/em]矢泽兔熊,2026年03月13日 14:28,2026.03.10 LX189 A340-300 PVG-ZRH 瑞士国际航空上海浦东浦东-苏黎世公务舱，算是非常有名的航空纪录片飞行员之眼里面提到的在航空爱好者圈子里面很有名的一趟航班了。 优点：座椅设计和产品选择，储物空间和设计语言的连续性非常的牛，平面设计设计语言，交互等各个方面的连续性非常强，而且非常好看。提供的床品质量非常好，躺下去之后的腿部空间也是连续的，没有故意收窄脚部。座椅设计跟体感非常舒适，收纳空间相当不错。间餐也相当不错，冷热甜咸点都有。服务上也相当不错，挺说得来话的，一种程度上算有求必应。飞机维护的特别好。 缺点： 但不代表这是一个无懈可击的无敌级公务舱体验，比如第一是私密性确实缺乏，没有小门，而且扶手不能放下去，睡眠的时候会卡到腰。然后餐食方面并没有那么好，而且用餐流程非常的长，基本上是开始吃饭的时候在济南，等到吃完所有东西的时候已经飞到酒泉了；服务上的有求必应是他们有多少能给多少，但是他们能给的其实不多；过夜包里面的东西种类非常的少，没有拖鞋不说，连眼罩都没有，算是很小气了，这方面显著不如几个天合系，虽然瑞士航空是汉莎集团最不抠门的一个，但是汉莎集团的本质还是超级抠门，在瑞士航空这边也不能幸免。 总结为，如果你追求一个很好的休息质量和很好的视觉体验，那这趟航班飞得非常值。但是如果你追求嘴上面吃的好一些的话，我只能说瑞士航空的这个餐食体验也就是能吃饱（可能是星空联盟特色碳水管够）而不能吃好的水平，所有东西都看起来有来头，但都不过如此，听说这班的话，头等体验会更好，但对于如何低成本搞来头等机票的方案尚不明确，以后的研究可以继续完善这一点。,0,
319,V5bCQAzNzcxNDQ5OTagrrNpLt74FQ!!.jpg,/Users/lazywords/Code/高卡紫相关/QQ群相册/商务舱/images/V5bCQAzNzcxNDQ5OTagrrNpLt74FQ!!.jpg,6岔路口[em]e327853[/em]矢泽兔熊,2026年03月13日 14:28,2026.03.10 LX189 A340-300 PVG-ZRH 瑞士国际航空上海浦东浦东-苏黎世公务舱，算是非常有名的航空纪录片飞行员之眼里面提到的在航空爱好者圈子里面很有名的一趟航班了。 优点：座椅设计和产品选择，储物空间和设计语言的连续性非常的牛，平面设计设计语言，交互等各个方面的连续性非常强，而且非常好看。提供的床品质量非常好，躺下去之后的腿部空间也是连续的，没有故意收窄脚部。座椅设计跟体感非常舒适，收纳空间相当不错。间餐也相当不错，冷热甜咸点都有。服务上也相当不错，挺说得来话的，一种程度上算有求必应。飞机维护的特别好。 缺点： 但不代表这是一个无懈可击的无敌级公务舱体验，比如第一是私密性确实缺乏，没有小门，而且扶手不能放下去，睡眠的时候会卡到腰。然后餐食方面并没有那么好，而且用餐流程非常的长，基本上是开始吃饭的时候在济南，等到吃完所有东西的时候已经飞到酒泉了；服务上的有求必应是他们有多少能给多少，但是他们能给的其实不多；过夜包里面的东西种类非常的少，没有拖鞋不说，连眼罩都没有，算是很小气了，这方面显著不如几个天合系，虽然瑞士航空是汉莎集团最不抠门的一个，但是汉莎集团的本质还是超级抠门，在瑞士航空这边也不能幸免。 总结为，如果你追求一个很好的休息质量和很好的视觉体验，那这趟航班飞得非常值。但是如果你追求嘴上面吃的好一些的话，我只能说瑞士航空的这个餐食体验也就是能吃饱（可能是星空联盟特色碳水管够）而不能吃好的水平，所有东西都看起来有来头，但都不过如此，听说这班的话，头等体验会更好，但对于如何低成本搞来头等机票的方案尚不明确，以后的研究可以继续完善这一点。,0,
320,V5bCQAzNzcxNDQ5OTafrrNpr9r4FQ!!.jpg,/Users/lazywords/Code/高卡紫相关/QQ群相册/商务舱/images/V5bCQAzNzcxNDQ5OTafrrNpr9r4FQ!!.jpg,6岔路口[em]e327853[/em]矢泽兔熊,2026年03月13日 14:28,2026.03.10 LX189 A340-300 PVG-ZRH 瑞士国际航空上海浦东浦东-苏黎世公务舱，算是非常有名的航空纪录片飞行员之眼里面提到的在航空爱好者圈子里面很有名的一趟航班了。 优点：座椅设计和产品选择，储物空间和设计语言的连续性非常的牛，平面设计设计语言，交互等各个方面的连续性非常强，而且非常好看。提供的床品质量非常好，躺下去之后的腿部空间也是连续的，没有故意收窄脚部。座椅设计跟体感非常舒适，收纳空间相当不错。间餐也相当不错，冷热甜咸点都有。服务上也相当不错，挺说得来话的，一种程度上算有求必应。飞机维护的特别好。 缺点： 但不代表这是一个无懈可击的无敌级公务舱体验，比如第一是私密性确实缺乏，没有小门，而且扶手不能放下去，睡眠的时候会卡到腰。然后餐食方面并没有那么好，而且用餐流程非常的长，基本上是开始吃饭的时候在济南，等到吃完所有东西的时候已经飞到酒泉了；服务上的有求必应是他们有多少能给多少，但是他们能给的其实不多；过夜包里面的东西种类非常的少，没有拖鞋不说，连眼罩都没有，算是很小气了，这方面显著不如几个天合系，虽然瑞士航空是汉莎集团最不抠门的一个，但是汉莎集团的本质还是超级抠门，在瑞士航空这边也不能幸免。 总结为，如果你追求一个很好的休息质量和很好的视觉体验，那这趟航班飞得非常值。但是如果你追求嘴上面吃的好一些的话，我只能说瑞士航空的这个餐食体验也就是能吃饱（可能是星空联盟特色碳水管够）而不能吃好的水平，所有东西都看起来有来头，但都不过如此，听说这班的话，头等体验会更好，但对于如何低成本搞来头等机票的方案尚不明确，以后的研究可以继续完善这一点。,0,
321,V5bCQAzNzcxNDQ5OTaerrNpYjsAFg!!.jpg,/Users/lazywords/Code/高卡紫相关/QQ群相册/商务舱/images/V5bCQAzNzcxNDQ5OTaerrNpYjsAFg!!.jpg,6岔路口[em]e327853[/em]矢泽兔熊,2026年03月13日 14:28,2026.03.10 LX189 A340-300 PVG-ZRH 瑞士国际航空上海浦东浦东-苏黎世公务舱，算是非常有名的航空纪录片飞行员之眼里面提到的在航空爱好者圈子里面很有名的一趟航班了。 优点：座椅设计和产品选择，储物空间和设计语言的连续性非常的牛，平面设计设计语言，交互等各个方面的连续性非常强，而且非常好看。提供的床品质量非常好，躺下去之后的腿部空间也是连续的，没有故意收窄脚部。座椅设计跟体感非常舒适，收纳空间相当不错。间餐也相当不错，冷热甜咸点都有。服务上也相当不错，挺说得来话的，一种程度上算有求必应。飞机维护的特别好。 缺点： 但不代表这是一个无懈可击的无敌级公务舱体验，比如第一是私密性确实缺乏，没有小门，而且扶手不能放下去，睡眠的时候会卡到腰。然后餐食方面并没有那么好，而且用餐流程非常的长，基本上是开始吃饭的时候在济南，等到吃完所有东西的时候已经飞到酒泉了；服务上的有求必应是他们有多少能给多少，但是他们能给的其实不多；过夜包里面的东西种类非常的少，没有拖鞋不说，连眼罩都没有，算是很小气了，这方面显著不如几个天合系，虽然瑞士航空是汉莎集团最不抠门的一个，但是汉莎集团的本质还是超级抠门，在瑞士航空这边也不能幸免。 总结为，如果你追求一个很好的休息质量和很好的视觉体验，那这趟航班飞得非常值。但是如果你追求嘴上面吃的好一些的话，我只能说瑞士航空的这个餐食体验也就是能吃饱（可能是星空联盟特色碳水管够）而不能吃好的水平，所有东西都看起来有来头，但都不过如此，听说这班的话，头等体验会更好，但对于如何低成本搞来头等机票的方案尚不明确，以后的研究可以继续完善这一点。,0,
322,V5bCQAzNzcxNDQ5OTadrrNpUtgUFg!!.jpg,/Users/lazywords/Code/高卡紫相关/QQ群相册/商务舱/images/V5bCQAzNzcxNDQ5OTadrrNpUtgUFg!!.jpg,6岔路口[em]e327853[/em]矢泽兔熊,2026年03月13日 14:28,2026.03.10 LX189 A340-300 PVG-ZRH 瑞士国际航空上海浦东浦东-苏黎世公务舱，算是非常有名的航空纪录片飞行员之眼里面提到的在航空爱好者圈子里面很有名的一趟航班了。 优点：座椅设计和产品选择，储物空间和设计语言的连续性非常的牛，平面设计设计语言，交互等各个方面的连续性非常强，而且非常好看。提供的床品质量非常好，躺下去之后的腿部空间也是连续的，没有故意收窄脚部。座椅设计跟体感非常舒适，收纳空间相当不错。间餐也相当不错，冷热甜咸点都有。服务上也相当不错，挺说得来话的，一种程度上算有求必应。飞机维护的特别好。 缺点： 但不代表这是一个无懈可击的无敌级公务舱体验，比如第一是私密性确实缺乏，没有小门，而且扶手不能放下去，睡眠的时候会卡到腰。然后餐食方面并没有那么好，而且用餐流程非常的长，基本上是开始吃饭的时候在济南，等到吃完所有东西的时候已经飞到酒泉了；服务上的有求必应是他们有多少能给多少，但是他们能给的其实不多；过夜包里面的东西种类非常的少，没有拖鞋不说，连眼罩都没有，算是很小气了，这方面显著不如几个天合系，虽然瑞士航空是汉莎集团最不抠门的一个，但是汉莎集团的本质还是超级抠门，在瑞士航空这边也不能幸免。 总结为，如果你追求一个很好的休息质量和很好的视觉体验，那这趟航班飞得非常值。但是如果你追求嘴上面吃的好一些的话，我只能说瑞士航空的这个餐食体验也就是能吃饱（可能是星空联盟特色碳水管够）而不能吃好的水平，所有东西都看起来有来头，但都不过如此，听说这班的话，头等体验会更好，但对于如何低成本搞来头等机票的方案尚不明确，以后的研究可以继续完善这一点。,0,
323,V5bCQAzNzcxNDQ5OTacrrNp98UWFg!!.jpg,/Users/lazywords/Code/高卡紫相关/QQ群相册/商务舱/images/V5bCQAzNzcxNDQ5OTacrrNp98UWFg!!.jpg,6岔路口[em]e327853[/em]矢泽兔熊,2026年03月13日 14:28,2026.03.10 LX189 A340-300 PVG-ZRH 瑞士国际航空上海浦东浦东-苏黎世公务舱，算是非常有名的航空纪录片飞行员之眼里面提到的在航空爱好者圈子里面很有名的一趟航班了。 优点：座椅设计和产品选择，储物空间和设计语言的连续性非常的牛，平面设计设计语言，交互等各个方面的连续性非常强，而且非常好看。提供的床品质量非常好，躺下去之后的腿部空间也是连续的，没有故意收窄脚部。座椅设计跟体感非常舒适，收纳空间相当不错。间餐也相当不错，冷热甜咸点都有。服务上也相当不错，挺说得来话的，一种程度上算有求必应。飞机维护的特别好。 缺点： 但不代表这是一个无懈可击的无敌级公务舱体验，比如第一是私密性确实缺乏，没有小门，而且扶手不能放下去，睡眠的时候会卡到腰。然后餐食方面并没有那么好，而且用餐流程非常的长，基本上是开始吃饭的时候在济南，等到吃完所有东西的时候已经飞到酒泉了；服务上的有求必应是他们有多少能给多少，但是他们能给的其实不多；过夜包里面的东西种类非常的少，没有拖鞋不说，连眼罩都没有，算是很小气了，这方面显著不如几个天合系，虽然瑞士航空是汉莎集团最不抠门的一个，但是汉莎集团的本质还是超级抠门，在瑞士航空这边也不能幸免。 总结为，如果你追求一个很好的休息质量和很好的视觉体验，那这趟航班飞得非常值。但是如果你追求嘴上面吃的好一些的话，我只能说瑞士航空的这个餐食体验也就是能吃饱（可能是星空联盟特色碳水管够）而不能吃好的水平，所有东西都看起来有来头，但都不过如此，听说这班的话，头等体验会更好，但对于如何低成本搞来头等机票的方案尚不明确，以后的研究可以继续完善这一点。,0,
324,V5bCQAzNzcxNDQ5OTabrrNpvc8jFg!!.jpg,/Users/lazywords/Code/高卡紫相关/QQ群相册/商务舱/images/V5bCQAzNzcxNDQ5OTabrrNpvc8jFg!!.jpg,6岔路口[em]e327853[/em]矢泽兔熊,2026年03月13日 14:28,2026.03.10 LX189 A340-300 PVG-ZRH 瑞士国际航空上海浦东浦东-苏黎世公务舱，算是非常有名的航空纪录片飞行员之眼里面提到的在航空爱好者圈子里面很有名的一趟航班了。 优点：座椅设计和产品选择，储物空间和设计语言的连续性非常的牛，平面设计设计语言，交互等各个方面的连续性非常强，而且非常好看。提供的床品质量非常好，躺下去之后的腿部空间也是连续的，没有故意收窄脚部。座椅设计跟体感非常舒适，收纳空间相当不错。间餐也相当不错，冷热甜咸点都有。服务上也相当不错，挺说得来话的，一种程度上算有求必应。飞机维护的特别好。 缺点： 但不代表这是一个无懈可击的无敌级公务舱体验，比如第一是私密性确实缺乏，没有小门，而且扶手不能放下去，睡眠的时候会卡到腰。然后餐食方面并没有那么好，而且用餐流程非常的长，基本上是开始吃饭的时候在济南，等到吃完所有东西的时候已经飞到酒泉了；服务上的有求必应是他们有多少能给多少，但是他们能给的其实不多；过夜包里面的东西种类非常的少，没有拖鞋不说，连眼罩都没有，算是很小气了，这方面显著不如几个天合系，虽然瑞士航空是汉莎集团最不抠门的一个，但是汉莎集团的本质还是超级抠门，在瑞士航空这边也不能幸免。 总结为，如果你追求一个很好的休息质量和很好的视觉体验，那这趟航班飞得非常值。但是如果你追求嘴上面吃的好一些的话，我只能说瑞士航空的这个餐食体验也就是能吃饱（可能是星空联盟特色碳水管够）而不能吃好的水平，所有东西都看起来有来头，但都不过如此，听说这班的话，头等体验会更好，但对于如何低成本搞来头等机票的方案尚不明确，以后的研究可以继续完善这一点。,0,
325,V5bCQAzNzcxNDQ5OTaarrNpuKUtFg!!.jpg,/Users/lazywords/Code/高卡紫相关/QQ群相册/商务舱/images/V5bCQAzNzcxNDQ5OTaarrNpuKUtFg!!.jpg,6岔路口[em]e327853[/em]矢泽兔熊,2026年03月13日 14:28,2026.03.10 LX189 A340-300 PVG-ZRH 瑞士国际航空上海浦东浦东-苏黎世公务舱，算是非常有名的航空纪录片飞行员之眼里面提到的在航空爱好者圈子里面很有名的一趟航班了。 优点：座椅设计和产品选择，储物空间和设计语言的连续性非常的牛，平面设计设计语言，交互等各个方面的连续性非常强，而且非常好看。提供的床品质量非常好，躺下去之后的腿部空间也是连续的，没有故意收窄脚部。座椅设计跟体感非常舒适，收纳空间相当不错。间餐也相当不错，冷热甜咸点都有。服务上也相当不错，挺说得来话的，一种程度上算有求必应。飞机维护的特别好。 缺点： 但不代表这是一个无懈可击的无敌级公务舱体验，比如第一是私密性确实缺乏，没有小门，而且扶手不能放下去，睡眠的时候会卡到腰。然后餐食方面并没有那么好，而且用餐流程非常的长，基本上是开始吃饭的时候在济南，等到吃完所有东西的时候已经飞到酒泉了；服务上的有求必应是他们有多少能给多少，但是他们能给的其实不多；过夜包里面的东西种类非常的少，没有拖鞋不说，连眼罩都没有，算是很小气了，这方面显著不如几个天合系，虽然瑞士航空是汉莎集团最不抠门的一个，但是汉莎集团的本质还是超级抠门，在瑞士航空这边也不能幸免。 总结为，如果你追求一个很好的休息质量和很好的视觉体验，那这趟航班飞得非常值。但是如果你追求嘴上面吃的好一些的话，我只能说瑞士航空的这个餐食体验也就是能吃饱（可能是星空联盟特色碳水管够）而不能吃好的水平，所有东西都看起来有来头，但都不过如此，听说这班的话，头等体验会更好，但对于如何低成本搞来头等机票的方案尚不明确，以后的研究可以继续完善这一点。,0,
326,V5bCQAzNzcxNDQ5OTaZrrNp1fUwFg!!.jpg,/Users/lazywords/Code/高卡紫相关/QQ群相册/商务舱/images/V5bCQAzNzcxNDQ5OTaZrrNp1fUwFg!!.jpg,6岔路口[em]e327853[/em]矢泽兔熊,2026年03月13日 14:28,2026.03.10 LX189 A340-300 PVG-ZRH 瑞士国际航空上海浦东浦东-苏黎世公务舱，算是非常有名的航空纪录片飞行员之眼里面提到的在航空爱好者圈子里面很有名的一趟航班了。 优点：座椅设计和产品选择，储物空间和设计语言的连续性非常的牛，平面设计设计语言，交互等各个方面的连续性非常强，而且非常好看。提供的床品质量非常好，躺下去之后的腿部空间也是连续的，没有故意收窄脚部。座椅设计跟体感非常舒适，收纳空间相当不错。间餐也相当不错，冷热甜咸点都有。服务上也相当不错，挺说得来话的，一种程度上算有求必应。飞机维护的特别好。 缺点： 但不代表这是一个无懈可击的无敌级公务舱体验，比如第一是私密性确实缺乏，没有小门，而且扶手不能放下去，睡眠的时候会卡到腰。然后餐食方面并没有那么好，而且用餐流程非常的长，基本上是开始吃饭的时候在济南，等到吃完所有东西的时候已经飞到酒泉了；服务上的有求必应是他们有多少能给多少，但是他们能给的其实不多；过夜包里面的东西种类非常的少，没有拖鞋不说，连眼罩都没有，算是很小气了，这方面显著不如几个天合系，虽然瑞士航空是汉莎集团最不抠门的一个，但是汉莎集团的本质还是超级抠门，在瑞士航空这边也不能幸免。 总结为，如果你追求一个很好的休息质量和很好的视觉体验，那这趟航班飞得非常值。但是如果你追求嘴上面吃的好一些的话，我只能说瑞士航空的这个餐食体验也就是能吃饱（可能是星空联盟特色碳水管够）而不能吃好的水平，所有东西都看起来有来头，但都不过如此，听说这班的话，头等体验会更好，但对于如何低成本搞来头等机票的方案尚不明确，以后的研究可以继续完善这一点。,0,
327,V5bCQAzNzcxNDQ5OTaYrrNpRlQ_Fg!!.jpg,/Users/lazywords/Code/高卡紫相关/QQ群相册/商务舱/images/V5bCQAzNzcxNDQ5OTaYrrNpRlQ_Fg!!.jpg,6岔路口[em]e327853[/em]矢泽兔熊,2026年03月13日 14:28,2026.03.10 LX189 A340-300 PVG-ZRH 瑞士国际航空上海浦东浦东-苏黎世公务舱，算是非常有名的航空纪录片飞行员之眼里面提到的在航空爱好者圈子里面很有名的一趟航班了。 优点：座椅设计和产品选择，储物空间和设计语言的连续性非常的牛，平面设计设计语言，交互等各个方面的连续性非常强，而且非常好看。提供的床品质量非常好，躺下去之后的腿部空间也是连续的，没有故意收窄脚部。座椅设计跟体感非常舒适，收纳空间相当不错。间餐也相当不错，冷热甜咸点都有。服务上也相当不错，挺说得来话的，一种程度上算有求必应。飞机维护的特别好。 缺点： 但不代表这是一个无懈可击的无敌级公务舱体验，比如第一是私密性确实缺乏，没有小门，而且扶手不能放下去，睡眠的时候会卡到腰。然后餐食方面并没有那么好，而且用餐流程非常的长，基本上是开始吃饭的时候在济南，等到吃完所有东西的时候已经飞到酒泉了；服务上的有求必应是他们有多少能给多少，但是他们能给的其实不多；过夜包里面的东西种类非常的少，没有拖鞋不说，连眼罩都没有，算是很小气了，这方面显著不如几个天合系，虽然瑞士航空是汉莎集团最不抠门的一个，但是汉莎集团的本质还是超级抠门，在瑞士航空这边也不能幸免。 总结为，如果你追求一个很好的休息质量和很好的视觉体验，那这趟航班飞得非常值。但是如果你追求嘴上面吃的好一些的话，我只能说瑞士航空的这个餐食体验也就是能吃饱（可能是星空联盟特色碳水管够）而不能吃好的水平，所有东西都看起来有来头，但都不过如此，听说这班的话，头等体验会更好，但对于如何低成本搞来头等机票的方案尚不明确，以后的研究可以继续完善这一点。,0,
328,V5bCQAzNzcxNDQ5OTaXrrNpgt1CFg!!.jpg,/Users/lazywords/Code/高卡紫相关/QQ群相册/商务舱/images/V5bCQAzNzcxNDQ5OTaXrrNpgt1CFg!!.jpg,6岔路口[em]e327853[/em]矢泽兔熊,2026年03月13日 14:28,2026.03.10 LX189 A340-300 PVG-ZRH 瑞士国际航空上海浦东浦东-苏黎世公务舱，算是非常有名的航空纪录片飞行员之眼里面提到的在航空爱好者圈子里面很有名的一趟航班了。 优点：座椅设计和产品选择，储物空间和设计语言的连续性非常的牛，平面设计设计语言，交互等各个方面的连续性非常强，而且非常好看。提供的床品质量非常好，躺下去之后的腿部空间也是连续的，没有故意收窄脚部。座椅设计跟体感非常舒适，收纳空间相当不错。间餐也相当不错，冷热甜咸点都有。服务上也相当不错，挺说得来话的，一种程度上算有求必应。飞机维护的特别好。 缺点： 但不代表这是一个无懈可击的无敌级公务舱体验，比如第一是私密性确实缺乏，没有小门，而且扶手不能放下去，睡眠的时候会卡到腰。然后餐食方面并没有那么好，而且用餐流程非常的长，基本上是开始吃饭的时候在济南，等到吃完所有东西的时候已经飞到酒泉了；服务上的有求必应是他们有多少能给多少，但是他们能给的其实不多；过夜包里面的东西种类非常的少，没有拖鞋不说，连眼罩都没有，算是很小气了，这方面显著不如几个天合系，虽然瑞士航空是汉莎集团最不抠门的一个，但是汉莎集团的本质还是超级抠门，在瑞士航空这边也不能幸免。 总结为，如果你追求一个很好的休息质量和很好的视觉体验，那这趟航班飞得非常值。但是如果你追求嘴上面吃的好一些的话，我只能说瑞士航空的这个餐食体验也就是能吃饱（可能是星空联盟特色碳水管够）而不能吃好的水平，所有东西都看起来有来头，但都不过如此，听说这班的话，头等体验会更好，但对于如何低成本搞来头等机票的方案尚不明确，以后的研究可以继续完善这一点。,0,
329,V5bCQAzNzcxNDQ5OTaWrrNphtlFFg!!.jpg,/Users/lazywords/Code/高卡紫相关/QQ群相册/商务舱/images/V5bCQAzNzcxNDQ5OTaWrrNphtlFFg!!.jpg,6岔路口[em]e327853[/em]矢泽兔熊,2026年03月13日 14:28,2026.03.10 LX189 A340-300 PVG-ZRH 瑞士国际航空上海浦东浦东-苏黎世公务舱，算是非常有名的航空纪录片飞行员之眼里面提到的在航空爱好者圈子里面很有名的一趟航班了。 优点：座椅设计和产品选择，储物空间和设计语言的连续性非常的牛，平面设计设计语言，交互等各个方面的连续性非常强，而且非常好看。提供的床品质量非常好，躺下去之后的腿部空间也是连续的，没有故意收窄脚部。座椅设计跟体感非常舒适，收纳空间相当不错。间餐也相当不错，冷热甜咸点都有。服务上也相当不错，挺说得来话的，一种程度上算有求必应。飞机维护的特别好。 缺点： 但不代表这是一个无懈可击的无敌级公务舱体验，比如第一是私密性确实缺乏，没有小门，而且扶手不能放下去，睡眠的时候会卡到腰。然后餐食方面并没有那么好，而且用餐流程非常的长，基本上是开始吃饭的时候在济南，等到吃完所有东西的时候已经飞到酒泉了；服务上的有求必应是他们有多少能给多少，但是他们能给的其实不多；过夜包里面的东西种类非常的少，没有拖鞋不说，连眼罩都没有，算是很小气了，这方面显著不如几个天合系，虽然瑞士航空是汉莎集团最不抠门的一个，但是汉莎集团的本质还是超级抠门，在瑞士航空这边也不能幸免。 总结为，如果你追求一个很好的休息质量和很好的视觉体验，那这趟航班飞得非常值。但是如果你追求嘴上面吃的好一些的话，我只能说瑞士航空的这个餐食体验也就是能吃饱（可能是星空联盟特色碳水管够）而不能吃好的水平，所有东西都看起来有来头，但都不过如此，听说这班的话，头等体验会更好，但对于如何低成本搞来头等机票的方案尚不明确，以后的研究可以继续完善这一点。,0,
330,V5bCQAzNzcxNDQ5OTaVrrNpyj1cFg!!.jpg,/Users/lazywords/Code/高卡紫相关/QQ群相册/商务舱/images/V5bCQAzNzcxNDQ5OTaVrrNpyj1cFg!!.jpg,6岔路口[em]e327853[/em]矢泽兔熊,2026年03月13日 14:28,2026.03.10 LX189 A340-300 PVG-ZRH 瑞士国际航空上海浦东浦东-苏黎世公务舱，算是非常有名的航空纪录片飞行员之眼里面提到的在航空爱好者圈子里面很有名的一趟航班了。 优点：座椅设计和产品选择，储物空间和设计语言的连续性非常的牛，平面设计设计语言，交互等各个方面的连续性非常强，而且非常好看。提供的床品质量非常好，躺下去之后的腿部空间也是连续的，没有故意收窄脚部。座椅设计跟体感非常舒适，收纳空间相当不错。间餐也相当不错，冷热甜咸点都有。服务上也相当不错，挺说得来话的，一种程度上算有求必应。飞机维护的特别好。 缺点： 但不代表这是一个无懈可击的无敌级公务舱体验，比如第一是私密性确实缺乏，没有小门，而且扶手不能放下去，睡眠的时候会卡到腰。然后餐食方面并没有那么好，而且用餐流程非常的长，基本上是开始吃饭的时候在济南，等到吃完所有东西的时候已经飞到酒泉了；服务上的有求必应是他们有多少能给多少，但是他们能给的其实不多；过夜包里面的东西种类非常的少，没有拖鞋不说，连眼罩都没有，算是很小气了，这方面显著不如几个天合系，虽然瑞士航空是汉莎集团最不抠门的一个，但是汉莎集团的本质还是超级抠门，在瑞士航空这边也不能幸免。 总结为，如果你追求一个很好的休息质量和很好的视觉体验，那这趟航班飞得非常值。但是如果你追求嘴上面吃的好一些的话，我只能说瑞士航空的这个餐食体验也就是能吃饱（可能是星空联盟特色碳水管够）而不能吃好的水平，所有东西都看起来有来头，但都不过如此，听说这班的话，头等体验会更好，但对于如何低成本搞来头等机票的方案尚不明确，以后的研究可以继续完善这一点。,0,
331,V5bCQAzNzcxNDQ5OTaUrrNp98pWFg!!.jpg,/Users/lazywords/Code/高卡紫相关/QQ群相册/商务舱/images/V5bCQAzNzcxNDQ5OTaUrrNp98pWFg!!.jpg,6岔路口[em]e327853[/em]矢泽兔熊,2026年03月13日 14:28,2026.03.10 LX189 A340-300 PVG-ZRH 瑞士国际航空上海浦东浦东-苏黎世公务舱，算是非常有名的航空纪录片飞行员之眼里面提到的在航空爱好者圈子里面很有名的一趟航班了。 优点：座椅设计和产品选择，储物空间和设计语言的连续性非常的牛，平面设计设计语言，交互等各个方面的连续性非常强，而且非常好看。提供的床品质量非常好，躺下去之后的腿部空间也是连续的，没有故意收窄脚部。座椅设计跟体感非常舒适，收纳空间相当不错。间餐也相当不错，冷热甜咸点都有。服务上也相当不错，挺说得来话的，一种程度上算有求必应。飞机维护的特别好。 缺点： 但不代表这是一个无懈可击的无敌级公务舱体验，比如第一是私密性确实缺乏，没有小门，而且扶手不能放下去，睡眠的时候会卡到腰。然后餐食方面并没有那么好，而且用餐流程非常的长，基本上是开始吃饭的时候在济南，等到吃完所有东西的时候已经飞到酒泉了；服务上的有求必应是他们有多少能给多少，但是他们能给的其实不多；过夜包里面的东西种类非常的少，没有拖鞋不说，连眼罩都没有，算是很小气了，这方面显著不如几个天合系，虽然瑞士航空是汉莎集团最不抠门的一个，但是汉莎集团的本质还是超级抠门，在瑞士航空这边也不能幸免。 总结为，如果你追求一个很好的休息质量和很好的视觉体验，那这趟航班飞得非常值。但是如果你追求嘴上面吃的好一些的话，我只能说瑞士航空的这个餐食体验也就是能吃饱（可能是星空联盟特色碳水管够）而不能吃好的水平，所有东西都看起来有来头，但都不过如此，听说这班的话，头等体验会更好，但对于如何低成本搞来头等机票的方案尚不明确，以后的研究可以继续完善这一点。,0,
332,V5bCQAzNzcxNDQ5OTaTrrNpPuBjFg!!.jpg,/Users/lazywords/Code/高卡紫相关/QQ群相册/商务舱/images/V5bCQAzNzcxNDQ5OTaTrrNpPuBjFg!!.jpg,6岔路口[em]e327853[/em]矢泽兔熊,2026年03月13日 14:28,2026.03.10 LX189 A340-300 PVG-ZRH 瑞士国际航空上海浦东浦东-苏黎世公务舱，算是非常有名的航空纪录片飞行员之眼里面提到的在航空爱好者圈子里面很有名的一趟航班了。 优点：座椅设计和产品选择，储物空间和设计语言的连续性非常的牛，平面设计设计语言，交互等各个方面的连续性非常强，而且非常好看。提供的床品质量非常好，躺下去之后的腿部空间也是连续的，没有故意收窄脚部。座椅设计跟体感非常舒适，收纳空间相当不错。间餐也相当不错，冷热甜咸点都有。服务上也相当不错，挺说得来话的，一种程度上算有求必应。飞机维护的特别好。 缺点： 但不代表这是一个无懈可击的无敌级公务舱体验，比如第一是私密性确实缺乏，没有小门，而且扶手不能放下去，睡眠的时候会卡到腰。然后餐食方面并没有那么好，而且用餐流程非常的长，基本上是开始吃饭的时候在济南，等到吃完所有东西的时候已经飞到酒泉了；服务上的有求必应是他们有多少能给多少，但是他们能给的其实不多；过夜包里面的东西种类非常的少，没有拖鞋不说，连眼罩都没有，算是很小气了，这方面显著不如几个天合系，虽然瑞士航空是汉莎集团最不抠门的一个，但是汉莎集团的本质还是超级抠门，在瑞士航空这边也不能幸免。 总结为，如果你追求一个很好的休息质量和很好的视觉体验，那这趟航班飞得非常值。但是如果你追求嘴上面吃的好一些的话，我只能说瑞士航空的这个餐食体验也就是能吃饱（可能是星空联盟特色碳水管够）而不能吃好的水平，所有东西都看起来有来头，但都不过如此，听说这班的话，头等体验会更好，但对于如何低成本搞来头等机票的方案尚不明确，以后的研究可以继续完善这一点。,0,
333,V5bCQAzNzcxNDQ5OTaSrrNpwdZrFg!!.jpg,/Users/lazywords/Code/高卡紫相关/QQ群相册/商务舱/images/V5bCQAzNzcxNDQ5OTaSrrNpwdZrFg!!.jpg,6岔路口[em]e327853[/em]矢泽兔熊,2026年03月13日 14:28,2026.03.10 LX189 A340-300 PVG-ZRH 瑞士国际航空上海浦东浦东-苏黎世公务舱，算是非常有名的航空纪录片飞行员之眼里面提到的在航空爱好者圈子里面很有名的一趟航班了。 优点：座椅设计和产品选择，储物空间和设计语言的连续性非常的牛，平面设计设计语言，交互等各个方面的连续性非常强，而且非常好看。提供的床品质量非常好，躺下去之后的腿部空间也是连续的，没有故意收窄脚部。座椅设计跟体感非常舒适，收纳空间相当不错。间餐也相当不错，冷热甜咸点都有。服务上也相当不错，挺说得来话的，一种程度上算有求必应。飞机维护的特别好。 缺点： 但不代表这是一个无懈可击的无敌级公务舱体验，比如第一是私密性确实缺乏，没有小门，而且扶手不能放下去，睡眠的时候会卡到腰。然后餐食方面并没有那么好，而且用餐流程非常的长，基本上是开始吃饭的时候在济南，等到吃完所有东西的时候已经飞到酒泉了；服务上的有求必应是他们有多少能给多少，但是他们能给的其实不多；过夜包里面的东西种类非常的少，没有拖鞋不说，连眼罩都没有，算是很小气了，这方面显著不如几个天合系，虽然瑞士航空是汉莎集团最不抠门的一个，但是汉莎集团的本质还是超级抠门，在瑞士航空这边也不能幸免。 总结为，如果你追求一个很好的休息质量和很好的视觉体验，那这趟航班飞得非常值。但是如果你追求嘴上面吃的好一些的话，我只能说瑞士航空的这个餐食体验也就是能吃饱（可能是星空联盟特色碳水管够）而不能吃好的水平，所有东西都看起来有来头，但都不过如此，听说这班的话，头等体验会更好，但对于如何低成本搞来头等机票的方案尚不明确，以后的研究可以继续完善这一点。,0,
334,V5bCQAzNzcxNDQ5OTaRrrNpzcpwFg!!.jpg,/Users/lazywords/Code/高卡紫相关/QQ群相册/商务舱/images/V5bCQAzNzcxNDQ5OTaRrrNpzcpwFg!!.jpg,6岔路口[em]e327853[/em]矢泽兔熊,2026年03月13日 14:28,2026.03.10 LX189 A340-300 PVG-ZRH 瑞士国际航空上海浦东浦东-苏黎世公务舱，算是非常有名的航空纪录片飞行员之眼里面提到的在航空爱好者圈子里面很有名的一趟航班了。 优点：座椅设计和产品选择，储物空间和设计语言的连续性非常的牛，平面设计设计语言，交互等各个方面的连续性非常强，而且非常好看。提供的床品质量非常好，躺下去之后的腿部空间也是连续的，没有故意收窄脚部。座椅设计跟体感非常舒适，收纳空间相当不错。间餐也相当不错，冷热甜咸点都有。服务上也相当不错，挺说得来话的，一种程度上算有求必应。飞机维护的特别好。 缺点： 但不代表这是一个无懈可击的无敌级公务舱体验，比如第一是私密性确实缺乏，没有小门，而且扶手不能放下去，睡眠的时候会卡到腰。然后餐食方面并没有那么好，而且用餐流程非常的长，基本上是开始吃饭的时候在济南，等到吃完所有东西的时候已经飞到酒泉了；服务上的有求必应是他们有多少能给多少，但是他们能给的其实不多；过夜包里面的东西种类非常的少，没有拖鞋不说，连眼罩都没有，算是很小气了，这方面显著不如几个天合系，虽然瑞士航空是汉莎集团最不抠门的一个，但是汉莎集团的本质还是超级抠门，在瑞士航空这边也不能幸免。 总结为，如果你追求一个很好的休息质量和很好的视觉体验，那这趟航班飞得非常值。但是如果你追求嘴上面吃的好一些的话，我只能说瑞士航空的这个餐食体验也就是能吃饱（可能是星空联盟特色碳水管够）而不能吃好的水平，所有东西都看起来有来头，但都不过如此，听说这班的话，头等体验会更好，但对于如何低成本搞来头等机票的方案尚不明确，以后的研究可以继续完善这一点。,0,
335,V5bCQAzNzcxNDQ5OTaQrrNpB7x_Fg!!.jpg,/Users/lazywords/Code/高卡紫相关/QQ群相册/商务舱/images/V5bCQAzNzcxNDQ5OTaQrrNpB7x_Fg!!.jpg,6岔路口[em]e327853[/em]矢泽兔熊,2026年03月13日 14:28,2026.03.10 LX189 A340-300 PVG-ZRH 瑞士国际航空上海浦东浦东-苏黎世公务舱，算是非常有名的航空纪录片飞行员之眼里面提到的在航空爱好者圈子里面很有名的一趟航班了。 优点：座椅设计和产品选择，储物空间和设计语言的连续性非常的牛，平面设计设计语言，交互等各个方面的连续性非常强，而且非常好看。提供的床品质量非常好，躺下去之后的腿部空间也是连续的，没有故意收窄脚部。座椅设计跟体感非常舒适，收纳空间相当不错。间餐也相当不错，冷热甜咸点都有。服务上也相当不错，挺说得来话的，一种程度上算有求必应。飞机维护的特别好。 缺点： 但不代表这是一个无懈可击的无敌级公务舱体验，比如第一是私密性确实缺乏，没有小门，而且扶手不能放下去，睡眠的时候会卡到腰。然后餐食方面并没有那么好，而且用餐流程非常的长，基本上是开始吃饭的时候在济南，等到吃完所有东西的时候已经飞到酒泉了；服务上的有求必应是他们有多少能给多少，但是他们能给的其实不多；过夜包里面的东西种类非常的少，没有拖鞋不说，连眼罩都没有，算是很小气了，这方面显著不如几个天合系，虽然瑞士航空是汉莎集团最不抠门的一个，但是汉莎集团的本质还是超级抠门，在瑞士航空这边也不能幸免。 总结为，如果你追求一个很好的休息质量和很好的视觉体验，那这趟航班飞得非常值。但是如果你追求嘴上面吃的好一些的话，我只能说瑞士航空的这个餐食体验也就是能吃饱（可能是星空联盟特色碳水管够）而不能吃好的水平，所有东西都看起来有来头，但都不过如此，听说这班的话，头等体验会更好，但对于如何低成本搞来头等机票的方案尚不明确，以后的研究可以继续完善这一点。,0,
336,V5bCQAzNzcxNDQ5OTaPrrNpnW6CFg!!.jpg,/Users/lazywords/Code/高卡紫相关/QQ群相册/商务舱/images/V5bCQAzNzcxNDQ5OTaPrrNpnW6CFg!!.jpg,6岔路口[em]e327853[/em]矢泽兔熊,2026年03月13日 14:28,2026.03.10 LX189 A340-300 PVG-ZRH 瑞士国际航空上海浦东浦东-苏黎世公务舱，算是非常有名的航空纪录片飞行员之眼里面提到的在航空爱好者圈子里面很有名的一趟航班了。 优点：座椅设计和产品选择，储物空间和设计语言的连续性非常的牛，平面设计设计语言，交互等各个方面的连续性非常强，而且非常好看。提供的床品质量非常好，躺下去之后的腿部空间也是连续的，没有故意收窄脚部。座椅设计跟体感非常舒适，收纳空间相当不错。间餐也相当不错，冷热甜咸点都有。服务上也相当不错，挺说得来话的，一种程度上算有求必应。飞机维护的特别好。 缺点： 但不代表这是一个无懈可击的无敌级公务舱体验，比如第一是私密性确实缺乏，没有小门，而且扶手不能放下去，睡眠的时候会卡到腰。然后餐食方面并没有那么好，而且用餐流程非常的长，基本上是开始吃饭的时候在济南，等到吃完所有东西的时候已经飞到酒泉了；服务上的有求必应是他们有多少能给多少，但是他们能给的其实不多；过夜包里面的东西种类非常的少，没有拖鞋不说，连眼罩都没有，算是很小气了，这方面显著不如几个天合系，虽然瑞士航空是汉莎集团最不抠门的一个，但是汉莎集团的本质还是超级抠门，在瑞士航空这边也不能幸免。 总结为，如果你追求一个很好的休息质量和很好的视觉体验，那这趟航班飞得非常值。但是如果你追求嘴上面吃的好一些的话，我只能说瑞士航空的这个餐食体验也就是能吃饱（可能是星空联盟特色碳水管够）而不能吃好的水平，所有东西都看起来有来头，但都不过如此，听说这班的话，头等体验会更好，但对于如何低成本搞来头等机票的方案尚不明确，以后的研究可以继续完善这一点。,0,
337,V5bCQAzNzcxNDQ5OTaOrrNpxJ.AFg!!,/Users/lazywords/Code/高卡紫相关/QQ群相册/商务舱/images/V5bCQAzNzcxNDQ5OTaOrrNpxJ.AFg!!,6岔路口[em]e327853[/em]矢泽兔熊,2026年03月13日 14:28,2026.03.10 LX189 A340-300 PVG-ZRH 瑞士国际航空上海浦东浦东-苏黎世公务舱，算是非常有名的航空纪录片飞行员之眼里面提到的在航空爱好者圈子里面很有名的一趟航班了。 优点：座椅设计和产品选择，储物空间和设计语言的连续性非常的牛，平面设计设计语言，交互等各个方面的连续性非常强，而且非常好看。提供的床品质量非常好，躺下去之后的腿部空间也是连续的，没有故意收窄脚部。座椅设计跟体感非常舒适，收纳空间相当不错。间餐也相当不错，冷热甜咸点都有。服务上也相当不错，挺说得来话的，一种程度上算有求必应。飞机维护的特别好。 缺点： 但不代表这是一个无懈可击的无敌级公务舱体验，比如第一是私密性确实缺乏，没有小门，而且扶手不能放下去，睡眠的时候会卡到腰。然后餐食方面并没有那么好，而且用餐流程非常的长，基本上是开始吃饭的时候在济南，等到吃完所有东西的时候已经飞到酒泉了；服务上的有求必应是他们有多少能给多少，但是他们能给的其实不多；过夜包里面的东西种类非常的少，没有拖鞋不说，连眼罩都没有，算是很小气了，这方面显著不如几个天合系，虽然瑞士航空是汉莎集团最不抠门的一个，但是汉莎集团的本质还是超级抠门，在瑞士航空这边也不能幸免。 总结为，如果你追求一个很好的休息质量和很好的视觉体验，那这趟航班飞得非常值。但是如果你追求嘴上面吃的好一些的话，我只能说瑞士航空的这个餐食体验也就是能吃饱（可能是星空联盟特色碳水管够）而不能吃好的水平，所有东西都看起来有来头，但都不过如此，听说这班的话，头等体验会更好，但对于如何低成本搞来头等机票的方案尚不明确，以后的研究可以继续完善这一点。,0,
338,V5bCQAzNzcxNDQ5OTaNrrNpCi6XFg!!.jpg,/Users/lazywords/Code/高卡紫相关/QQ群相册/商务舱/images/V5bCQAzNzcxNDQ5OTaNrrNpCi6XFg!!.jpg,6岔路口[em]e327853[/em]矢泽兔熊,2026年03月13日 14:28,2026.03.10 LX189 A340-300 PVG-ZRH 瑞士国际航空上海浦东浦东-苏黎世公务舱，算是非常有名的航空纪录片飞行员之眼里面提到的在航空爱好者圈子里面很有名的一趟航班了。 优点：座椅设计和产品选择，储物空间和设计语言的连续性非常的牛，平面设计设计语言，交互等各个方面的连续性非常强，而且非常好看。提供的床品质量非常好，躺下去之后的腿部空间也是连续的，没有故意收窄脚部。座椅设计跟体感非常舒适，收纳空间相当不错。间餐也相当不错，冷热甜咸点都有。服务上也相当不错，挺说得来话的，一种程度上算有求必应。飞机维护的特别好。 缺点： 但不代表这是一个无懈可击的无敌级公务舱体验，比如第一是私密性确实缺乏，没有小门，而且扶手不能放下去，睡眠的时候会卡到腰。然后餐食方面并没有那么好，而且用餐流程非常的长，基本上是开始吃饭的时候在济南，等到吃完所有东西的时候已经飞到酒泉了；服务上的有求必应是他们有多少能给多少，但是他们能给的其实不多；过夜包里面的东西种类非常的少，没有拖鞋不说，连眼罩都没有，算是很小气了，这方面显著不如几个天合系，虽然瑞士航空是汉莎集团最不抠门的一个，但是汉莎集团的本质还是超级抠门，在瑞士航空这边也不能幸免。 总结为，如果你追求一个很好的休息质量和很好的视觉体验，那这趟航班飞得非常值。但是如果你追求嘴上面吃的好一些的话，我只能说瑞士航空的这个餐食体验也就是能吃饱（可能是星空联盟特色碳水管够）而不能吃好的水平，所有东西都看起来有来头，但都不过如此，听说这班的话，头等体验会更好，但对于如何低成本搞来头等机票的方案尚不明确，以后的研究可以继续完善这一点。,0,
339,V5bCQAzNzcxNDQ5OTaMrrNpP62XFg!!.jpg,/Users/lazywords/Code/高卡紫相关/QQ群相册/商务舱/images/V5bCQAzNzcxNDQ5OTaMrrNpP62XFg!!.jpg,6岔路口[em]e327853[/em]矢泽兔熊,2026年03月13日 14:28,2026.03.10 LX189 A340-300 PVG-ZRH 瑞士国际航空上海浦东浦东-苏黎世公务舱，算是非常有名的航空纪录片飞行员之眼里面提到的在航空爱好者圈子里面很有名的一趟航班了。 优点：座椅设计和产品选择，储物空间和设计语言的连续性非常的牛，平面设计设计语言，交互等各个方面的连续性非常强，而且非常好看。提供的床品质量非常好，躺下去之后的腿部空间也是连续的，没有故意收窄脚部。座椅设计跟体感非常舒适，收纳空间相当不错。间餐也相当不错，冷热甜咸点都有。服务上也相当不错，挺说得来话的，一种程度上算有求必应。飞机维护的特别好。 缺点： 但不代表这是一个无懈可击的无敌级公务舱体验，比如第一是私密性确实缺乏，没有小门，而且扶手不能放下去，睡眠的时候会卡到腰。然后餐食方面并没有那么好，而且用餐流程非常的长，基本上是开始吃饭的时候在济南，等到吃完所有东西的时候已经飞到酒泉了；服务上的有求必应是他们有多少能给多少，但是他们能给的其实不多；过夜包里面的东西种类非常的少，没有拖鞋不说，连眼罩都没有，算是很小气了，这方面显著不如几个天合系，虽然瑞士航空是汉莎集团最不抠门的一个，但是汉莎集团的本质还是超级抠门，在瑞士航空这边也不能幸免。 总结为，如果你追求一个很好的休息质量和很好的视觉体验，那这趟航班飞得非常值。但是如果你追求嘴上面吃的好一些的话，我只能说瑞士航空的这个餐食体验也就是能吃饱（可能是星空联盟特色碳水管够）而不能吃好的水平，所有东西都看起来有来头，但都不过如此，听说这班的话，头等体验会更好，但对于如何低成本搞来头等机票的方案尚不明确，以后的研究可以继续完善这一点。,0,
340,20260401_1954_弦卷心的Tourbillon_Sm_96131361fd.jpg,/Users/lazywords/Code/高卡紫相关/QQ群相册/商务舱/images/20260401_1954_弦卷心的Tourbillon_Sm_96131361fd.jpg,弦卷心的Tourbillon Sm,2026年04月01日 19:54,"jal商务舱悉尼飞东京
单论椅子ana舒服，澳航空间大多了，jal这一班位置偏窄但腿部空间还行，私密性较差还好旁边没人，清酒很一般可能是因为悉尼出发。
头等舱有salon，这边白州喝喝吧，网速刷视频略卡打不了邦刷刷微信xhs可以。
",0,
341,20260401_1954_弦卷心的Tourbillon_Sm_ea86fc73e3.jpg,/Users/lazywords/Code/高卡紫相关/QQ群相册/商务舱/images/20260401_1954_弦卷心的Tourbillon_Sm_ea86fc73e3.jpg,弦卷心的Tourbillon Sm,2026年04月01日 19:54,"jal商务舱悉尼飞东京
单论椅子ana舒服，澳航空间大多了，jal这一班位置偏窄但腿部空间还行，私密性较差还好旁边没人，清酒很一般可能是因为悉尼出发。
头等舱有salon，这边白州喝喝吧，网速刷视频略卡打不了邦刷刷微信xhs可以。
",0,
342,20260401_1954_弦卷心的Tourbillon_Sm_3f75590282.jpg,/Users/lazywords/Code/高卡紫相关/QQ群相册/商务舱/images/20260401_1954_弦卷心的Tourbillon_Sm_3f75590282.jpg,弦卷心的Tourbillon Sm,2026年04月01日 19:54,"jal商务舱悉尼飞东京
单论椅子ana舒服，澳航空间大多了，jal这一班位置偏窄但腿部空间还行，私密性较差还好旁边没人，清酒很一般可能是因为悉尼出发。
头等舱有salon，这边白州喝喝吧，网速刷视频略卡打不了邦刷刷微信xhs可以。
",0,
343,20260326_1103_万代死吗_4b737cb1da.jpg,/Users/lazywords/Code/高卡紫相关/QQ群相册/商务舱/images/20260326_1103_万代死吗_4b737cb1da.jpg,万代死吗,2026年03月26日 11:03,"2024.10.07 ZH9528 PVG-SZX B-30CK A320-271N
运气不好是大板凳硬件一般 但是深航服务非常好 睡着了给盖被子 还给我棉花娃娃绑安全带（拿出来的照片忘记拍了😅）",0,
344,20260326_1103_万代死吗_339bfb5788.jpg,/Users/lazywords/Code/高卡紫相关/QQ群相册/商务舱/images/20260326_1103_万代死吗_339bfb5788.jpg,万代死吗,2026年03月26日 11:03,"2024.10.07 ZH9528 PVG-SZX B-30CK A320-271N
运气不好是大板凳硬件一般 但是深航服务非常好 睡着了给盖被子 还给我棉花娃娃绑安全带（拿出来的照片忘记拍了😅）",0,
345,20260326_1103_万代死吗_60777d57ba.jpg,/Users/lazywords/Code/高卡紫相关/QQ群相册/商务舱/images/20260326_1103_万代死吗_60777d57ba.jpg,万代死吗,2026年03月26日 11:03,"2024.10.07 ZH9528 PVG-SZX B-30CK A320-271N
运气不好是大板凳硬件一般 但是深航服务非常好 睡着了给盖被子 还给我棉花娃娃绑安全带（拿出来的照片忘记拍了😅）",0,
346,20260326_1055_万代死吗_1783d7957e.jpg,/Users/lazywords/Code/高卡紫相关/QQ群相册/商务舱/images/20260326_1055_万代死吗_1783d7957e.jpg,万代死吗,2026年03月26日 10:55,"2024.11.18 MF8377 SHA-SZX B-5658 737-85C（WL）
虽然是最讨厌的737还是大板凳 但是MF的服务水平还是在的",0,
347,20260325_1529_万代死吗_02b4b8a16f.jpg,/Users/lazywords/Code/高卡紫相关/QQ群相册/商务舱/images/20260325_1529_万代死吗_02b4b8a16f.jpg,万代死吗,2026年03月25日 15:29,"2025.4.6 HO1881 SHA-SZX 
这辈子唯一一次自己掏钱买商务 产品本身中规中矩但是性价比拉满因为当天发烧了😅",0,
348,20260325_1529_万代死吗_8b5bfb88b6.jpg,/Users/lazywords/Code/高卡紫相关/QQ群相册/商务舱/images/20260325_1529_万代死吗_8b5bfb88b6.jpg,万代死吗,2026年03月25日 15:29,"2025.4.6 HO1881 SHA-SZX 
这辈子唯一一次自己掏钱买商务 产品本身中规中矩但是性价比拉满因为当天发烧了😅",0,
349,20260325_1529_万代死吗_58b880d9e2.jpg,/Users/lazywords/Code/高卡紫相关/QQ群相册/商务舱/images/20260325_1529_万代死吗_58b880d9e2.jpg,万代死吗,2026年03月25日 15:29,"2025.4.6 HO1881 SHA-SZX 
这辈子唯一一次自己掏钱买商务 产品本身中规中矩但是性价比拉满因为当天发烧了😅",0,
350,20260325_1529_万代死吗_9a79474c73.jpg,/Users/lazywords/Code/高卡紫相关/QQ群相册/商务舱/images/20260325_1529_万代死吗_9a79474c73.jpg,万代死吗,2026年03月25日 15:29,"2025.4.6 HO1881 SHA-SZX 
这辈子唯一一次自己掏钱买商务 产品本身中规中矩但是性价比拉满因为当天发烧了😅",0,
351,20260317_2144_HU马限时复活_3360240501.jpg,/Users/lazywords/Code/高卡紫相关/QQ群相册/商务舱/images/20260317_2144_HU马限时复活_3360240501.jpg,HU马限时复活,2026年03月17日 21:44,"2026.3.16 HU7721 深圳宝安-上海浦东
海航B787-9非梦之羽商务舱
采用赛峰Cirrus III反鱼骨座椅，座套从旧海航的大红色更换为梦之羽色调，但是保养较差，脚垫和座椅都十分松垮，卫生也是难以评价。
餐食是海航正常的航食，味道在国内商务舱算上乘，就是不知道为什么早餐点能端上正餐级别的产品（
PS：新海航这个飞飞乐掉价完了，进IFE还要看广告，真没绷住",0,
352,20260317_2144_HU马限时复活_9f42e8603f.jpg,/Users/lazywords/Code/高卡紫相关/QQ群相册/商务舱/images/20260317_2144_HU马限时复活_9f42e8603f.jpg,HU马限时复活,2026年03月17日 21:44,"2026.3.16 HU7721 深圳宝安-上海浦东
海航B787-9非梦之羽商务舱
采用赛峰Cirrus III反鱼骨座椅，座套从旧海航的大红色更换为梦之羽色调，但是保养较差，脚垫和座椅都十分松垮，卫生也是难以评价。
餐食是海航正常的航食，味道在国内商务舱算上乘，就是不知道为什么早餐点能端上正餐级别的产品（
PS：新海航这个飞飞乐掉价完了，进IFE还要看广告，真没绷住",0,
353,20260317_2144_HU马限时复活_0901f7bdbe.jpg,/Users/lazywords/Code/高卡紫相关/QQ群相册/商务舱/images/20260317_2144_HU马限时复活_0901f7bdbe.jpg,HU马限时复活,2026年03月17日 21:44,"2026.3.16 HU7721 深圳宝安-上海浦东
海航B787-9非梦之羽商务舱
采用赛峰Cirrus III反鱼骨座椅，座套从旧海航的大红色更换为梦之羽色调，但是保养较差，脚垫和座椅都十分松垮，卫生也是难以评价。
餐食是海航正常的航食，味道在国内商务舱算上乘，就是不知道为什么早餐点能端上正餐级别的产品（
PS：新海航这个飞飞乐掉价完了，进IFE还要看广告，真没绷住",0,
354,20260317_2144_HU马限时复活_beb612cc43.jpg,/Users/lazywords/Code/高卡紫相关/QQ群相册/商务舱/images/20260317_2144_HU马限时复活_beb612cc43.jpg,HU马限时复活,2026年03月17日 21:44,"2026.3.16 HU7721 深圳宝安-上海浦东
海航B787-9非梦之羽商务舱
采用赛峰Cirrus III反鱼骨座椅，座套从旧海航的大红色更换为梦之羽色调，但是保养较差，脚垫和座椅都十分松垮，卫生也是难以评价。
餐食是海航正常的航食，味道在国内商务舱算上乘，就是不知道为什么早餐点能端上正餐级别的产品（
PS：新海航这个飞飞乐掉价完了，进IFE还要看广告，真没绷住",0,
355,20260317_2144_HU马限时复活_e870bb4366.jpg,/Users/lazywords/Code/高卡紫相关/QQ群相册/商务舱/images/20260317_2144_HU马限时复活_e870bb4366.jpg,HU马限时复活,2026年03月17日 21:44,"2026.3.16 HU7721 深圳宝安-上海浦东
海航B787-9非梦之羽商务舱
采用赛峰Cirrus III反鱼骨座椅，座套从旧海航的大红色更换为梦之羽色调，但是保养较差，脚垫和座椅都十分松垮，卫生也是难以评价。
餐食是海航正常的航食，味道在国内商务舱算上乘，就是不知道为什么早餐点能端上正餐级别的产品（
PS：新海航这个飞飞乐掉价完了，进IFE还要看广告，真没绷住",0,
356,20260317_2144_HU马限时复活_ecbd0837d4.jpg,/Users/lazywords/Code/高卡紫相关/QQ群相册/商务舱/images/20260317_2144_HU马限时复活_ecbd0837d4.jpg,HU马限时复活,2026年03月17日 21:44,"2026.3.16 HU7721 深圳宝安-上海浦东
海航B787-9非梦之羽商务舱
采用赛峰Cirrus III反鱼骨座椅，座套从旧海航的大红色更换为梦之羽色调，但是保养较差，脚垫和座椅都十分松垮，卫生也是难以评价。
餐食是海航正常的航食，味道在国内商务舱算上乘，就是不知道为什么早餐点能端上正餐级别的产品（
PS：新海航这个飞飞乐掉价完了，进IFE还要看广告，真没绷住",0,
357,20260317_2144_HU马限时复活_9a7c8a572f.jpg,/Users/lazywords/Code/高卡紫相关/QQ群相册/商务舱/images/20260317_2144_HU马限时复活_9a7c8a572f.jpg,HU马限时复活,2026年03月17日 21:44,"2026.3.16 HU7721 深圳宝安-上海浦东
海航B787-9非梦之羽商务舱
采用赛峰Cirrus III反鱼骨座椅，座套从旧海航的大红色更换为梦之羽色调，但是保养较差，脚垫和座椅都十分松垮，卫生也是难以评价。
餐食是海航正常的航食，味道在国内商务舱算上乘，就是不知道为什么早餐点能端上正餐级别的产品（
PS：新海航这个飞飞乐掉价完了，进IFE还要看广告，真没绷住",0,
358,20260317_2144_HU马限时复活_94aabf01bb.jpg,/Users/lazywords/Code/高卡紫相关/QQ群相册/商务舱/images/20260317_2144_HU马限时复活_94aabf01bb.jpg,HU马限时复活,2026年03月17日 21:44,"2026.3.16 HU7721 深圳宝安-上海浦东
海航B787-9非梦之羽商务舱
采用赛峰Cirrus III反鱼骨座椅，座套从旧海航的大红色更换为梦之羽色调，但是保养较差，脚垫和座椅都十分松垮，卫生也是难以评价。
餐食是海航正常的航食，味道在国内商务舱算上乘，就是不知道为什么早餐点能端上正餐级别的产品（
PS：新海航这个飞飞乐掉价完了，进IFE还要看广告，真没绷住",0,
359,20260317_2144_HU马限时复活_75d89697d2.jpg,/Users/lazywords/Code/高卡紫相关/QQ群相册/商务舱/images/20260317_2144_HU马限时复活_75d89697d2.jpg,HU马限时复活,2026年03月17日 21:44,"2026.3.16 HU7721 深圳宝安-上海浦东
海航B787-9非梦之羽商务舱
采用赛峰Cirrus III反鱼骨座椅，座套从旧海航的大红色更换为梦之羽色调，但是保养较差，脚垫和座椅都十分松垮，卫生也是难以评价。
餐食是海航正常的航食，味道在国内商务舱算上乘，就是不知道为什么早餐点能端上正餐级别的产品（
PS：新海航这个飞飞乐掉价完了，进IFE还要看广告，真没绷住",0,
360,00EE2AC0-F4CF-4DAD-AC02-434A19D81D70_big.jpg,/Users/lazywords/Code/高卡紫相关/QQ群相册/商务舱/images/00EE2AC0-F4CF-4DAD-AC02-434A19D81D70_big.jpg,弦卷心的Tourbillon Sm,2026年04月06日 18:40,"东京hnd到亚特兰大，达美航空的Delta One，由于东京直飞亚特兰大仅有此航司没有办法。
座位其实还算行，比较舒适，私密性相对来说还可以，吃的东西简直就是一坨，这是🪨吗？以后都底下吃完再上来吧。",0,
361,38DC23A1-74D9-4CB2-8D57-9CDAF65E93E9_big.jpg,/Users/lazywords/Code/高卡紫相关/QQ群相册/商务舱/images/38DC23A1-74D9-4CB2-8D57-9CDAF65E93E9_big.jpg,弦卷心的Tourbillon Sm,2026年04月06日 18:40,"东京hnd到亚特兰大，达美航空的Delta One，由于东京直飞亚特兰大仅有此航司没有办法。
座位其实还算行，比较舒适，私密性相对来说还可以，吃的东西简直就是一坨，这是🪨吗？以后都底下吃完再上来吧。",0,
362,1E8977F9-8D47-48A8-B340-26B88EB0A3FB_big.jpg,/Users/lazywords/Code/高卡紫相关/QQ群相册/商务舱/images/1E8977F9-8D47-48A8-B340-26B88EB0A3FB_big.jpg,弦卷心的Tourbillon Sm,2026年04月06日 18:40,"东京hnd到亚特兰大，达美航空的Delta One，由于东京直飞亚特兰大仅有此航司没有办法。
座位其实还算行，比较舒适，私密性相对来说还可以，吃的东西简直就是一坨，这是🪨吗？以后都底下吃完再上来吧。",0,
363,6A74EF98-5966-429F-81D4-76CAB8BBB313_big.jpg,/Users/lazywords/Code/高卡紫相关/QQ群相册/商务舱/images/6A74EF98-5966-429F-81D4-76CAB8BBB313_big.jpg,弦卷心的Tourbillon Sm,2026年04月06日 18:40,"东京hnd到亚特兰大，达美航空的Delta One，由于东京直飞亚特兰大仅有此航司没有办法。
座位其实还算行，比较舒适，私密性相对来说还可以，吃的东西简直就是一坨，这是🪨吗？以后都底下吃完再上来吧。",0,
364,B10F42B9-E607-4B39-9169-93BE78F77BB1_big.jpg,/Users/lazywords/Code/高卡紫相关/QQ群相册/商务舱/images/B10F42B9-E607-4B39-9169-93BE78F77BB1_big.jpg,弦卷心的Tourbillon Sm,2026年04月06日 18:40,"东京hnd到亚特兰大，达美航空的Delta One，由于东京直飞亚特兰大仅有此航司没有办法。
座位其实还算行，比较舒适，私密性相对来说还可以，吃的东西简直就是一坨，这是🪨吗？以后都底下吃完再上来吧。",0,
365,15CCAF96-19A1-415D-9E2B-3B3D9024E4E3_big.jpg,/Users/lazywords/Code/高卡紫相关/QQ群相册/商务舱/images/15CCAF96-19A1-415D-9E2B-3B3D9024E4E3_big.jpg,弦卷心的Tourbillon Sm,2026年04月06日 18:40,"东京hnd到亚特兰大，达美航空的Delta One，由于东京直飞亚特兰大仅有此航司没有办法。
座位其实还算行，比较舒适，私密性相对来说还可以，吃的东西简直就是一坨，这是🪨吗？以后都底下吃完再上来吧。",0,
366,IMG_001_20260408_1046_06e1e21c.jpg,/Users/lazywords/Code/高卡紫相关/QQ群相册/商务舱/images/IMG_001_20260408_1046_06e1e21c.jpg,cz死吗,2026年04月08日 10:46,320-CA商务仓西式早餐,0,
367,IMG_20260408_1046_7cdad833.jpg,/Users/lazywords/Code/高卡紫相关/QQ群相册/商务舱/images/IMG_20260408_1046_7cdad833.jpg,cz死吗,2026年04月08日 10:46,320-CA商务仓西式早餐,0,
368,4D14B30E-B9BF-42E9-8AF7-64BDCDBB5F2C_hd.jpg,/Users/lazywords/Code/高卡紫相关/QQ群相册/商务舱/images/4D14B30E-B9BF-42E9-8AF7-64BDCDBB5F2C_hd.jpg,希思罗T5 Domestic死吗,2026年04月08日 14:47,"国泰航空CX250 LHR-HKG 777-300ER

第一次坐国泰航空长途的洲际Aria，体验拉完了。。。

首先是极为不稳定的WiFi，全程处于使用1分钟断连20分钟的循环。不过在进入中国大陆领空之后有所改善。

餐食质量无功无过，但是服务时间过长，从开胃菜到最后的甜品接近两个半小时的服务流程，效率低的发指。

不愧是国泰航空，在你对它有期望的时候给你拉坨大的，零蛋！",0,
369,B08AEC38-7C5B-4877-B20E-E1F1D0EE1B11_hd.jpg,/Users/lazywords/Code/高卡紫相关/QQ群相册/商务舱/images/B08AEC38-7C5B-4877-B20E-E1F1D0EE1B11_hd.jpg,希思罗T5 Domestic死吗,2026年04月08日 14:47,"国泰航空CX250 LHR-HKG 777-300ER

第一次坐国泰航空长途的洲际Aria，体验拉完了。。。

首先是极为不稳定的WiFi，全程处于使用1分钟断连20分钟的循环。不过在进入中国大陆领空之后有所改善。

餐食质量无功无过，但是服务时间过长，从开胃菜到最后的甜品接近两个半小时的服务流程，效率低的发指。

不愧是国泰航空，在你对它有期望的时候给你拉坨大的，零蛋！",0,
370,44182757-3122-458D-9E46-05C20AF69B42_hd.jpg,/Users/lazywords/Code/高卡紫相关/QQ群相册/商务舱/images/44182757-3122-458D-9E46-05C20AF69B42_hd.jpg,希思罗T5 Domestic死吗,2026年04月08日 14:47,"国泰航空CX250 LHR-HKG 777-300ER

第一次坐国泰航空长途的洲际Aria，体验拉完了。。。

首先是极为不稳定的WiFi，全程处于使用1分钟断连20分钟的循环。不过在进入中国大陆领空之后有所改善。

餐食质量无功无过，但是服务时间过长，从开胃菜到最后的甜品接近两个半小时的服务流程，效率低的发指。

不愧是国泰航空，在你对它有期望的时候给你拉坨大的，零蛋！",0,
371,CF53EAFE-04AE-4D72-8E85-6E73D1730CF6_hd.jpg,/Users/lazywords/Code/高卡紫相关/QQ群相册/商务舱/images/CF53EAFE-04AE-4D72-8E85-6E73D1730CF6_hd.jpg,希思罗T5 Domestic死吗,2026年04月08日 14:47,"国泰航空CX250 LHR-HKG 777-300ER

第一次坐国泰航空长途的洲际Aria，体验拉完了。。。

首先是极为不稳定的WiFi，全程处于使用1分钟断连20分钟的循环。不过在进入中国大陆领空之后有所改善。

餐食质量无功无过，但是服务时间过长，从开胃菜到最后的甜品接近两个半小时的服务流程，效率低的发指。

不愧是国泰航空，在你对它有期望的时候给你拉坨大的，零蛋！",0,
372,3896E5EA-5C88-48B4-8BFC-D7B5489D1C57_hd.jpg,/Users/lazywords/Code/高卡紫相关/QQ群相册/商务舱/images/3896E5EA-5C88-48B4-8BFC-D7B5489D1C57_hd.jpg,希思罗T5 Domestic死吗,2026年04月08日 14:47,"国泰航空CX250 LHR-HKG 777-300ER

第一次坐国泰航空长途的洲际Aria，体验拉完了。。。

首先是极为不稳定的WiFi，全程处于使用1分钟断连20分钟的循环。不过在进入中国大陆领空之后有所改善。

餐食质量无功无过，但是服务时间过长，从开胃菜到最后的甜品接近两个半小时的服务流程，效率低的发指。

不愧是国泰航空，在你对它有期望的时候给你拉坨大的，零蛋！",0,
373,ACD2E089-7B86-4BEC-A2A1-24B15CF87FA2_hd.jpg,/Users/lazywords/Code/高卡紫相关/QQ群相册/商务舱/images/ACD2E089-7B86-4BEC-A2A1-24B15CF87FA2_hd.jpg,希思罗T5 Domestic死吗,2026年04月08日 14:47,"国泰航空CX250 LHR-HKG 777-300ER

第一次坐国泰航空长途的洲际Aria，体验拉完了。。。

首先是极为不稳定的WiFi，全程处于使用1分钟断连20分钟的循环。不过在进入中国大陆领空之后有所改善。

餐食质量无功无过，但是服务时间过长，从开胃菜到最后的甜品接近两个半小时的服务流程，效率低的发指。

不愧是国泰航空，在你对它有期望的时候给你拉坨大的，零蛋！",0,
374,9B393E27-FDCF-4BA5-819A-8D650DFB3E22_hd.jpg,/Users/lazywords/Code/高卡紫相关/QQ群相册/商务舱/images/9B393E27-FDCF-4BA5-819A-8D650DFB3E22_hd.jpg,希思罗T5 Domestic死吗,2026年04月08日 14:47,"国泰航空CX250 LHR-HKG 777-300ER

第一次坐国泰航空长途的洲际Aria，体验拉完了。。。

首先是极为不稳定的WiFi，全程处于使用1分钟断连20分钟的循环。不过在进入中国大陆领空之后有所改善。

餐食质量无功无过，但是服务时间过长，从开胃菜到最后的甜品接近两个半小时的服务流程，效率低的发指。

不愧是国泰航空，在你对它有期望的时候给你拉坨大的，零蛋！",0,
375,D2840DE2-4E11-47A8-979E-1738308CBB32_hd.jpg,/Users/lazywords/Code/高卡紫相关/QQ群相册/商务舱/images/D2840DE2-4E11-47A8-979E-1738308CBB32_hd.jpg,希思罗T5 Domestic死吗,2026年04月19日 21:13,"国泰航空CX257 HKG-LHR

国泰航空的35K也就那样，毕竟座椅跟359是完全一样的。。。",0,
376,619B1120-8653-44A5-BA15-92FD70482DE1_hd.jpg,/Users/lazywords/Code/高卡紫相关/QQ群相册/商务舱/images/619B1120-8653-44A5-BA15-92FD70482DE1_hd.jpg,希思罗T5 Domestic死吗,2026年04月19日 21:13,"国泰航空CX257 HKG-LHR

国泰航空的35K也就那样，毕竟座椅跟359是完全一样的。。。",0,
377,44BAA308-519B-4463-A08F-4E86F85CCC79_hd.jpg,/Users/lazywords/Code/高卡紫相关/QQ群相册/商务舱/images/44BAA308-519B-4463-A08F-4E86F85CCC79_hd.jpg,希思罗T5 Domestic死吗,2026年04月19日 21:13,"国泰航空CX257 HKG-LHR

国泰航空的35K也就那样，毕竟座椅跟359是完全一样的。。。",0,
378,CD4B6B86-E5F5-40F5-95D3-4A8297420DF9_hd.jpg,/Users/lazywords/Code/高卡紫相关/QQ群相册/商务舱/images/CD4B6B86-E5F5-40F5-95D3-4A8297420DF9_hd.jpg,希思罗T5 Domestic死吗,2026年04月19日 21:13,"国泰航空CX257 HKG-LHR

国泰航空的35K也就那样，毕竟座椅跟359是完全一样的。。。",0,
379,A9CF2EAD-80BA-41DC-855F-998170B5BA80_hd.jpg,/Users/lazywords/Code/高卡紫相关/QQ群相册/商务舱/images/A9CF2EAD-80BA-41DC-855F-998170B5BA80_hd.jpg,希思罗T5 Domestic死吗,2026年04月19日 21:13,"国泰航空CX257 HKG-LHR

国泰航空的35K也就那样，毕竟座椅跟359是完全一样的。。。",0,
380,81FF7BF8-C95A-4316-9322-A45689F913F0_hd.jpg,/Users/lazywords/Code/高卡紫相关/QQ群相册/商务舱/images/81FF7BF8-C95A-4316-9322-A45689F913F0_hd.jpg,希思罗T5 Domestic死吗,2026年04月19日 21:13,"国泰航空CX257 HKG-LHR

国泰航空的35K也就那样，毕竟座椅跟359是完全一样的。。。",0,
381,F9B4F604-C6E6-4DB0-8351-0698C6BB3E8A_hd.jpg,/Users/lazywords/Code/高卡紫相关/QQ群相册/商务舱/images/F9B4F604-C6E6-4DB0-8351-0698C6BB3E8A_hd.jpg,希思罗T5 Domestic死吗,2026年04月19日 21:13,"国泰航空CX257 HKG-LHR

国泰航空的35K也就那样，毕竟座椅跟359是完全一样的。。。",0,
382,CACEE957-DCAB-4053-8B6C-495010E20FA9_big.jpg,/Users/lazywords/Code/高卡紫相关/QQ群相册/商务舱/images/CACEE957-DCAB-4053-8B6C-495010E20FA9_big.jpg,弦卷心的Tourbillon Sm,2026年04月23日 13:53,"洛杉矶到万象，洛杉矶到首尔，大韩航空+老挝航空。应该是747-8？不太了解飞机。空间挺大非常舒适。
平时黑棒子没美食是没毛病，飞机上谁不想急头白脸吃一碗泡面和拌饭你的？鳗鱼难吃，泡面好吃，prestige休息室在lax算挺不错的。",0,
383,1B124C72-D7C1-4519-AA21-F6DE5174E1B2_big.jpg,/Users/lazywords/Code/高卡紫相关/QQ群相册/商务舱/images/1B124C72-D7C1-4519-AA21-F6DE5174E1B2_big.jpg,弦卷心的Tourbillon Sm,2026年04月23日 13:53,"洛杉矶到万象，洛杉矶到首尔，大韩航空+老挝航空。应该是747-8？不太了解飞机。空间挺大非常舒适。
平时黑棒子没美食是没毛病，飞机上谁不想急头白脸吃一碗泡面和拌饭你的？鳗鱼难吃，泡面好吃，prestige休息室在lax算挺不错的。",0,
384,A56C0BA4-FF91-4869-9F92-83407C4FB437_big.jpg,/Users/lazywords/Code/高卡紫相关/QQ群相册/商务舱/images/A56C0BA4-FF91-4869-9F92-83407C4FB437_big.jpg,弦卷心的Tourbillon Sm,2026年04月23日 13:53,"洛杉矶到万象，洛杉矶到首尔，大韩航空+老挝航空。应该是747-8？不太了解飞机。空间挺大非常舒适。
平时黑棒子没美食是没毛病，飞机上谁不想急头白脸吃一碗泡面和拌饭你的？鳗鱼难吃，泡面好吃，prestige休息室在lax算挺不错的。",0,
385,C090FDDA-E3E4-4A5D-86C4-88CC0D911316_big.jpg,/Users/lazywords/Code/高卡紫相关/QQ群相册/商务舱/images/C090FDDA-E3E4-4A5D-86C4-88CC0D911316_big.jpg,弦卷心的Tourbillon Sm,2026年04月23日 13:53,"洛杉矶到万象，洛杉矶到首尔，大韩航空+老挝航空。应该是747-8？不太了解飞机。空间挺大非常舒适。
平时黑棒子没美食是没毛病，飞机上谁不想急头白脸吃一碗泡面和拌饭你的？鳗鱼难吃，泡面好吃，prestige休息室在lax算挺不错的。",0,
386,F0B16014-9A16-4447-9A79-B1C46B92891D_big.jpg,/Users/lazywords/Code/高卡紫相关/QQ群相册/商务舱/images/F0B16014-9A16-4447-9A79-B1C46B92891D_big.jpg,东航死全家,2026年05月01日 08:45,"北京首都=丹东浪头复航首日
图片均在夜间拍摄",0,
387,C3725583-D2E8-46FE-A52E-DB604ADD6707_big.jpg,/Users/lazywords/Code/高卡紫相关/QQ群相册/商务舱/images/C3725583-D2E8-46FE-A52E-DB604ADD6707_big.jpg,东航死全家,2026年05月01日 08:45,"北京首都=丹东浪头复航首日
图片均在夜间拍摄",0,
388,9E98CF7D-4F9B-413A-8FC8-B493AF38BC98_hd.jpg,/Users/lazywords/Code/高卡紫相关/QQ群相册/商务舱/images/9E98CF7D-4F9B-413A-8FC8-B493AF38BC98_hd.jpg,希思罗T5 Domestic死吗,2026年05月03日 10:28,"土耳其航空 TK300 IST-NRT 波音787-9执飞

第一件事，幽默土航默认我是牢日给了我纯日语的菜单。

第二，土航这款商务舱座椅躺平之后腿部空间极其逼仄，非常难受。

第三，商务舱30个座位只有两个卫生间，供不应求，上厕所起码要等10分钟以上。

总结：除了极其热情的服务以外（可能因为觉得我是日本人）以外其他的拉完了，零蛋！",0,
389,400A903A-3080-441E-AD80-479F0340EE31_hd.jpg,/Users/lazywords/Code/高卡紫相关/QQ群相册/商务舱/images/400A903A-3080-441E-AD80-479F0340EE31_hd.jpg,希思罗T5 Domestic死吗,2026年05月03日 10:28,"土耳其航空 TK300 IST-NRT 波音787-9执飞

第一件事，幽默土航默认我是牢日给了我纯日语的菜单。

第二，土航这款商务舱座椅躺平之后腿部空间极其逼仄，非常难受。

第三，商务舱30个座位只有两个卫生间，供不应求，上厕所起码要等10分钟以上。

总结：除了极其热情的服务以外（可能因为觉得我是日本人）以外其他的拉完了，零蛋！",0,
390,FC21AB72-2171-4937-B12F-E8D1CE477BE3_hd.jpg,/Users/lazywords/Code/高卡紫相关/QQ群相册/商务舱/images/FC21AB72-2171-4937-B12F-E8D1CE477BE3_hd.jpg,希思罗T5 Domestic死吗,2026年05月03日 10:28,"土耳其航空 TK300 IST-NRT 波音787-9执飞

第一件事，幽默土航默认我是牢日给了我纯日语的菜单。

第二，土航这款商务舱座椅躺平之后腿部空间极其逼仄，非常难受。

第三，商务舱30个座位只有两个卫生间，供不应求，上厕所起码要等10分钟以上。

总结：除了极其热情的服务以外（可能因为觉得我是日本人）以外其他的拉完了，零蛋！",0,
391,9F1EFCA1-F4F2-4093-9B2F-D0CC8523906E_hd.jpg,/Users/lazywords/Code/高卡紫相关/QQ群相册/商务舱/images/9F1EFCA1-F4F2-4093-9B2F-D0CC8523906E_hd.jpg,希思罗T5 Domestic死吗,2026年05月03日 10:28,"土耳其航空 TK300 IST-NRT 波音787-9执飞

第一件事，幽默土航默认我是牢日给了我纯日语的菜单。

第二，土航这款商务舱座椅躺平之后腿部空间极其逼仄，非常难受。

第三，商务舱30个座位只有两个卫生间，供不应求，上厕所起码要等10分钟以上。

总结：除了极其热情的服务以外（可能因为觉得我是日本人）以外其他的拉完了，零蛋！",0,
392,B66912D5-ECDA-410B-B927-3945194DE692_hd.jpg,/Users/lazywords/Code/高卡紫相关/QQ群相册/商务舱/images/B66912D5-ECDA-410B-B927-3945194DE692_hd.jpg,希思罗T5 Domestic死吗,2026年05月03日 10:28,"土耳其航空 TK300 IST-NRT 波音787-9执飞

第一件事，幽默土航默认我是牢日给了我纯日语的菜单。

第二，土航这款商务舱座椅躺平之后腿部空间极其逼仄，非常难受。

第三，商务舱30个座位只有两个卫生间，供不应求，上厕所起码要等10分钟以上。

总结：除了极其热情的服务以外（可能因为觉得我是日本人）以外其他的拉完了，零蛋！",0,
393,E000481E-F264-4CE7-90B8-41E56E28A5F4_hd.jpg,/Users/lazywords/Code/高卡紫相关/QQ群相册/商务舱/images/E000481E-F264-4CE7-90B8-41E56E28A5F4_hd.jpg,希思罗T5 Domestic死吗,2026年05月03日 10:28,"土耳其航空 TK300 IST-NRT 波音787-9执飞

第一件事，幽默土航默认我是牢日给了我纯日语的菜单。

第二，土航这款商务舱座椅躺平之后腿部空间极其逼仄，非常难受。

第三，商务舱30个座位只有两个卫生间，供不应求，上厕所起码要等10分钟以上。

总结：除了极其热情的服务以外（可能因为觉得我是日本人）以外其他的拉完了，零蛋！",0,
394,2D2F17C7-78F1-418B-8F3C-E52FEEA4B6CF_hd.jpg,/Users/lazywords/Code/高卡紫相关/QQ群相册/商务舱/images/2D2F17C7-78F1-418B-8F3C-E52FEEA4B6CF_hd.jpg,希思罗T5 Domestic死吗,2026年05月03日 10:28,"土耳其航空 TK300 IST-NRT 波音787-9执飞

第一件事，幽默土航默认我是牢日给了我纯日语的菜单。

第二，土航这款商务舱座椅躺平之后腿部空间极其逼仄，非常难受。

第三，商务舱30个座位只有两个卫生间，供不应求，上厕所起码要等10分钟以上。

总结：除了极其热情的服务以外（可能因为觉得我是日本人）以外其他的拉完了，零蛋！",0,
395,9468D62A-02FA-430B-8A87-760BD10972D2_hd.jpg,/Users/lazywords/Code/高卡紫相关/QQ群相册/商务舱/images/9468D62A-02FA-430B-8A87-760BD10972D2_hd.jpg,希思罗T5 Domestic死吗,2026年05月03日 10:28,"土耳其航空 TK300 IST-NRT 波音787-9执飞

第一件事，幽默土航默认我是牢日给了我纯日语的菜单。

第二，土航这款商务舱座椅躺平之后腿部空间极其逼仄，非常难受。

第三，商务舱30个座位只有两个卫生间，供不应求，上厕所起码要等10分钟以上。

总结：除了极其热情的服务以外（可能因为觉得我是日本人）以外其他的拉完了，零蛋！",0,
396,7943114A-548A-4D94-A5A6-83BE1AA713D6_hd.jpg,/Users/lazywords/Code/高卡紫相关/QQ群相册/商务舱/images/7943114A-548A-4D94-A5A6-83BE1AA713D6_hd.jpg,希思罗T5 Domestic死吗,2026年05月03日 10:28,"土耳其航空 TK300 IST-NRT 波音787-9执飞

第一件事，幽默土航默认我是牢日给了我纯日语的菜单。

第二，土航这款商务舱座椅躺平之后腿部空间极其逼仄，非常难受。

第三，商务舱30个座位只有两个卫生间，供不应求，上厕所起码要等10分钟以上。

总结：除了极其热情的服务以外（可能因为觉得我是日本人）以外其他的拉完了，零蛋！",0,
397,C796FD55-84ED-4606-B8AE-1B98A37157DA_hd.jpg,/Users/lazywords/Code/高卡紫相关/QQ群相册/商务舱/images/C796FD55-84ED-4606-B8AE-1B98A37157DA_hd.jpg,希思罗T5 Domestic死吗,2026年05月03日 10:28,"土耳其航空 TK300 IST-NRT 波音787-9执飞

第一件事，幽默土航默认我是牢日给了我纯日语的菜单。

第二，土航这款商务舱座椅躺平之后腿部空间极其逼仄，非常难受。

第三，商务舱30个座位只有两个卫生间，供不应求，上厕所起码要等10分钟以上。

总结：除了极其热情的服务以外（可能因为觉得我是日本人）以外其他的拉完了，零蛋！",0,
398,3FF0A012-1BA5-4CD7-862C-6E86CC827B84_hd.jpg,/Users/lazywords/Code/高卡紫相关/QQ群相册/商务舱/images/3FF0A012-1BA5-4CD7-862C-6E86CC827B84_hd.jpg,希思罗T5 Domestic死吗,2026年05月03日 10:28,"土耳其航空 TK300 IST-NRT 波音787-9执飞

第一件事，幽默土航默认我是牢日给了我纯日语的菜单。

第二，土航这款商务舱座椅躺平之后腿部空间极其逼仄，非常难受。

第三，商务舱30个座位只有两个卫生间，供不应求，上厕所起码要等10分钟以上。

总结：除了极其热情的服务以外（可能因为觉得我是日本人）以外其他的拉完了，零蛋！",0,
399,0AD1C7C7-1E77-4570-943B-A15FA1340C8E_hd.jpg,/Users/lazywords/Code/高卡紫相关/QQ群相册/商务舱/images/0AD1C7C7-1E77-4570-943B-A15FA1340C8E_hd.jpg,希思罗T5 Domestic死吗,2026年05月03日 10:28,"土耳其航空 TK300 IST-NRT 波音787-9执飞

第一件事，幽默土航默认我是牢日给了我纯日语的菜单。

第二，土航这款商务舱座椅躺平之后腿部空间极其逼仄，非常难受。

第三，商务舱30个座位只有两个卫生间，供不应求，上厕所起码要等10分钟以上。

总结：除了极其热情的服务以外（可能因为觉得我是日本人）以外其他的拉完了，零蛋！",0,
