序号,文件名,本地路径,发布人,发布时间,发布内容,评论数,评论内容
1,026402FC-D2BE-42A9-A8EA-721F65C50326_big.jpg,/Users/lazywords/Code/高卡紫相关/QQ群相册/机场休息室/images/026402FC-D2BE-42A9-A8EA-721F65C50326_big.jpg,6岔路口矢泽兔熊,2026年02月21日 11:50,2026.01.17 SAS北欧航空在CPH的休息室,0,
2,0862F0A3-D235-48D6-BA12-00F50F138A58_big.jpg,/Users/lazywords/Code/高卡紫相关/QQ群相册/机场休息室/images/0862F0A3-D235-48D6-BA12-00F50F138A58_big.jpg,6岔路口矢泽兔熊,2026年02月21日 11:50,2026.01.17 SAS北欧航空在CPH的休息室,0,
3,0AFB94DB-78C1-4AFF-B5E8-7D17FE92804A_big.jpg,/Users/lazywords/Code/高卡紫相关/QQ群相册/机场休息室/images/0AFB94DB-78C1-4AFF-B5E8-7D17FE92804A_big.jpg,6岔路口矢泽兔熊,2026年02月21日 11:50,2026.01.17 SAS北欧航空在CPH的休息室,0,
4,0E8211B0-139F-4468-A9C3-922665ED8271_big.jpg,/Users/lazywords/Code/高卡紫相关/QQ群相册/机场休息室/images/0E8211B0-139F-4468-A9C3-922665ED8271_big.jpg,6岔路口矢泽兔熊,2026年02月21日 11:50,2026.01.17 SAS北欧航空在CPH的休息室,0,
5,17486C93-E84F-4AC8-B467-15745E2D7322_big.jpg,/Users/lazywords/Code/高卡紫相关/QQ群相册/机场休息室/images/17486C93-E84F-4AC8-B467-15745E2D7322_big.jpg,6岔路口矢泽兔熊,2026年02月21日 11:50,2026.01.17 SAS北欧航空在CPH的休息室,0,
6,203D56F3-559D-49F5-A253-116856BCA0F8_big.jpg,/Users/lazywords/Code/高卡紫相关/QQ群相册/机场休息室/images/203D56F3-559D-49F5-A253-116856BCA0F8_big.jpg,6岔路口矢泽兔熊,2026年02月21日 11:50,2026.01.17 SAS北欧航空在CPH的休息室,0,
7,21E61833-EE20-4C70-B3DC-2F1BBD160154_big.jpg,/Users/lazywords/Code/高卡紫相关/QQ群相册/机场休息室/images/21E61833-EE20-4C70-B3DC-2F1BBD160154_big.jpg,6岔路口矢泽兔熊,2026年02月21日 11:50,2026.01.17 SAS北欧航空在CPH的休息室,0,
8,2ABC4ABC-60BD-4FB5-8FDC-7D16282D17E4_big.jpg,/Users/lazywords/Code/高卡紫相关/QQ群相册/机场休息室/images/2ABC4ABC-60BD-4FB5-8FDC-7D16282D17E4_big.jpg,6岔路口矢泽兔熊,2026年02月21日 11:50,2026.01.17 SAS北欧航空在CPH的休息室,0,
9,487E62C4-8559-4B23-9D78-9052ADD18EA8_big.jpg,/Users/lazywords/Code/高卡紫相关/QQ群相册/机场休息室/images/487E62C4-8559-4B23-9D78-9052ADD18EA8_big.jpg,6岔路口矢泽兔熊,2026年02月21日 11:50,2026.01.17 SAS北欧航空在CPH的休息室,0,
10,4A85EAF4-FDCD-4439-8939-83C84141A9EC_big.jpg,/Users/lazywords/Code/高卡紫相关/QQ群相册/机场休息室/images/4A85EAF4-FDCD-4439-8939-83C84141A9EC_big.jpg,6岔路口矢泽兔熊,2026年02月21日 11:50,2026.01.17 SAS北欧航空在CPH的休息室,0,
11,4B98AD59-2109-4C10-AA37-1F2FF687957E_big.jpg,/Users/lazywords/Code/高卡紫相关/QQ群相册/机场休息室/images/4B98AD59-2109-4C10-AA37-1F2FF687957E_big.jpg,6岔路口矢泽兔熊,2026年02月21日 11:50,2026.01.17 SAS北欧航空在CPH的休息室,0,
12,4E99674A-01E8-41F4-B069-6AE49FBC380D_big.jpg,/Users/lazywords/Code/高卡紫相关/QQ群相册/机场休息室/images/4E99674A-01E8-41F4-B069-6AE49FBC380D_big.jpg,6岔路口矢泽兔熊,2026年02月21日 11:50,2026.01.17 SAS北欧航空在CPH的休息室,0,
13,4EDD4EC3-8269-4DFA-BCCD-D7D016741C66_big.jpg,/Users/lazywords/Code/高卡紫相关/QQ群相册/机场休息室/images/4EDD4EC3-8269-4DFA-BCCD-D7D016741C66_big.jpg,Terracotta,2026年02月21日 11:49,HKG 玉衡堂 早餐时间 第二次 唯一一次早餐时间去 都是以套餐形式 中式好吃 西式面包不合口味 不建议点 门口有排队情况,0,
14,535C6F4E-A03F-4876-82D0-94E86EF9DD5C_big.jpg,/Users/lazywords/Code/高卡紫相关/QQ群相册/机场休息室/images/535C6F4E-A03F-4876-82D0-94E86EF9DD5C_big.jpg,Terracotta,2026年02月21日 11:49,HKG 玉衡堂 早餐时间 第二次 唯一一次早餐时间去 都是以套餐形式 中式好吃 西式面包不合口味 不建议点 门口有排队情况,0,
15,53ACE70A-4614-48B1-88A9-D0F653DD6AF7_big.jpg,/Users/lazywords/Code/高卡紫相关/QQ群相册/机场休息室/images/53ACE70A-4614-48B1-88A9-D0F653DD6AF7_big.jpg,Terracotta,2026年02月21日 11:49,HKG 玉衡堂 早餐时间 第二次 唯一一次早餐时间去 都是以套餐形式 中式好吃 西式面包不合口味 不建议点 门口有排队情况,0,
16,588A8D70-07E7-4D3D-9209-35986FBD59F1_big.jpg,/Users/lazywords/Code/高卡紫相关/QQ群相册/机场休息室/images/588A8D70-07E7-4D3D-9209-35986FBD59F1_big.jpg,Terracotta,2026年02月21日 11:49,HKG 玉衡堂 早餐时间 第二次 唯一一次早餐时间去 都是以套餐形式 中式好吃 西式面包不合口味 不建议点 门口有排队情况,0,
17,5B94F052-EFCA-495A-81D8-A3E38D99C7CF_big.jpg,/Users/lazywords/Code/高卡紫相关/QQ群相册/机场休息室/images/5B94F052-EFCA-495A-81D8-A3E38D99C7CF_big.jpg,6岔路口矢泽兔熊,2026年02月21日 11:47,2025.10.29 法航在CDG T2E（申根外，非申根）的Lounge/Salon,0,
18,6FE39967-8493-49C5-9067-63B7C4F090B4_big.jpg,/Users/lazywords/Code/高卡紫相关/QQ群相册/机场休息室/images/6FE39967-8493-49C5-9067-63B7C4F090B4_big.jpg,6岔路口矢泽兔熊,2026年02月21日 11:47,2025.10.29 法航在CDG T2E（申根外，非申根）的Lounge/Salon,0,
19,70A2334A-41D1-4B54-9667-5530D06814C5_big.jpg,/Users/lazywords/Code/高卡紫相关/QQ群相册/机场休息室/images/70A2334A-41D1-4B54-9667-5530D06814C5_big.jpg,6岔路口矢泽兔熊,2026年02月21日 11:47,2025.10.29 法航在CDG T2E（申根外，非申根）的Lounge/Salon,0,
20,7672FCAC-859E-4F4E-86A3-BC35E9657FCC_big.jpg,/Users/lazywords/Code/高卡紫相关/QQ群相册/机场休息室/images/7672FCAC-859E-4F4E-86A3-BC35E9657FCC_big.jpg,6岔路口矢泽兔熊,2026年02月21日 11:47,2025.10.29 法航在CDG T2E（申根外，非申根）的Lounge/Salon,0,
21,797BA8CD-EEB9-471A-A047-DE3C40F27034_big.jpg,/Users/lazywords/Code/高卡紫相关/QQ群相册/机场休息室/images/797BA8CD-EEB9-471A-A047-DE3C40F27034_big.jpg,6岔路口矢泽兔熊,2026年02月21日 11:47,2025.10.29 法航在CDG T2E（申根外，非申根）的Lounge/Salon,0,
22,7A48C69E-2349-479C-8466-E6E95080E557_big.jpg,/Users/lazywords/Code/高卡紫相关/QQ群相册/机场休息室/images/7A48C69E-2349-479C-8466-E6E95080E557_big.jpg,6岔路口矢泽兔熊,2026年02月21日 11:47,2025.10.29 法航在CDG T2E（申根外，非申根）的Lounge/Salon,0,
23,7AB6BD11-17BA-4DD6-B6D7-61ED0BFD88F5_big.jpg,/Users/lazywords/Code/高卡紫相关/QQ群相册/机场休息室/images/7AB6BD11-17BA-4DD6-B6D7-61ED0BFD88F5_big.jpg,6岔路口矢泽兔熊,2026年02月21日 11:47,2025.10.29 法航在CDG T2E（申根外，非申根）的Lounge/Salon,0,
24,7F6C7B29-BFB1-448C-9B3E-8CE0BCA78DE3_big.jpg,/Users/lazywords/Code/高卡紫相关/QQ群相册/机场休息室/images/7F6C7B29-BFB1-448C-9B3E-8CE0BCA78DE3_big.jpg,6岔路口矢泽兔熊,2026年02月21日 11:47,2025.10.29 法航在CDG T2E（申根外，非申根）的Lounge/Salon,0,
25,8042D81A-B96E-49C7-B52D-C58CE66F54CD_big.jpg,/Users/lazywords/Code/高卡紫相关/QQ群相册/机场休息室/images/8042D81A-B96E-49C7-B52D-C58CE66F54CD_big.jpg,6岔路口矢泽兔熊,2026年02月21日 11:47,2025.10.29 法航在CDG T2E（申根外，非申根）的Lounge/Salon,0,
26,825C3DCD-5F2D-498A-8335-54FA9DC6FD0A_big.jpg,/Users/lazywords/Code/高卡紫相关/QQ群相册/机场休息室/images/825C3DCD-5F2D-498A-8335-54FA9DC6FD0A_big.jpg,6岔路口矢泽兔熊,2026年02月21日 11:47,2025.10.29 法航在CDG T2E（申根外，非申根）的Lounge/Salon,0,
27,888D567C-E7C2-493A-9131-EE49DA568BA6_big.jpg,/Users/lazywords/Code/高卡紫相关/QQ群相册/机场休息室/images/888D567C-E7C2-493A-9131-EE49DA568BA6_big.jpg,6岔路口矢泽兔熊,2026年02月21日 11:47,2025.10.29 法航在CDG T2E（申根外，非申根）的Lounge/Salon,0,
28,8F94F2B0-54C5-4155-A6AE-A9B222ADFDD3_big.jpg,/Users/lazywords/Code/高卡紫相关/QQ群相册/机场休息室/images/8F94F2B0-54C5-4155-A6AE-A9B222ADFDD3_big.jpg,6岔路口矢泽兔熊,2026年02月21日 11:47,2025.10.29 法航在CDG T2E（申根外，非申根）的Lounge/Salon,0,
29,90BFBCB4-7731-4B24-9F99-5FB3006FC1CB_big.jpg,/Users/lazywords/Code/高卡紫相关/QQ群相册/机场休息室/images/90BFBCB4-7731-4B24-9F99-5FB3006FC1CB_big.jpg,6岔路口矢泽兔熊,2026年02月21日 11:47,2025.10.29 法航在CDG T2E（申根外，非申根）的Lounge/Salon,0,
30,9305F5DE-8B70-4F28-9B58-B0AE0C02B4C5_big.jpg,/Users/lazywords/Code/高卡紫相关/QQ群相册/机场休息室/images/9305F5DE-8B70-4F28-9B58-B0AE0C02B4C5_big.jpg,6岔路口矢泽兔熊,2026年02月21日 11:47,2025.10.29 法航在CDG T2E（申根外，非申根）的Lounge/Salon,0,
31,9E02CC07-AC8D-4FE5-9101-164C641D8712_big.jpg,/Users/lazywords/Code/高卡紫相关/QQ群相册/机场休息室/images/9E02CC07-AC8D-4FE5-9101-164C641D8712_big.jpg,Terracotta,2026年02月21日 11:47,2025.11.11 HKG 玉衡堂 第一次 牛肉不好吃 像鞋底子 三文鱼很好吃 但是后面菜单被删掉了 可惜,0,
32,9ECBF98C-3766-45BB-8C58-047E554BA6B0_big.jpg,/Users/lazywords/Code/高卡紫相关/QQ群相册/机场休息室/images/9ECBF98C-3766-45BB-8C58-047E554BA6B0_big.jpg,Terracotta,2026年02月21日 11:47,2025.11.11 HKG 玉衡堂 第一次 牛肉不好吃 像鞋底子 三文鱼很好吃 但是后面菜单被删掉了 可惜,0,
33,A3DB5942-D4BC-4C23-85E2-5591592CBEBC_big.jpg,/Users/lazywords/Code/高卡紫相关/QQ群相册/机场休息室/images/A3DB5942-D4BC-4C23-85E2-5591592CBEBC_big.jpg,Terracotta,2026年02月21日 11:47,2025.11.11 HKG 玉衡堂 第一次 牛肉不好吃 像鞋底子 三文鱼很好吃 但是后面菜单被删掉了 可惜,0,
34,AAB07D11-7179-4A5D-9591-119EFEDF532B_big.jpg,/Users/lazywords/Code/高卡紫相关/QQ群相册/机场休息室/images/AAB07D11-7179-4A5D-9591-119EFEDF532B_big.jpg,Terracotta,2026年02月21日 11:47,2025.11.11 HKG 玉衡堂 第一次 牛肉不好吃 像鞋底子 三文鱼很好吃 但是后面菜单被删掉了 可惜,0,
35,AAE79B38-4DFA-4227-B2BB-CB15FC5A49A4_big.jpg,/Users/lazywords/Code/高卡紫相关/QQ群相册/机场休息室/images/AAE79B38-4DFA-4227-B2BB-CB15FC5A49A4_big.jpg,Terracotta,2026年02月21日 11:47,2025.11.11 HKG 玉衡堂 第一次 牛肉不好吃 像鞋底子 三文鱼很好吃 但是后面菜单被删掉了 可惜,0,
36,B0FABBEB-E788-477A-9450-40ABF7D26474_big.jpg,/Users/lazywords/Code/高卡紫相关/QQ群相册/机场休息室/images/B0FABBEB-E788-477A-9450-40ABF7D26474_big.jpg,Terracotta,2026年02月21日 11:47,2025.11.11 HKG 玉衡堂 第一次 牛肉不好吃 像鞋底子 三文鱼很好吃 但是后面菜单被删掉了 可惜,0,
37,B4104CDC-C4EB-476D-96B7-A0723A3E6AE1_big.jpg,/Users/lazywords/Code/高卡紫相关/QQ群相册/机场休息室/images/B4104CDC-C4EB-476D-96B7-A0723A3E6AE1_big.jpg,Terracotta,2026年02月21日 11:47,2025.11.11 HKG 玉衡堂 第一次 牛肉不好吃 像鞋底子 三文鱼很好吃 但是后面菜单被删掉了 可惜,0,
38,B7B3156D-7D2A-4179-8081-0C4667F252ED_big.jpg,/Users/lazywords/Code/高卡紫相关/QQ群相册/机场休息室/images/B7B3156D-7D2A-4179-8081-0C4667F252ED_big.jpg,Terracotta,2026年02月21日 11:47,2025.11.11 HKG 玉衡堂 第一次 牛肉不好吃 像鞋底子 三文鱼很好吃 但是后面菜单被删掉了 可惜,0,
39,B8858C81-720D-4579-9503-FA7AC8BE6FD9_big.jpg,/Users/lazywords/Code/高卡紫相关/QQ群相册/机场休息室/images/B8858C81-720D-4579-9503-FA7AC8BE6FD9_big.jpg,Terracotta,2026年02月21日 11:47,2025.11.11 HKG 玉衡堂 第一次 牛肉不好吃 像鞋底子 三文鱼很好吃 但是后面菜单被删掉了 可惜,0,
40,BC27CAD4-2D53-4EBC-ACC4-55A5EFA4F835_big.jpg,/Users/lazywords/Code/高卡紫相关/QQ群相册/机场休息室/images/BC27CAD4-2D53-4EBC-ACC4-55A5EFA4F835_big.jpg,Terracotta,2026年02月21日 11:47,2025.11.11 HKG 玉衡堂 第一次 牛肉不好吃 像鞋底子 三文鱼很好吃 但是后面菜单被删掉了 可惜,0,
41,C6700133-1BB9-4A7D-B7AA-4AA41702F736_big.jpg,/Users/lazywords/Code/高卡紫相关/QQ群相册/机场休息室/images/C6700133-1BB9-4A7D-B7AA-4AA41702F736_big.jpg,6岔路口矢泽兔熊,2026年02月21日 10:45,2025.08.18 HKG AmEx Centurion Lounge,0,
42,CF8EFA8F-32D6-4BE6-954D-FEA0335579C5_big.jpg,/Users/lazywords/Code/高卡紫相关/QQ群相册/机场休息室/images/CF8EFA8F-32D6-4BE6-954D-FEA0335579C5_big.jpg,6岔路口矢泽兔熊,2026年02月21日 10:45,2025.08.18 HKG AmEx Centurion Lounge,0,
43,D0311EC8-FE16-47FA-9B4E-92257BF07811_big.jpg,/Users/lazywords/Code/高卡紫相关/QQ群相册/机场休息室/images/D0311EC8-FE16-47FA-9B4E-92257BF07811_big.jpg,6岔路口矢泽兔熊,2026年02月21日 10:45,2025.08.18 HKG AmEx Centurion Lounge,0,
44,D1146FB9-D34C-499E-8C25-DAD65B0A49D1_big.jpg,/Users/lazywords/Code/高卡紫相关/QQ群相册/机场休息室/images/D1146FB9-D34C-499E-8C25-DAD65B0A49D1_big.jpg,6岔路口矢泽兔熊,2026年02月21日 10:45,2025.08.18 HKG AmEx Centurion Lounge,0,
45,D1E87109-ACD2-454F-86AD-9560AAF40C94_big.jpg,/Users/lazywords/Code/高卡紫相关/QQ群相册/机场休息室/images/D1E87109-ACD2-454F-86AD-9560AAF40C94_big.jpg,6岔路口矢泽兔熊,2026年02月21日 10:45,2025.08.18 HKG AmEx Centurion Lounge,0,
46,D6A3D055-28A9-4F50-BE12-A2271576862D_big.jpg,/Users/lazywords/Code/高卡紫相关/QQ群相册/机场休息室/images/D6A3D055-28A9-4F50-BE12-A2271576862D_big.jpg,6岔路口矢泽兔熊,2026年02月21日 10:45,2025.08.18 HKG AmEx Centurion Lounge,0,
47,D85FBA0F-680D-4B1F-93DF-C781D76335BD_big.jpg,/Users/lazywords/Code/高卡紫相关/QQ群相册/机场休息室/images/D85FBA0F-680D-4B1F-93DF-C781D76335BD_big.jpg,6岔路口矢泽兔熊,2026年02月21日 10:45,2025.08.18 HKG AmEx Centurion Lounge,0,
48,DAE845EE-13D8-45B7-8F65-8DEA1BC1264A_big.jpg,/Users/lazywords/Code/高卡紫相关/QQ群相册/机场休息室/images/DAE845EE-13D8-45B7-8F65-8DEA1BC1264A_big.jpg,6岔路口矢泽兔熊,2026年02月21日 10:45,2025.08.18 HKG AmEx Centurion Lounge,0,
49,E17393B3-21EA-4354-8780-F8748F295E2C_big.jpg,/Users/lazywords/Code/高卡紫相关/QQ群相册/机场休息室/images/E17393B3-21EA-4354-8780-F8748F295E2C_big.jpg,6岔路口矢泽兔熊,2026年02月21日 10:45,2025.08.18 HKG AmEx Centurion Lounge,0,
50,E634B95B-C0E3-420D-B898-E26C24706CA3_big.jpg,/Users/lazywords/Code/高卡紫相关/QQ群相册/机场休息室/images/E634B95B-C0E3-420D-B898-E26C24706CA3_big.jpg,6岔路口矢泽兔熊,2026年02月21日 10:45,2025.08.18 HKG AmEx Centurion Lounge,0,
51,E956604A-10EA-4398-824B-9BB582E0D77E_big.jpg,/Users/lazywords/Code/高卡紫相关/QQ群相册/机场休息室/images/E956604A-10EA-4398-824B-9BB582E0D77E_big.jpg,6岔路口矢泽兔熊,2026年02月21日 10:45,2025.08.18 HKG AmEx Centurion Lounge,0,
52,F6F8D958-4E42-46F1-9C08-6807AA309B2F_big.jpg,/Users/lazywords/Code/高卡紫相关/QQ群相册/机场休息室/images/F6F8D958-4E42-46F1-9C08-6807AA309B2F_big.jpg,6岔路口矢泽兔熊,2026年02月21日 10:15,2025.08.25 HND AmEx The Centurion Lounge 美国运通自营休息室,0,
53,IMG.jpg,/Users/lazywords/Code/高卡紫相关/QQ群相册/机场休息室/images/IMG.jpg,6岔路口矢泽兔熊,2026年02月21日 10:15,2025.08.25 HND AmEx The Centurion Lounge 美国运通自营休息室,0,
54,IMG_001.jpg,/Users/lazywords/Code/高卡紫相关/QQ群相册/机场休息室/images/IMG_001.jpg,6岔路口矢泽兔熊,2026年02月21日 10:15,2025.08.25 HND AmEx The Centurion Lounge 美国运通自营休息室,0,
55,IMG_002.jpg,/Users/lazywords/Code/高卡紫相关/QQ群相册/机场休息室/images/IMG_002.jpg,6岔路口矢泽兔熊,2026年02月21日 10:15,2025.08.25 HND AmEx The Centurion Lounge 美国运通自营休息室,0,
56,IMG_003.jpg,/Users/lazywords/Code/高卡紫相关/QQ群相册/机场休息室/images/IMG_003.jpg,6岔路口矢泽兔熊,2026年02月21日 10:15,2025.08.25 HND AmEx The Centurion Lounge 美国运通自营休息室,0,
57,IMG_004.jpg,/Users/lazywords/Code/高卡紫相关/QQ群相册/机场休息室/images/IMG_004.jpg,6岔路口矢泽兔熊,2026年02月21日 10:15,2025.08.25 HND AmEx The Centurion Lounge 美国运通自营休息室,0,
58,IMG_005.jpg,/Users/lazywords/Code/高卡紫相关/QQ群相册/机场休息室/images/IMG_005.jpg,6岔路口矢泽兔熊,2026年02月21日 10:15,2025.08.25 HND AmEx The Centurion Lounge 美国运通自营休息室,0,
59,IMG_006.jpg,/Users/lazywords/Code/高卡紫相关/QQ群相册/机场休息室/images/IMG_006.jpg,6岔路口矢泽兔熊,2026年02月21日 10:15,2025.08.25 HND AmEx The Centurion Lounge 美国运通自营休息室,0,
60,IMG_007.jpg,/Users/lazywords/Code/高卡紫相关/QQ群相册/机场休息室/images/IMG_007.jpg,6岔路口矢泽兔熊,2026年02月21日 10:15,2025.08.25 HND AmEx The Centurion Lounge 美国运通自营休息室,0,
61,IMG_008.jpg,/Users/lazywords/Code/高卡紫相关/QQ群相册/机场休息室/images/IMG_008.jpg,6岔路口矢泽兔熊,2026年02月21日 10:15,2025.08.25 HND AmEx The Centurion Lounge 美国运通自营休息室,0,
62,IMG_009.jpg,/Users/lazywords/Code/高卡紫相关/QQ群相册/机场休息室/images/IMG_009.jpg,6岔路口矢泽兔熊,2026年02月21日 10:15,2025.08.25 HND AmEx The Centurion Lounge 美国运通自营休息室,0,
63,IMG_010.jpg,/Users/lazywords/Code/高卡紫相关/QQ群相册/机场休息室/images/IMG_010.jpg,6岔路口矢泽兔熊,2026年02月21日 10:15,2025.08.25 HND AmEx The Centurion Lounge 美国运通自营休息室,0,
64,IMG_011.jpg,/Users/lazywords/Code/高卡紫相关/QQ群相册/机场休息室/images/IMG_011.jpg,6岔路口矢泽兔熊,2026年02月21日 10:15,2025.08.25 HND AmEx The Centurion Lounge 美国运通自营休息室,0,
65,IMG_012.jpg,/Users/lazywords/Code/高卡紫相关/QQ群相册/机场休息室/images/IMG_012.jpg,6岔路口矢泽兔熊,2026年02月21日 10:15,2025.08.25 HND AmEx The Centurion Lounge 美国运通自营休息室,0,
66,IMG_013.jpg,/Users/lazywords/Code/高卡紫相关/QQ群相册/机场休息室/images/IMG_013.jpg,6岔路口矢泽兔熊,2026年02月21日 10:15,2025.08.25 HND AmEx The Centurion Lounge 美国运通自营休息室,0,
67,IMG_014.jpg,/Users/lazywords/Code/高卡紫相关/QQ群相册/机场休息室/images/IMG_014.jpg,6岔路口矢泽兔熊,2026年02月21日 10:15,2025.08.25 HND AmEx The Centurion Lounge 美国运通自营休息室,0,
68,IMG_015.jpg,/Users/lazywords/Code/高卡紫相关/QQ群相册/机场休息室/images/IMG_015.jpg,6岔路口矢泽兔熊,2026年02月21日 10:15,2025.08.25 HND AmEx The Centurion Lounge 美国运通自营休息室,0,
69,IMG_016.jpg,/Users/lazywords/Code/高卡紫相关/QQ群相册/机场休息室/images/IMG_016.jpg,6岔路口矢泽兔熊,2026年02月21日 10:15,2025.08.25 HND AmEx The Centurion Lounge 美国运通自营休息室,0,
70,IMG_017.jpg,/Users/lazywords/Code/高卡紫相关/QQ群相册/机场休息室/images/IMG_017.jpg,6岔路口矢泽兔熊,2026年02月21日 10:15,2025.08.25 HND AmEx The Centurion Lounge 美国运通自营休息室,0,
71,IMG_018.jpg,/Users/lazywords/Code/高卡紫相关/QQ群相册/机场休息室/images/IMG_018.jpg,6岔路口矢泽兔熊,2026年02月21日 10:15,2025.08.25 HND AmEx The Centurion Lounge 美国运通自营休息室,0,
72,IMG_019.jpg,/Users/lazywords/Code/高卡紫相关/QQ群相册/机场休息室/images/IMG_019.jpg,6岔路口矢泽兔熊,2026年02月21日 10:15,2025.08.25 HND AmEx The Centurion Lounge 美国运通自营休息室,0,
73,IMG_020.jpg,/Users/lazywords/Code/高卡紫相关/QQ群相册/机场休息室/images/IMG_020.jpg,6岔路口矢泽兔熊,2026年02月21日 10:15,2025.08.25 HND AmEx The Centurion Lounge 美国运通自营休息室,0,
74,IMG_021.jpg,/Users/lazywords/Code/高卡紫相关/QQ群相册/机场休息室/images/IMG_021.jpg,6岔路口矢泽兔熊,2026年02月21日 10:15,2025.08.25 HND AmEx The Centurion Lounge 美国运通自营休息室,0,
75,IMG_022.jpg,/Users/lazywords/Code/高卡紫相关/QQ群相册/机场休息室/images/IMG_022.jpg,6岔路口矢泽兔熊,2026年02月21日 10:15,2025.08.25 HND AmEx The Centurion Lounge 美国运通自营休息室,0,
76,IMG_023.jpg,/Users/lazywords/Code/高卡紫相关/QQ群相册/机场休息室/images/IMG_023.jpg,6岔路口矢泽兔熊,2026年02月21日 10:15,2025.08.25 HND AmEx The Centurion Lounge 美国运通自营休息室,0,
77,IMG_024.jpg,/Users/lazywords/Code/高卡紫相关/QQ群相册/机场休息室/images/IMG_024.jpg,6岔路口矢泽兔熊,2026年02月21日 10:15,2025.08.25 HND AmEx The Centurion Lounge 美国运通自营休息室,0,
78,IMG_025.jpg,/Users/lazywords/Code/高卡紫相关/QQ群相册/机场休息室/images/IMG_025.jpg,6岔路口矢泽兔熊,2026年02月21日 10:15,2025.08.25 HND AmEx The Centurion Lounge 美国运通自营休息室,0,
79,IMG_026.jpg,/Users/lazywords/Code/高卡紫相关/QQ群相册/机场休息室/images/IMG_026.jpg,6岔路口矢泽兔熊,2026年02月21日 10:15,2025.08.25 HND AmEx The Centurion Lounge 美国运通自营休息室,0,
80,IMG_027.jpg,/Users/lazywords/Code/高卡紫相关/QQ群相册/机场休息室/images/IMG_027.jpg,6岔路口矢泽兔熊,2026年02月21日 10:15,2025.08.25 HND AmEx The Centurion Lounge 美国运通自营休息室,0,
81,IMG_028.jpg,/Users/lazywords/Code/高卡紫相关/QQ群相册/机场休息室/images/IMG_028.jpg,6岔路口矢泽兔熊,2026年02月21日 10:15,2025.08.25 HND AmEx The Centurion Lounge 美国运通自营休息室,0,
82,IMG_029.jpg,/Users/lazywords/Code/高卡紫相关/QQ群相册/机场休息室/images/IMG_029.jpg,6岔路口矢泽兔熊,2026年02月21日 10:15,2025.08.25 HND AmEx The Centurion Lounge 美国运通自营休息室,0,
83,IMG_030.jpg,/Users/lazywords/Code/高卡紫相关/QQ群相册/机场休息室/images/IMG_030.jpg,可劲,2026年02月21日 10:11,LHW 机场自营独立贵宾楼,0,
84,IMG_031.jpg,/Users/lazywords/Code/高卡紫相关/QQ群相册/机场休息室/images/IMG_031.jpg,可劲,2026年02月21日 10:11,LHW 机场自营独立贵宾楼,0,
85,IMG_032.jpg,/Users/lazywords/Code/高卡紫相关/QQ群相册/机场休息室/images/IMG_032.jpg,可劲,2026年02月21日 10:11,LHW 机场自营独立贵宾楼,0,
86,IMG_033.jpg,/Users/lazywords/Code/高卡紫相关/QQ群相册/机场休息室/images/IMG_033.jpg,可劲,2026年02月21日 10:11,LHW 机场自营独立贵宾楼,0,
87,IMG_034.jpg,/Users/lazywords/Code/高卡紫相关/QQ群相册/机场休息室/images/IMG_034.jpg,可劲,2026年02月21日 10:11,LHW 机场自营独立贵宾楼,0,
88,IMG_035.jpg,/Users/lazywords/Code/高卡紫相关/QQ群相册/机场休息室/images/IMG_035.jpg,可劲,2026年02月21日 10:11,LHW 机场自营独立贵宾楼,0,
89,IMG_036.jpg,/Users/lazywords/Code/高卡紫相关/QQ群相册/机场休息室/images/IMG_036.jpg,可劲,2026年02月21日 10:11,LHW 机场自营独立贵宾楼,0,
90,IMG_037.jpg,/Users/lazywords/Code/高卡紫相关/QQ群相册/机场休息室/images/IMG_037.jpg,6岔路口矢泽兔熊,2026年02月21日 10:11,2026.02.02 XMN高崎机场 国际港澳台厦航休息室,0,
91,IMG_038.jpg,/Users/lazywords/Code/高卡紫相关/QQ群相册/机场休息室/images/IMG_038.jpg,6岔路口矢泽兔熊,2026年02月21日 10:11,2026.02.02 XMN高崎机场 国际港澳台厦航休息室,0,
92,IMG_039.jpg,/Users/lazywords/Code/高卡紫相关/QQ群相册/机场休息室/images/IMG_039.jpg,6岔路口矢泽兔熊,2026年02月21日 10:11,2026.02.02 XMN高崎机场 国际港澳台厦航休息室,0,
93,IMG_040.jpg,/Users/lazywords/Code/高卡紫相关/QQ群相册/机场休息室/images/IMG_040.jpg,6岔路口矢泽兔熊,2026年02月21日 10:11,2026.02.02 XMN高崎机场 国际港澳台厦航休息室,0,
94,IMG_041.jpg,/Users/lazywords/Code/高卡紫相关/QQ群相册/机场休息室/images/IMG_041.jpg,6岔路口矢泽兔熊,2026年02月21日 10:11,2026.02.02 XMN高崎机场 国际港澳台厦航休息室,0,
95,IMG_042.jpg,/Users/lazywords/Code/高卡紫相关/QQ群相册/机场休息室/images/IMG_042.jpg,6岔路口矢泽兔熊,2026年02月21日 10:11,2026.02.02 XMN高崎机场 国际港澳台厦航休息室,0,
96,IMG_043.jpg,/Users/lazywords/Code/高卡紫相关/QQ群相册/机场休息室/images/IMG_043.jpg,6岔路口矢泽兔熊,2026年02月21日 10:11,2026.02.02 XMN高崎机场 国际港澳台厦航休息室,0,
97,IMG_044.jpg,/Users/lazywords/Code/高卡紫相关/QQ群相册/机场休息室/images/IMG_044.jpg,6岔路口矢泽兔熊,2026年02月21日 10:11,2026.02.02 XMN高崎机场 国际港澳台厦航休息室,0,
98,IMG_045.jpg,/Users/lazywords/Code/高卡紫相关/QQ群相册/机场休息室/images/IMG_045.jpg,6岔路口矢泽兔熊,2026年02月21日 10:11,2026.02.02 XMN高崎机场 国际港澳台厦航休息室,0,
99,IMG_046.jpg,/Users/lazywords/Code/高卡紫相关/QQ群相册/机场休息室/images/IMG_046.jpg,6岔路口矢泽兔熊,2026年02月21日 10:11,2026.02.02 XMN高崎机场 国际港澳台厦航休息室,0,
100,IMG_047.jpg,/Users/lazywords/Code/高卡紫相关/QQ群相册/机场休息室/images/IMG_047.jpg,6岔路口矢泽兔熊,2026年02月21日 10:11,2026.02.02 XMN高崎机场 国际港澳台厦航休息室,0,
101,IMG_048.jpg,/Users/lazywords/Code/高卡紫相关/QQ群相册/机场休息室/images/IMG_048.jpg,acdxvfsvd,2026年02月21日 10:08,ORD T5 Swissport Lounge,0,
102,IMG_049.jpg,/Users/lazywords/Code/高卡紫相关/QQ群相册/机场休息室/images/IMG_049.jpg,acdxvfsvd,2026年02月21日 10:03,HND T3 JAL First Lounge (2024),0,
103,IMG_050.jpg,/Users/lazywords/Code/高卡紫相关/QQ群相册/机场休息室/images/IMG_050.jpg,acdxvfsvd,2026年02月21日 10:03,HND T3 JAL First Lounge (2024),0,
104,IMG_051.jpg,/Users/lazywords/Code/高卡紫相关/QQ群相册/机场休息室/images/IMG_051.jpg,acdxvfsvd,2026年02月21日 10:03,HND T3 JAL First Lounge (2024),0,
105,IMG_052.jpg,/Users/lazywords/Code/高卡紫相关/QQ群相册/机场休息室/images/IMG_052.jpg,acdxvfsvd,2026年02月21日 10:03,HND T3 JAL First Lounge (2024),0,
106,IMG_053.jpg,/Users/lazywords/Code/高卡紫相关/QQ群相册/机场休息室/images/IMG_053.jpg,acdxvfsvd,2026年02月21日 10:03,HND T3 JAL First Lounge (2024),0,
107,IMG_054.jpg,/Users/lazywords/Code/高卡紫相关/QQ群相册/机场休息室/images/IMG_054.jpg,acdxvfsvd,2026年02月21日 10:03,HND T3 JAL First Lounge (2024),0,
108,IMG_055.jpg,/Users/lazywords/Code/高卡紫相关/QQ群相册/机场休息室/images/IMG_055.jpg,可劲,2026年02月21日 10:03,nrt cx,0,
109,IMG_056.jpg,/Users/lazywords/Code/高卡紫相关/QQ群相册/机场休息室/images/IMG_056.jpg,可劲,2026年02月21日 10:03,nrt cx,0,
110,IMG_057.jpg,/Users/lazywords/Code/高卡紫相关/QQ群相册/机场休息室/images/IMG_057.jpg,可劲,2026年02月21日 10:03,nrt cx,0,
111,IMG_058.jpg,/Users/lazywords/Code/高卡紫相关/QQ群相册/机场休息室/images/IMG_058.jpg,可劲,2026年02月21日 10:02,nrt cx,0,
112,IMG_059.jpg,/Users/lazywords/Code/高卡紫相关/QQ群相册/机场休息室/images/IMG_059.jpg,可劲,2026年02月21日 10:02,nrt cx,0,
113,IMG_060.jpg,/Users/lazywords/Code/高卡紫相关/QQ群相册/机场休息室/images/IMG_060.jpg,可劲,2026年02月21日 10:02,nrt jal first,0,
114,IMG_061.jpg,/Users/lazywords/Code/高卡紫相关/QQ群相册/机场休息室/images/IMG_061.jpg,可劲,2026年02月21日 10:02,nrt jal first,0,
115,IMG_062.jpg,/Users/lazywords/Code/高卡紫相关/QQ群相册/机场休息室/images/IMG_062.jpg,可劲,2026年02月21日 10:01,nrt jal first,0,
116,IMG_063.jpg,/Users/lazywords/Code/高卡紫相关/QQ群相册/机场休息室/images/IMG_063.jpg,可劲,2026年02月21日 10:01,nrt jal first,0,
117,IMG_064.jpg,/Users/lazywords/Code/高卡紫相关/QQ群相册/机场休息室/images/IMG_064.jpg,可劲,2026年02月21日 10:01,nrt jal first,0,
118,IMG_065.jpg,/Users/lazywords/Code/高卡紫相关/QQ群相册/机场休息室/images/IMG_065.jpg,可劲,2026年02月21日 10:01,nrt jal first,0,
119,IMG_066.jpg,/Users/lazywords/Code/高卡紫相关/QQ群相册/机场休息室/images/IMG_066.jpg,可劲,2026年02月21日 10:01,nrt jal first,0,
120,IMG_067.jpg,/Users/lazywords/Code/高卡紫相关/QQ群相册/机场休息室/images/IMG_067.jpg,可劲,2026年02月21日 10:01,nrt jal first,0,
121,IMG_068.jpg,/Users/lazywords/Code/高卡紫相关/QQ群相册/机场休息室/images/IMG_068.jpg,可劲,2026年02月21日 10:01,nrt jal first,0,
122,IMG_069.jpg,/Users/lazywords/Code/高卡紫相关/QQ群相册/机场休息室/images/IMG_069.jpg,可劲,2026年02月21日 10:01,nrt jal first,0,
123,IMG_070.jpg,/Users/lazywords/Code/高卡紫相关/QQ群相册/机场休息室/images/IMG_070.jpg,可劲,2026年02月21日 10:01,nrt jal first,0,
124,IMG_071.jpg,/Users/lazywords/Code/高卡紫相关/QQ群相册/机场休息室/images/IMG_071.jpg,可劲,2026年02月21日 10:01,nrt jal first,0,
125,IMG_072.jpg,/Users/lazywords/Code/高卡紫相关/QQ群相册/机场休息室/images/IMG_072.jpg,可劲,2026年02月21日 10:01,nrt jal first,0,
126,IMG_073.jpg,/Users/lazywords/Code/高卡紫相关/QQ群相册/机场休息室/images/IMG_073.jpg,可劲,2026年02月21日 10:01,nrt jal first,0,
127,IMG_074.jpg,/Users/lazywords/Code/高卡紫相关/QQ群相册/机场休息室/images/IMG_074.jpg,可劲,2026年02月21日 10:01,nrt jal first,0,
128,IMG_075.jpg,/Users/lazywords/Code/高卡紫相关/QQ群相册/机场休息室/images/IMG_075.jpg,可劲,2026年02月21日 10:01,nrt jal first,0,
129,IMG_076.jpg,/Users/lazywords/Code/高卡紫相关/QQ群相册/机场休息室/images/IMG_076.jpg,可劲,2026年02月21日 10:01,nrt jal first,0,
130,IMG_077.jpg,/Users/lazywords/Code/高卡紫相关/QQ群相册/机场休息室/images/IMG_077.jpg,ReALize,2026年02月21日 09:49,XIY T5 MU两舱,0,
131,IMG_078.jpg,/Users/lazywords/Code/高卡紫相关/QQ群相册/机场休息室/images/IMG_078.jpg,ReALize,2026年02月21日 09:49,XIY T5 MU两舱,0,
132,IMG_079.jpg,/Users/lazywords/Code/高卡紫相关/QQ群相册/机场休息室/images/IMG_079.jpg,ReALize,2026年02月21日 09:49,XIY T5 MU两舱,0,
133,IMG_080.jpg,/Users/lazywords/Code/高卡紫相关/QQ群相册/机场休息室/images/IMG_080.jpg,ReALize,2026年02月21日 09:49,XIY T5 MU两舱,0,
134,IMG_081.jpg,/Users/lazywords/Code/高卡紫相关/QQ群相册/机场休息室/images/IMG_081.jpg,Achthundert zehn,2026年02月21日 09:29,NRT UA club,0,
135,IMG_082.jpg,/Users/lazywords/Code/高卡紫相关/QQ群相册/机场休息室/images/IMG_082.jpg,Achthundert zehn,2026年02月21日 09:29,NRT UA club,0,
136,IMG_083.jpg,/Users/lazywords/Code/高卡紫相关/QQ群相册/机场休息室/images/IMG_083.jpg,Achthundert zehn,2026年02月21日 09:29,NRT UA club,0,
137,IMG_084.jpg,/Users/lazywords/Code/高卡紫相关/QQ群相册/机场休息室/images/IMG_084.jpg,Achthundert zehn,2026年02月21日 09:29,NRT UA club,0,
138,IMG_085.jpg,/Users/lazywords/Code/高卡紫相关/QQ群相册/机场休息室/images/IMG_085.jpg,Achthundert zehn,2026年02月21日 09:29,NRT UA club,0,
139,IMG_086.jpg,/Users/lazywords/Code/高卡紫相关/QQ群相册/机场休息室/images/IMG_086.jpg,Achthundert zehn,2026年02月21日 09:29,NRT UA club,0,
140,IMG_087.jpg,/Users/lazywords/Code/高卡紫相关/QQ群相册/机场休息室/images/IMG_087.jpg,Achthundert zehn,2026年02月21日 09:28,NRT ANA lounge,0,
141,IMG_088.jpg,/Users/lazywords/Code/高卡紫相关/QQ群相册/机场休息室/images/IMG_088.jpg,Achthundert zehn,2026年02月21日 09:28,NRT ANA lounge,0,
142,IMG_089.jpg,/Users/lazywords/Code/高卡紫相关/QQ群相册/机场休息室/images/IMG_089.jpg,Achthundert zehn,2026年02月21日 09:28,NRT ANA lounge,0,
143,0C1AAA3F-0096-4E19-8059-764D04621318_big.jpg,/Users/lazywords/Code/高卡紫相关/QQ群相册/机场休息室/images/0C1AAA3F-0096-4E19-8059-764D04621318_big.jpg,Rice,2026年02月28日 22:48,HK UA Club,0,
144,19F2C6C0-72F4-4A76-A919-0587DF4B7DCE_big.jpg,/Users/lazywords/Code/高卡紫相关/QQ群相册/机场休息室/images/19F2C6C0-72F4-4A76-A919-0587DF4B7DCE_big.jpg,Rice,2026年02月28日 22:47,HK UA Club,0,
145,226A4E20-78C3-42D9-A1CE-62313592BA23_hd.jpg,/Users/lazywords/Code/高卡紫相关/QQ群相册/机场休息室/images/226A4E20-78C3-42D9-A1CE-62313592BA23_hd.jpg,Rice,2026年02月28日 22:47,HK UA Club,0,
146,28E9964B-5548-4B16-ADBC-5B07A787CEA1_hd.jpg,/Users/lazywords/Code/高卡紫相关/QQ群相册/机场休息室/images/28E9964B-5548-4B16-ADBC-5B07A787CEA1_hd.jpg,Gotogate死吗,2026年02月27日 16:22,HKG Plaza 35号登机口 瓦学弟在打瓦😅,0,
147,3F781018-E253-4B44-A237-DF4A817A10A4_hd.jpg,/Users/lazywords/Code/高卡紫相关/QQ群相册/机场休息室/images/3F781018-E253-4B44-A237-DF4A817A10A4_hd.jpg,安然,2026年02月27日 15:44,PEK T3 BGS 头等舱/公务舱休息室 勉强能吃碗炸酱面,0,
148,50C379E5-02B8-4434-80BF-0459460A9A4F_hd.jpg,/Users/lazywords/Code/高卡紫相关/QQ群相册/机场休息室/images/50C379E5-02B8-4434-80BF-0459460A9A4F_hd.jpg,安然,2026年02月27日 15:44,PEK T3 BGS 头等舱/公务舱休息室 勉强能吃碗炸酱面,0,
149,69F62AAF-24FB-49F3-8B30-D93C9E854A05_big.jpg,/Users/lazywords/Code/高卡紫相关/QQ群相册/机场休息室/images/69F62AAF-24FB-49F3-8B30-D93C9E854A05_big.jpg,安然,2026年02月27日 15:44,PEK T3 BGS 头等舱/公务舱休息室 勉强能吃碗炸酱面,0,
150,6CA1378B-90E7-4C46-A7B4-09E5B809F9F9_big.jpg,/Users/lazywords/Code/高卡紫相关/QQ群相册/机场休息室/images/6CA1378B-90E7-4C46-A7B4-09E5B809F9F9_big.jpg,安然,2026年02月27日 15:44,PEK T3 BGS 头等舱/公务舱休息室 勉强能吃碗炸酱面,0,
151,7F14AC21-F950-4C51-BBBB-07C859702874_big.jpg,/Users/lazywords/Code/高卡紫相关/QQ群相册/机场休息室/images/7F14AC21-F950-4C51-BBBB-07C859702874_big.jpg,安然,2026年02月27日 15:44,PEK T3 BGS 头等舱/公务舱休息室 勉强能吃碗炸酱面,0,
152,8644BDAA-FA15-497B-9EF7-10A51E1D717D_hd.jpg,/Users/lazywords/Code/高卡紫相关/QQ群相册/机场休息室/images/8644BDAA-FA15-497B-9EF7-10A51E1D717D_hd.jpg,安然,2026年02月27日 15:44,PEK T3 BGS 头等舱/公务舱休息室 勉强能吃碗炸酱面,0,
153,8823F541-CC16-4EDC-9309-B25C1D04E33D_big.jpg,/Users/lazywords/Code/高卡紫相关/QQ群相册/机场休息室/images/8823F541-CC16-4EDC-9309-B25C1D04E33D_big.jpg,安然,2026年02月27日 15:44,PEK T3 BGS 头等舱/公务舱休息室 勉强能吃碗炸酱面,0,
154,9B51706C-0AF1-4CC9-9393-59EFA5BB6BD8_hd.jpg,/Users/lazywords/Code/高卡紫相关/QQ群相册/机场休息室/images/9B51706C-0AF1-4CC9-9393-59EFA5BB6BD8_hd.jpg,安然,2026年02月27日 15:44,PEK T3 BGS 头等舱/公务舱休息室 勉强能吃碗炸酱面,0,
155,A3A57102-5A89-4918-B153-A0A707920A88_big.jpg,/Users/lazywords/Code/高卡紫相关/QQ群相册/机场休息室/images/A3A57102-5A89-4918-B153-A0A707920A88_big.jpg,安然,2026年02月27日 15:43,PEK T3 BGS 头等舱/公务舱休息室 勉强能吃碗炸酱面,0,
156,A498A7BE-588B-45A3-B73A-2FEE15BD88D0_hd.jpg,/Users/lazywords/Code/高卡紫相关/QQ群相册/机场休息室/images/A498A7BE-588B-45A3-B73A-2FEE15BD88D0_hd.jpg,可劲,2026年02月26日 07:30,成都天府机场t1 国际头等舱/商务舱休息室 面档就是成都老味道 不赖,0,
157,CD334B7B-4676-40D6-BCB6-7B30B327412B_hd.jpg,/Users/lazywords/Code/高卡紫相关/QQ群相册/机场休息室/images/CD334B7B-4676-40D6-BCB6-7B30B327412B_hd.jpg,可劲,2026年02月26日 07:30,成都天府机场t1 国际头等舱/商务舱休息室 面档就是成都老味道 不赖,0,
158,D6BCA1CD-F395-4D6E-B36B-1ADA304C47E1_big.jpg,/Users/lazywords/Code/高卡紫相关/QQ群相册/机场休息室/images/D6BCA1CD-F395-4D6E-B36B-1ADA304C47E1_big.jpg,可劲,2026年02月26日 07:30,成都天府机场t1 国际头等舱/商务舱休息室 面档就是成都老味道 不赖,0,
159,D87FCB0C-2665-4E02-94D1-9110AD0AAB1A_hd.jpg,/Users/lazywords/Code/高卡紫相关/QQ群相册/机场休息室/images/D87FCB0C-2665-4E02-94D1-9110AD0AAB1A_hd.jpg,可劲,2026年02月26日 07:30,成都天府机场t1 国际头等舱/商务舱休息室 面档就是成都老味道 不赖,0,
160,E0129BF7-EA64-4D73-BC67-6740D5C2210E_big.jpg,/Users/lazywords/Code/高卡紫相关/QQ群相册/机场休息室/images/E0129BF7-EA64-4D73-BC67-6740D5C2210E_big.jpg,可劲,2026年02月26日 07:30,成都天府机场t1 国际头等舱/商务舱休息室 面档就是成都老味道 不赖,0,
161,E2C1E001-8D65-484C-89FE-93D919897FD8_big.jpg,/Users/lazywords/Code/高卡紫相关/QQ群相册/机场休息室/images/E2C1E001-8D65-484C-89FE-93D919897FD8_big.jpg,可劲,2026年02月26日 07:30,成都天府机场t1 国际头等舱/商务舱休息室 面档就是成都老味道 不赖,0,
162,EA7EEA37-B8EF-4819-855E-C9F2DDE435C7_hd.jpg,/Users/lazywords/Code/高卡紫相关/QQ群相册/机场休息室/images/EA7EEA37-B8EF-4819-855E-C9F2DDE435C7_hd.jpg,可劲,2026年02月26日 07:30,成都天府机场t1 国际头等舱/商务舱休息室 面档就是成都老味道 不赖,0,
163,EDB80BD8-447F-4CC6-9E02-A90D3BCC8285_hd.jpg,/Users/lazywords/Code/高卡紫相关/QQ群相册/机场休息室/images/EDB80BD8-447F-4CC6-9E02-A90D3BCC8285_hd.jpg,可劲,2026年02月26日 07:30,成都天府机场t1 国际头等舱/商务舱休息室 面档就是成都老味道 不赖,0,
164,EFCD0A3E-7C17-4CEF-A41A-EF38F463AE8A_hd.jpg,/Users/lazywords/Code/高卡紫相关/QQ群相册/机场休息室/images/EFCD0A3E-7C17-4CEF-A41A-EF38F463AE8A_hd.jpg,可劲,2026年02月26日 07:30,成都天府机场t1 国际头等舱/商务舱休息室 面档就是成都老味道 不赖,0,
165,FE6D66DD-C128-46E5-B45A-295CA7AA67E5_big.jpg,/Users/lazywords/Code/高卡紫相关/QQ群相册/机场休息室/images/FE6D66DD-C128-46E5-B45A-295CA7AA67E5_big.jpg,土逗potadou,2026年02月23日 11:05,深圳宝安国际机场 szx 国际厅尊鹏阁餐食,0,
166,5B5F2F4B-F828-4FC3-B40C-372DC964DFE3_big.jpg,/Users/lazywords/Code/高卡紫相关/QQ群相册/机场休息室/images/5B5F2F4B-F828-4FC3-B40C-372DC964DFE3_big.jpg,Gunmen,2026年03月06日 21:07,桃园国泰,0,
167,0D3AAA80-3550-4C39-8415-75D5A1A7EAAA_hd.jpg,/Users/lazywords/Code/高卡紫相关/QQ群相册/机场休息室/images/0D3AAA80-3550-4C39-8415-75D5A1A7EAAA_hd.jpg,D-ABYP,2026年03月04日 06:14,大阪伊丹 JAL Diamond Premier Lounge 早上和国内线sakura一样没有热食,0,
168,83ED2A28-12CE-409E-BE41-3B31E0C91CC8_hd.jpg,/Users/lazywords/Code/高卡紫相关/QQ群相册/机场休息室/images/83ED2A28-12CE-409E-BE41-3B31E0C91CC8_hd.jpg,D-ABYP,2026年03月04日 06:14,大阪伊丹 JAL Diamond Premier Lounge 早上和国内线sakura一样没有热食,0,
169,D66AF9DA-A8B2-499B-AEFA-DA5FB35CB4DF_hd.jpg,/Users/lazywords/Code/高卡紫相关/QQ群相册/机场休息室/images/D66AF9DA-A8B2-499B-AEFA-DA5FB35CB4DF_hd.jpg,D-ABYP,2026年03月04日 06:14,大阪伊丹 JAL Diamond Premier Lounge 早上和国内线sakura一样没有热食,0,
170,08EB4FC8-7346-44AF-9073-FDE95ECAD59B_big.jpg,/Users/lazywords/Code/高卡紫相关/QQ群相册/机场休息室/images/08EB4FC8-7346-44AF-9073-FDE95ECAD59B_big.jpg,D-ABYP,2026年03月04日 05:42,国泰 the bridge btw stf忘给我cathay delight里放薄荷了,0,
171,362097B6-B74F-4B2A-BCE1-423B0C9B445D_big.jpg,/Users/lazywords/Code/高卡紫相关/QQ群相册/机场休息室/images/362097B6-B74F-4B2A-BCE1-423B0C9B445D_big.jpg,Gunmen,2026年03月03日 22:37,各种国泰,0,
172,0751F08F-690F-4A99-9ED7-4F41043F3D5B_big.jpg,/Users/lazywords/Code/高卡紫相关/QQ群相册/机场休息室/images/0751F08F-690F-4A99-9ED7-4F41043F3D5B_big.jpg,Gunmen,2026年03月03日 22:37,各种国泰,0,
173,D38059E7-382F-413B-BA7E-F7F5EA8DC6DE_big.jpg,/Users/lazywords/Code/高卡紫相关/QQ群相册/机场休息室/images/D38059E7-382F-413B-BA7E-F7F5EA8DC6DE_big.jpg,Gunmen,2026年03月03日 22:37,各种国泰,0,
174,EC5968FD-993C-40B6-8528-62D9CA51A837_big.jpg,/Users/lazywords/Code/高卡紫相关/QQ群相册/机场休息室/images/EC5968FD-993C-40B6-8528-62D9CA51A837_big.jpg,Gunmen,2026年03月03日 22:37,各种国泰,0,
175,2D3F51A1-0FDD-4D86-BA02-07F35CADF11C_big.jpg,/Users/lazywords/Code/高卡紫相关/QQ群相册/机场休息室/images/2D3F51A1-0FDD-4D86-BA02-07F35CADF11C_big.jpg,Gunmen,2026年03月03日 22:37,各种国泰,0,
176,4032EAED-C1F0-4308-B9A1-10D5F5A4E69B_big.jpg,/Users/lazywords/Code/高卡紫相关/QQ群相册/机场休息室/images/4032EAED-C1F0-4308-B9A1-10D5F5A4E69B_big.jpg,Gunmen,2026年03月03日 22:37,各种国泰,0,
177,8DB25B9D-F3E4-463C-A4F5-0CAB74D2ED1C_big.jpg,/Users/lazywords/Code/高卡紫相关/QQ群相册/机场休息室/images/8DB25B9D-F3E4-463C-A4F5-0CAB74D2ED1C_big.jpg,Gunmen,2026年03月03日 22:37,各种国泰,0,
178,3327A23F-3B65-4571-BEF9-44524C3FBE78_big.jpg,/Users/lazywords/Code/高卡紫相关/QQ群相册/机场休息室/images/3327A23F-3B65-4571-BEF9-44524C3FBE78_big.jpg,Gunmen,2026年03月03日 22:37,各种国泰,0,
179,6350EC06-5FC6-44FD-A19A-F8BEABE4B796_big.jpg,/Users/lazywords/Code/高卡紫相关/QQ群相册/机场休息室/images/6350EC06-5FC6-44FD-A19A-F8BEABE4B796_big.jpg,Gunmen,2026年03月03日 22:37,各种国泰,0,
180,92330515-EED3-450B-8EB9-B747C44B1EE2_big.jpg,/Users/lazywords/Code/高卡紫相关/QQ群相册/机场休息室/images/92330515-EED3-450B-8EB9-B747C44B1EE2_big.jpg,Gunmen,2026年03月03日 22:37,各种国泰,0,
181,6339DD33-6B2F-4E43-98B9-F6EEC83DE025_hd.jpg,/Users/lazywords/Code/高卡紫相关/QQ群相册/机场休息室/images/6339DD33-6B2F-4E43-98B9-F6EEC83DE025_hd.jpg,mu死吗,2026年03月03日 22:34,浦东T2国际卫星厅 170A,0,
182,96BA4749-371F-4BF4-8CD3-62F00EB9F9C7_big.jpg,/Users/lazywords/Code/高卡紫相关/QQ群相册/机场休息室/images/96BA4749-371F-4BF4-8CD3-62F00EB9F9C7_big.jpg,Gunmen,2026年03月03日 22:31,国泰首都,0,
183,CA63D157-0058-4549-B452-50BE97FAE36D_big.jpg,/Users/lazywords/Code/高卡紫相关/QQ群相册/机场休息室/images/CA63D157-0058-4549-B452-50BE97FAE36D_big.jpg,Akise,2026年03月03日 22:28,白云机场T3航站楼唯一休息室,0,
184,54E2AD38-EA39-4AB2-BEDB-A1C357263500_big.jpg,/Users/lazywords/Code/高卡紫相关/QQ群相册/机场休息室/images/54E2AD38-EA39-4AB2-BEDB-A1C357263500_big.jpg,Akise,2026年03月03日 22:28,白云机场T3航站楼唯一休息室,0,
185,43A9A731-4863-47AD-ABE2-B1E0554EDD68_big.jpg,/Users/lazywords/Code/高卡紫相关/QQ群相册/机场休息室/images/43A9A731-4863-47AD-ABE2-B1E0554EDD68_big.jpg,Akise,2026年03月03日 22:28,白云机场T3航站楼唯一休息室,0,
186,DB48359A-88A2-4F2B-B658-19C11307994A_big.jpg,/Users/lazywords/Code/高卡紫相关/QQ群相册/机场休息室/images/DB48359A-88A2-4F2B-B658-19C11307994A_big.jpg,Akise,2026年03月03日 22:28,白云机场T3航站楼唯一休息室,0,
187,FE4ADFC0-8FD7-42D8-B039-4CAA33AA8425_big.jpg,/Users/lazywords/Code/高卡紫相关/QQ群相册/机场休息室/images/FE4ADFC0-8FD7-42D8-B039-4CAA33AA8425_big.jpg,Akise,2026年03月03日 22:28,白云机场T3航站楼唯一休息室,0,
188,01CA6C72-3D30-47F0-B711-C0455318B0B4_big.jpg,/Users/lazywords/Code/高卡紫相关/QQ群相册/机场休息室/images/01CA6C72-3D30-47F0-B711-C0455318B0B4_big.jpg,Akise,2026年03月03日 22:28,白云机场T3航站楼唯一休息室,0,
189,BFE1BEFE-416B-4FDE-B17A-319AB149526B_big.jpg,/Users/lazywords/Code/高卡紫相关/QQ群相册/机场休息室/images/BFE1BEFE-416B-4FDE-B17A-319AB149526B_big.jpg,Akise,2026年03月03日 22:28,白云机场T3航站楼唯一休息室,0,
190,BF81D54D-6BA8-47E7-B759-74EA6D8713DA_big.jpg,/Users/lazywords/Code/高卡紫相关/QQ群相册/机场休息室/images/BF81D54D-6BA8-47E7-B759-74EA6D8713DA_big.jpg,Akise,2026年03月03日 22:28,白云机场T3航站楼唯一休息室,0,
191,5D6F0161-785D-4A65-B6E7-C49B2A827BFF_big.jpg,/Users/lazywords/Code/高卡紫相关/QQ群相册/机场休息室/images/5D6F0161-785D-4A65-B6E7-C49B2A827BFF_big.jpg,Akise,2026年03月03日 22:28,白云机场T3航站楼唯一休息室,0,
192,V5bCQAzNzcxNDQ5OTZdtbRptzxQIw!!.jpg,/Users/lazywords/Code/高卡紫相关/QQ群相册/机场休息室/images/V5bCQAzNzcxNDQ5OTZdtbRptzxQIw!!.jpg,6岔路口[em]e327853[/em]矢泽兔熊,2026年03月14日 09:09,2026.03.13 PHL费城机场 Chase Sapphire Lounge，位于D和E指廊中间，有Chase带PP权限的信用卡可以无限次带两个人，一般的pp是一年一次机会进入。 有热食和饮料选择，装修不错，但是中看不中吃，各个都难吃。,0,
193,V5bCQAzNzcxNDQ5OTZctbRp1QVSIw!!.jpg,/Users/lazywords/Code/高卡紫相关/QQ群相册/机场休息室/images/V5bCQAzNzcxNDQ5OTZctbRp1QVSIw!!.jpg,6岔路口[em]e327853[/em]矢泽兔熊,2026年03月14日 09:09,2026.03.13 PHL费城机场 Chase Sapphire Lounge，位于D和E指廊中间，有Chase带PP权限的信用卡可以无限次带两个人，一般的pp是一年一次机会进入。 有热食和饮料选择，装修不错，但是中看不中吃，各个都难吃。,0,
194,V5bCQAzNzcxNDQ5OTZbtbRp8PVSIw!!.jpg,/Users/lazywords/Code/高卡紫相关/QQ群相册/机场休息室/images/V5bCQAzNzcxNDQ5OTZbtbRp8PVSIw!!.jpg,6岔路口[em]e327853[/em]矢泽兔熊,2026年03月14日 09:09,2026.03.13 PHL费城机场 Chase Sapphire Lounge，位于D和E指廊中间，有Chase带PP权限的信用卡可以无限次带两个人，一般的pp是一年一次机会进入。 有热食和饮料选择，装修不错，但是中看不中吃，各个都难吃。,0,
195,V5bCQAzNzcxNDQ5OTZatbRpST5lIw!!.jpg,/Users/lazywords/Code/高卡紫相关/QQ群相册/机场休息室/images/V5bCQAzNzcxNDQ5OTZatbRpST5lIw!!.jpg,6岔路口[em]e327853[/em]矢泽兔熊,2026年03月14日 09:09,2026.03.13 PHL费城机场 Chase Sapphire Lounge，位于D和E指廊中间，有Chase带PP权限的信用卡可以无限次带两个人，一般的pp是一年一次机会进入。 有热食和饮料选择，装修不错，但是中看不中吃，各个都难吃。,0,
196,V5bCQAzNzcxNDQ5OTZZtbRpTPZmIw!!.jpg,/Users/lazywords/Code/高卡紫相关/QQ群相册/机场休息室/images/V5bCQAzNzcxNDQ5OTZZtbRpTPZmIw!!.jpg,6岔路口[em]e327853[/em]矢泽兔熊,2026年03月14日 09:09,2026.03.13 PHL费城机场 Chase Sapphire Lounge，位于D和E指廊中间，有Chase带PP权限的信用卡可以无限次带两个人，一般的pp是一年一次机会进入。 有热食和饮料选择，装修不错，但是中看不中吃，各个都难吃。,0,
197,V5bCQAzNzcxNDQ5OTZYtbRpWVNtIw!!.jpg,/Users/lazywords/Code/高卡紫相关/QQ群相册/机场休息室/images/V5bCQAzNzcxNDQ5OTZYtbRpWVNtIw!!.jpg,6岔路口[em]e327853[/em]矢泽兔熊,2026年03月14日 09:09,2026.03.13 PHL费城机场 Chase Sapphire Lounge，位于D和E指廊中间，有Chase带PP权限的信用卡可以无限次带两个人，一般的pp是一年一次机会进入。 有热食和饮料选择，装修不错，但是中看不中吃，各个都难吃。,0,
198,V5bCQAzNzcxNDQ5OTZXtbRp7118Iw!!.jpg,/Users/lazywords/Code/高卡紫相关/QQ群相册/机场休息室/images/V5bCQAzNzcxNDQ5OTZXtbRp7118Iw!!.jpg,6岔路口[em]e327853[/em]矢泽兔熊,2026年03月14日 09:09,2026.03.13 PHL费城机场 Chase Sapphire Lounge，位于D和E指廊中间，有Chase带PP权限的信用卡可以无限次带两个人，一般的pp是一年一次机会进入。 有热食和饮料选择，装修不错，但是中看不中吃，各个都难吃。,0,
199,V5bCQAzNzcxNDQ5OTZWtbRp6SZ9Iw!!.jpg,/Users/lazywords/Code/高卡紫相关/QQ群相册/机场休息室/images/V5bCQAzNzcxNDQ5OTZWtbRp6SZ9Iw!!.jpg,6岔路口[em]e327853[/em]矢泽兔熊,2026年03月14日 09:09,2026.03.13 PHL费城机场 Chase Sapphire Lounge，位于D和E指廊中间，有Chase带PP权限的信用卡可以无限次带两个人，一般的pp是一年一次机会进入。 有热食和饮料选择，装修不错，但是中看不中吃，各个都难吃。,0,
200,V5bCQAzNzcxNDQ5OTZVtbRpcJ6KIw!!.jpg,/Users/lazywords/Code/高卡紫相关/QQ群相册/机场休息室/images/V5bCQAzNzcxNDQ5OTZVtbRpcJ6KIw!!.jpg,6岔路口[em]e327853[/em]矢泽兔熊,2026年03月14日 09:09,2026.03.13 PHL费城机场 Chase Sapphire Lounge，位于D和E指廊中间，有Chase带PP权限的信用卡可以无限次带两个人，一般的pp是一年一次机会进入。 有热食和饮料选择，装修不错，但是中看不中吃，各个都难吃。,0,
201,V5bCQAzNzcxNDQ5OTZUtbRpDgCMIw!!.jpg,/Users/lazywords/Code/高卡紫相关/QQ群相册/机场休息室/images/V5bCQAzNzcxNDQ5OTZUtbRpDgCMIw!!.jpg,6岔路口[em]e327853[/em]矢泽兔熊,2026年03月14日 09:09,2026.03.13 PHL费城机场 Chase Sapphire Lounge，位于D和E指廊中间，有Chase带PP权限的信用卡可以无限次带两个人，一般的pp是一年一次机会进入。 有热食和饮料选择，装修不错，但是中看不中吃，各个都难吃。,0,
202,V5bCQAzNzcxNDQ5OTZTtbRplieOIw!!.jpg,/Users/lazywords/Code/高卡紫相关/QQ群相册/机场休息室/images/V5bCQAzNzcxNDQ5OTZTtbRplieOIw!!.jpg,6岔路口[em]e327853[/em]矢泽兔熊,2026年03月14日 09:09,2026.03.13 PHL费城机场 Chase Sapphire Lounge，位于D和E指廊中间，有Chase带PP权限的信用卡可以无限次带两个人，一般的pp是一年一次机会进入。 有热食和饮料选择，装修不错，但是中看不中吃，各个都难吃。,0,
203,V5bCQAzNzcxNDQ5OTZStbRpgjuhIw!!.jpg,/Users/lazywords/Code/高卡紫相关/QQ群相册/机场休息室/images/V5bCQAzNzcxNDQ5OTZStbRpgjuhIw!!.jpg,6岔路口[em]e327853[/em]矢泽兔熊,2026年03月14日 09:09,2026.03.13 PHL费城机场 Chase Sapphire Lounge，位于D和E指廊中间，有Chase带PP权限的信用卡可以无限次带两个人，一般的pp是一年一次机会进入。 有热食和饮料选择，装修不错，但是中看不中吃，各个都难吃。,0,
204,V5bCQAzNzcxNDQ5OTZRtbRpyT2hIw!!.jpg,/Users/lazywords/Code/高卡紫相关/QQ群相册/机场休息室/images/V5bCQAzNzcxNDQ5OTZRtbRpyT2hIw!!.jpg,6岔路口[em]e327853[/em]矢泽兔熊,2026年03月14日 09:09,2026.03.13 PHL费城机场 Chase Sapphire Lounge，位于D和E指廊中间，有Chase带PP权限的信用卡可以无限次带两个人，一般的pp是一年一次机会进入。 有热食和饮料选择，装修不错，但是中看不中吃，各个都难吃。,0,
205,V5bCQAzNzcxNDQ5OTZQtbRpkyeuIw!!.jpg,/Users/lazywords/Code/高卡紫相关/QQ群相册/机场休息室/images/V5bCQAzNzcxNDQ5OTZQtbRpkyeuIw!!.jpg,6岔路口[em]e327853[/em]矢泽兔熊,2026年03月14日 09:09,2026.03.13 PHL费城机场 Chase Sapphire Lounge，位于D和E指廊中间，有Chase带PP权限的信用卡可以无限次带两个人，一般的pp是一年一次机会进入。 有热食和饮料选择，装修不错，但是中看不中吃，各个都难吃。,0,
206,V5bCQAzNzcxNDQ5OTZPtbRpcuyzIw!!.jpg,/Users/lazywords/Code/高卡紫相关/QQ群相册/机场休息室/images/V5bCQAzNzcxNDQ5OTZPtbRpcuyzIw!!.jpg,6岔路口[em]e327853[/em]矢泽兔熊,2026年03月14日 09:09,2026.03.13 PHL费城机场 Chase Sapphire Lounge，位于D和E指廊中间，有Chase带PP权限的信用卡可以无限次带两个人，一般的pp是一年一次机会进入。 有热食和饮料选择，装修不错，但是中看不中吃，各个都难吃。,0,
207,V5bCQAzNzcxNDQ5OTZOtbRpTpywIw!!.jpg,/Users/lazywords/Code/高卡紫相关/QQ群相册/机场休息室/images/V5bCQAzNzcxNDQ5OTZOtbRpTpywIw!!.jpg,6岔路口[em]e327853[/em]矢泽兔熊,2026年03月14日 09:09,2026.03.13 PHL费城机场 Chase Sapphire Lounge，位于D和E指廊中间，有Chase带PP权限的信用卡可以无限次带两个人，一般的pp是一年一次机会进入。 有热食和饮料选择，装修不错，但是中看不中吃，各个都难吃。,0,
208,V5bCQAzNzcxNDQ5OTZNtbRpgVjFIw!!.jpg,/Users/lazywords/Code/高卡紫相关/QQ群相册/机场休息室/images/V5bCQAzNzcxNDQ5OTZNtbRpgVjFIw!!.jpg,6岔路口[em]e327853[/em]矢泽兔熊,2026年03月14日 09:09,2026.03.13 PHL费城机场 Chase Sapphire Lounge，位于D和E指廊中间，有Chase带PP权限的信用卡可以无限次带两个人，一般的pp是一年一次机会进入。 有热食和饮料选择，装修不错，但是中看不中吃，各个都难吃。,0,
209,V5bCQAzNzcxNDQ5OTZMtbRpoZ7GIw!!.jpg,/Users/lazywords/Code/高卡紫相关/QQ群相册/机场休息室/images/V5bCQAzNzcxNDQ5OTZMtbRpoZ7GIw!!.jpg,6岔路口[em]e327853[/em]矢泽兔熊,2026年03月14日 09:09,2026.03.13 PHL费城机场 Chase Sapphire Lounge，位于D和E指廊中间，有Chase带PP权限的信用卡可以无限次带两个人，一般的pp是一年一次机会进入。 有热食和饮料选择，装修不错，但是中看不中吃，各个都难吃。,0,
210,V5bCQAzNzcxNDQ5OTZLtbRpSKXHIw!!.jpg,/Users/lazywords/Code/高卡紫相关/QQ群相册/机场休息室/images/V5bCQAzNzcxNDQ5OTZLtbRpSKXHIw!!.jpg,6岔路口[em]e327853[/em]矢泽兔熊,2026年03月14日 09:09,2026.03.13 PHL费城机场 Chase Sapphire Lounge，位于D和E指廊中间，有Chase带PP权限的信用卡可以无限次带两个人，一般的pp是一年一次机会进入。 有热食和饮料选择，装修不错，但是中看不中吃，各个都难吃。,0,
211,V5bCQAzNzcxNDQ5OTZKtbRpq47PIw!!.jpg,/Users/lazywords/Code/高卡紫相关/QQ群相册/机场休息室/images/V5bCQAzNzcxNDQ5OTZKtbRpq47PIw!!.jpg,6岔路口[em]e327853[/em]矢泽兔熊,2026年03月14日 09:09,2026.03.13 PHL费城机场 Chase Sapphire Lounge，位于D和E指廊中间，有Chase带PP权限的信用卡可以无限次带两个人，一般的pp是一年一次机会进入。 有热食和饮料选择，装修不错，但是中看不中吃，各个都难吃。,0,
212,V5bCQAzNzcxNDQ5OTZJtbRpVX7aIw!!.jpg,/Users/lazywords/Code/高卡紫相关/QQ群相册/机场休息室/images/V5bCQAzNzcxNDQ5OTZJtbRpVX7aIw!!.jpg,6岔路口[em]e327853[/em]矢泽兔熊,2026年03月14日 09:09,2026.03.13 PHL费城机场 Chase Sapphire Lounge，位于D和E指廊中间，有Chase带PP权限的信用卡可以无限次带两个人，一般的pp是一年一次机会进入。 有热食和饮料选择，装修不错，但是中看不中吃，各个都难吃。,0,
213,V5bCQAzNzcxNDQ5OTZItbRpC9fcIw!!.jpg,/Users/lazywords/Code/高卡紫相关/QQ群相册/机场休息室/images/V5bCQAzNzcxNDQ5OTZItbRpC9fcIw!!.jpg,6岔路口[em]e327853[/em]矢泽兔熊,2026年03月14日 09:09,2026.03.13 PHL费城机场 Chase Sapphire Lounge，位于D和E指廊中间，有Chase带PP权限的信用卡可以无限次带两个人，一般的pp是一年一次机会进入。 有热食和饮料选择，装修不错，但是中看不中吃，各个都难吃。,0,
214,V5bCQAzNzcxNDQ5OTavtLRp4EPsGA!!.jpg,/Users/lazywords/Code/高卡紫相关/QQ群相册/机场休息室/images/V5bCQAzNzcxNDQ5OTavtLRp4EPsGA!!.jpg,6岔路口[em]e327853[/em]矢泽兔熊,2026年03月14日 09:06,2026.03.13 PHL费城机场 F指廊 AA Admirals休息室，寰宇一家蓝宝石绿宝石可进。有热食但种类很少，饭点和航班高峰期压根没地方坐，站在电视柜上面吃的饭。,0,
215,V5bCQAzNzcxNDQ5OTautLRp_1v2GA!!.jpg,/Users/lazywords/Code/高卡紫相关/QQ群相册/机场休息室/images/V5bCQAzNzcxNDQ5OTautLRp_1v2GA!!.jpg,6岔路口[em]e327853[/em]矢泽兔熊,2026年03月14日 09:06,2026.03.13 PHL费城机场 F指廊 AA Admirals休息室，寰宇一家蓝宝石绿宝石可进。有热食但种类很少，饭点和航班高峰期压根没地方坐，站在电视柜上面吃的饭。,0,
216,V5bCQAzNzcxNDQ5OTattLRp4xH2GA!!.jpg,/Users/lazywords/Code/高卡紫相关/QQ群相册/机场休息室/images/V5bCQAzNzcxNDQ5OTattLRp4xH2GA!!.jpg,6岔路口[em]e327853[/em]矢泽兔熊,2026年03月14日 09:06,2026.03.13 PHL费城机场 F指廊 AA Admirals休息室，寰宇一家蓝宝石绿宝石可进。有热食但种类很少，饭点和航班高峰期压根没地方坐，站在电视柜上面吃的饭。,0,
217,V5bCQAzNzcxNDQ5OTastLRpBpj_GA!!.jpg,/Users/lazywords/Code/高卡紫相关/QQ群相册/机场休息室/images/V5bCQAzNzcxNDQ5OTastLRpBpj_GA!!.jpg,6岔路口[em]e327853[/em]矢泽兔熊,2026年03月14日 09:06,2026.03.13 PHL费城机场 F指廊 AA Admirals休息室，寰宇一家蓝宝石绿宝石可进。有热食但种类很少，饭点和航班高峰期压根没地方坐，站在电视柜上面吃的饭。,0,
218,V5bCQAzNzcxNDQ5OTartLRpVNwKGQ!!.jpg,/Users/lazywords/Code/高卡紫相关/QQ群相册/机场休息室/images/V5bCQAzNzcxNDQ5OTartLRpVNwKGQ!!.jpg,6岔路口[em]e327853[/em]矢泽兔熊,2026年03月14日 09:06,2026.03.13 PHL费城机场 F指廊 AA Admirals休息室，寰宇一家蓝宝石绿宝石可进。有热食但种类很少，饭点和航班高峰期压根没地方坐，站在电视柜上面吃的饭。,0,
219,V5bCQAzNzcxNDQ5OTaqtLRpUlsPGQ!!.jpg,/Users/lazywords/Code/高卡紫相关/QQ群相册/机场休息室/images/V5bCQAzNzcxNDQ5OTaqtLRpUlsPGQ!!.jpg,6岔路口[em]e327853[/em]矢泽兔熊,2026年03月14日 09:06,2026.03.13 PHL费城机场 F指廊 AA Admirals休息室，寰宇一家蓝宝石绿宝石可进。有热食但种类很少，饭点和航班高峰期压根没地方坐，站在电视柜上面吃的饭。,0,
220,V5bCQAzNzcxNDQ5OTaptLRpSqEgGQ!!.jpg,/Users/lazywords/Code/高卡紫相关/QQ群相册/机场休息室/images/V5bCQAzNzcxNDQ5OTaptLRpSqEgGQ!!.jpg,6岔路口[em]e327853[/em]矢泽兔熊,2026年03月14日 09:06,2026.03.13 PHL费城机场 F指廊 AA Admirals休息室，寰宇一家蓝宝石绿宝石可进。有热食但种类很少，饭点和航班高峰期压根没地方坐，站在电视柜上面吃的饭。,0,
221,V5bCQAzNzcxNDQ5OTaotLRpqZEeGQ!!.jpg,/Users/lazywords/Code/高卡紫相关/QQ群相册/机场休息室/images/V5bCQAzNzcxNDQ5OTaotLRpqZEeGQ!!.jpg,6岔路口[em]e327853[/em]矢泽兔熊,2026年03月14日 09:06,2026.03.13 PHL费城机场 F指廊 AA Admirals休息室，寰宇一家蓝宝石绿宝石可进。有热食但种类很少，饭点和航班高峰期压根没地方坐，站在电视柜上面吃的饭。,0,
222,V5bCQAzNzcxNDQ5OTantLRp0bsfGQ!!.jpg,/Users/lazywords/Code/高卡紫相关/QQ群相册/机场休息室/images/V5bCQAzNzcxNDQ5OTantLRp0bsfGQ!!.jpg,6岔路口[em]e327853[/em]矢泽兔熊,2026年03月14日 09:06,2026.03.13 PHL费城机场 F指廊 AA Admirals休息室，寰宇一家蓝宝石绿宝石可进。有热食但种类很少，饭点和航班高峰期压根没地方坐，站在电视柜上面吃的饭。,0,
223,V5bCQAzNzcxNDQ5OTamtLRpXdc8GQ!!.jpg,/Users/lazywords/Code/高卡紫相关/QQ群相册/机场休息室/images/V5bCQAzNzcxNDQ5OTamtLRpXdc8GQ!!.jpg,6岔路口[em]e327853[/em]矢泽兔熊,2026年03月14日 09:06,2026.03.13 PHL费城机场 F指廊 AA Admirals休息室，寰宇一家蓝宝石绿宝石可进。有热食但种类很少，饭点和航班高峰期压根没地方坐，站在电视柜上面吃的饭。,0,
224,V5bCQAzNzcxNDQ5OTaltLRp9ME8GQ!!.jpg,/Users/lazywords/Code/高卡紫相关/QQ群相册/机场休息室/images/V5bCQAzNzcxNDQ5OTaltLRp9ME8GQ!!.jpg,6岔路口[em]e327853[/em]矢泽兔熊,2026年03月14日 09:06,2026.03.13 PHL费城机场 F指廊 AA Admirals休息室，寰宇一家蓝宝石绿宝石可进。有热食但种类很少，饭点和航班高峰期压根没地方坐，站在电视柜上面吃的饭。,0,
225,V5bCQAzNzcxNDQ5OTaktLRpkFhFGQ!!.jpg,/Users/lazywords/Code/高卡紫相关/QQ群相册/机场休息室/images/V5bCQAzNzcxNDQ5OTaktLRpkFhFGQ!!.jpg,6岔路口[em]e327853[/em]矢泽兔熊,2026年03月14日 09:06,2026.03.13 PHL费城机场 F指廊 AA Admirals休息室，寰宇一家蓝宝石绿宝石可进。有热食但种类很少，饭点和航班高峰期压根没地方坐，站在电视柜上面吃的饭。,0,
226,V5bCQAzNzcxNDQ5OTajtLRpGJVPGQ!!.jpg,/Users/lazywords/Code/高卡紫相关/QQ群相册/机场休息室/images/V5bCQAzNzcxNDQ5OTajtLRpGJVPGQ!!.jpg,6岔路口[em]e327853[/em]矢泽兔熊,2026年03月14日 09:06,2026.03.13 PHL费城机场 F指廊 AA Admirals休息室，寰宇一家蓝宝石绿宝石可进。有热食但种类很少，饭点和航班高峰期压根没地方坐，站在电视柜上面吃的饭。,0,
227,V5bCQAzNzcxNDQ5OTaitLRpxj5PGQ!!.jpg,/Users/lazywords/Code/高卡紫相关/QQ群相册/机场休息室/images/V5bCQAzNzcxNDQ5OTaitLRpxj5PGQ!!.jpg,6岔路口[em]e327853[/em]矢泽兔熊,2026年03月14日 09:06,2026.03.13 PHL费城机场 F指廊 AA Admirals休息室，寰宇一家蓝宝石绿宝石可进。有热食但种类很少，饭点和航班高峰期压根没地方坐，站在电视柜上面吃的饭。,0,
228,V5bCQAzNzcxNDQ5OTahtLRpbOZlGQ!!.jpg,/Users/lazywords/Code/高卡紫相关/QQ群相册/机场休息室/images/V5bCQAzNzcxNDQ5OTahtLRpbOZlGQ!!.jpg,6岔路口[em]e327853[/em]矢泽兔熊,2026年03月14日 09:06,2026.03.13 PHL费城机场 F指廊 AA Admirals休息室，寰宇一家蓝宝石绿宝石可进。有热食但种类很少，饭点和航班高峰期压根没地方坐，站在电视柜上面吃的饭。,0,
229,V5bCQAzNzcxNDQ5OTagtLRpn5lhGQ!!.jpg,/Users/lazywords/Code/高卡紫相关/QQ群相册/机场休息室/images/V5bCQAzNzcxNDQ5OTagtLRpn5lhGQ!!.jpg,6岔路口[em]e327853[/em]矢泽兔熊,2026年03月14日 09:06,2026.03.13 PHL费城机场 F指廊 AA Admirals休息室，寰宇一家蓝宝石绿宝石可进。有热食但种类很少，饭点和航班高峰期压根没地方坐，站在电视柜上面吃的饭。,0,
230,V5bCQAzNzcxNDQ5OTaftLRp9DZiGQ!!.jpg,/Users/lazywords/Code/高卡紫相关/QQ群相册/机场休息室/images/V5bCQAzNzcxNDQ5OTaftLRp9DZiGQ!!.jpg,6岔路口[em]e327853[/em]矢泽兔熊,2026年03月14日 09:06,2026.03.13 PHL费城机场 F指廊 AA Admirals休息室，寰宇一家蓝宝石绿宝石可进。有热食但种类很少，饭点和航班高峰期压根没地方坐，站在电视柜上面吃的饭。,0,
231,V5bCQAzNzcxNDQ5OTZswLNp9fuyNQ!!.jpg,/Users/lazywords/Code/高卡紫相关/QQ群相册/机场休息室/images/V5bCQAzNzcxNDQ5OTZswLNp9fuyNQ!!.jpg,6岔路口[em]e327853[/em]矢泽兔熊,2026年03月13日 15:44,2025.03.19 土耳其航空伊斯坦布尔IST自营休息室，巨大。 菜品的和饮品种类极端丰富，虽然有点节约成本的味道比如说肉菜并没有那么大方，但能逛很久了，具体看图吧。,0,
232,V5bCQAzNzcxNDQ5OTZrwLNpcurmNQ!!.jpg,/Users/lazywords/Code/高卡紫相关/QQ群相册/机场休息室/images/V5bCQAzNzcxNDQ5OTZrwLNpcurmNQ!!.jpg,6岔路口[em]e327853[/em]矢泽兔熊,2026年03月13日 15:44,2025.03.19 土耳其航空伊斯坦布尔IST自营休息室，巨大。 菜品的和饮品种类极端丰富，虽然有点节约成本的味道比如说肉菜并没有那么大方，但能逛很久了，具体看图吧。,0,
233,V5bCQAzNzcxNDQ5OTZqwLNp4dHBNQ!!.jpg,/Users/lazywords/Code/高卡紫相关/QQ群相册/机场休息室/images/V5bCQAzNzcxNDQ5OTZqwLNp4dHBNQ!!.jpg,6岔路口[em]e327853[/em]矢泽兔熊,2026年03月13日 15:44,2025.03.19 土耳其航空伊斯坦布尔IST自营休息室，巨大。 菜品的和饮品种类极端丰富，虽然有点节约成本的味道比如说肉菜并没有那么大方，但能逛很久了，具体看图吧。,0,
234,V5bCQAzNzcxNDQ5OTZpwLNpraOqNg!!.jpg,/Users/lazywords/Code/高卡紫相关/QQ群相册/机场休息室/images/V5bCQAzNzcxNDQ5OTZpwLNpraOqNg!!.jpg,6岔路口[em]e327853[/em]矢泽兔熊,2026年03月13日 15:44,2025.03.19 土耳其航空伊斯坦布尔IST自营休息室，巨大。 菜品的和饮品种类极端丰富，虽然有点节约成本的味道比如说肉菜并没有那么大方，但能逛很久了，具体看图吧。,0,
235,V5bCQAzNzcxNDQ5OTZowLNpZZHtNQ!!.jpg,/Users/lazywords/Code/高卡紫相关/QQ群相册/机场休息室/images/V5bCQAzNzcxNDQ5OTZowLNpZZHtNQ!!.jpg,6岔路口[em]e327853[/em]矢泽兔熊,2026年03月13日 15:44,2025.03.19 土耳其航空伊斯坦布尔IST自营休息室，巨大。 菜品的和饮品种类极端丰富，虽然有点节约成本的味道比如说肉菜并没有那么大方，但能逛很久了，具体看图吧。,0,
236,V5bCQAzNzcxNDQ5OTZnwLNpc9JCNg!!.jpg,/Users/lazywords/Code/高卡紫相关/QQ群相册/机场休息室/images/V5bCQAzNzcxNDQ5OTZnwLNpc9JCNg!!.jpg,6岔路口[em]e327853[/em]矢泽兔熊,2026年03月13日 15:44,2025.03.19 土耳其航空伊斯坦布尔IST自营休息室，巨大。 菜品的和饮品种类极端丰富，虽然有点节约成本的味道比如说肉菜并没有那么大方，但能逛很久了，具体看图吧。,0,
237,V5bCQAzNzcxNDQ5OTZmwLNpwTlXOA!!.jpg,/Users/lazywords/Code/高卡紫相关/QQ群相册/机场休息室/images/V5bCQAzNzcxNDQ5OTZmwLNpwTlXOA!!.jpg,6岔路口[em]e327853[/em]矢泽兔熊,2026年03月13日 15:44,2025.03.19 土耳其航空伊斯坦布尔IST自营休息室，巨大。 菜品的和饮品种类极端丰富，虽然有点节约成本的味道比如说肉菜并没有那么大方，但能逛很久了，具体看图吧。,0,
238,V5bCQAzNzcxNDQ5OTZlwLNp.qIsOQ!!,/Users/lazywords/Code/高卡紫相关/QQ群相册/机场休息室/images/V5bCQAzNzcxNDQ5OTZlwLNp.qIsOQ!!,6岔路口[em]e327853[/em]矢泽兔熊,2026年03月13日 15:44,2025.03.19 土耳其航空伊斯坦布尔IST自营休息室，巨大。 菜品的和饮品种类极端丰富，虽然有点节约成本的味道比如说肉菜并没有那么大方，但能逛很久了，具体看图吧。,0,
239,V5bCQAzNzcxNDQ5OTZkwLNpJxpOOA!!.jpg,/Users/lazywords/Code/高卡紫相关/QQ群相册/机场休息室/images/V5bCQAzNzcxNDQ5OTZkwLNpJxpOOA!!.jpg,6岔路口[em]e327853[/em]矢泽兔熊,2026年03月13日 15:44,2025.03.19 土耳其航空伊斯坦布尔IST自营休息室，巨大。 菜品的和饮品种类极端丰富，虽然有点节约成本的味道比如说肉菜并没有那么大方，但能逛很久了，具体看图吧。,0,
240,V5bCQAzNzcxNDQ5OTZjwLNpeAtcOQ!!.jpg,/Users/lazywords/Code/高卡紫相关/QQ群相册/机场休息室/images/V5bCQAzNzcxNDQ5OTZjwLNpeAtcOQ!!.jpg,6岔路口[em]e327853[/em]矢泽兔熊,2026年03月13日 15:44,2025.03.19 土耳其航空伊斯坦布尔IST自营休息室，巨大。 菜品的和饮品种类极端丰富，虽然有点节约成本的味道比如说肉菜并没有那么大方，但能逛很久了，具体看图吧。,0,
241,V5bCQAzNzcxNDQ5OTZiwLNpqfiROQ!!.jpg,/Users/lazywords/Code/高卡紫相关/QQ群相册/机场休息室/images/V5bCQAzNzcxNDQ5OTZiwLNpqfiROQ!!.jpg,6岔路口[em]e327853[/em]矢泽兔熊,2026年03月13日 15:44,2025.03.19 土耳其航空伊斯坦布尔IST自营休息室，巨大。 菜品的和饮品种类极端丰富，虽然有点节约成本的味道比如说肉菜并没有那么大方，但能逛很久了，具体看图吧。,0,
242,V5bCQAzNzcxNDQ5OTZhwLNp.quuOQ!!,/Users/lazywords/Code/高卡紫相关/QQ群相册/机场休息室/images/V5bCQAzNzcxNDQ5OTZhwLNp.quuOQ!!,6岔路口[em]e327853[/em]矢泽兔熊,2026年03月13日 15:44,2025.03.19 土耳其航空伊斯坦布尔IST自营休息室，巨大。 菜品的和饮品种类极端丰富，虽然有点节约成本的味道比如说肉菜并没有那么大方，但能逛很久了，具体看图吧。,0,
243,V5bCQAzNzcxNDQ5OTZgwLNpNaoIAA!!.jpg,/Users/lazywords/Code/高卡紫相关/QQ群相册/机场休息室/images/V5bCQAzNzcxNDQ5OTZgwLNpNaoIAA!!.jpg,6岔路口[em]e327853[/em]矢泽兔熊,2026年03月13日 15:44,2025.03.19 土耳其航空伊斯坦布尔IST自营休息室，巨大。 菜品的和饮品种类极端丰富，虽然有点节约成本的味道比如说肉菜并没有那么大方，但能逛很久了，具体看图吧。,0,
244,V5bCQAzNzcxNDQ5OTZfwLNp5S7HAA!!.jpg,/Users/lazywords/Code/高卡紫相关/QQ群相册/机场休息室/images/V5bCQAzNzcxNDQ5OTZfwLNp5S7HAA!!.jpg,6岔路口[em]e327853[/em]矢泽兔熊,2026年03月13日 15:44,2025.03.19 土耳其航空伊斯坦布尔IST自营休息室，巨大。 菜品的和饮品种类极端丰富，虽然有点节约成本的味道比如说肉菜并没有那么大方，但能逛很久了，具体看图吧。,0,
245,V5bCQAzNzcxNDQ5OTZewLNpiWtTAA!!.jpg,/Users/lazywords/Code/高卡紫相关/QQ群相册/机场休息室/images/V5bCQAzNzcxNDQ5OTZewLNpiWtTAA!!.jpg,6岔路口[em]e327853[/em]矢泽兔熊,2026年03月13日 15:44,2025.03.19 土耳其航空伊斯坦布尔IST自营休息室，巨大。 菜品的和饮品种类极端丰富，虽然有点节约成本的味道比如说肉菜并没有那么大方，但能逛很久了，具体看图吧。,0,
246,V5bCQAzNzcxNDQ5OTZdwLNpVgq6AQ!!.jpg,/Users/lazywords/Code/高卡紫相关/QQ群相册/机场休息室/images/V5bCQAzNzcxNDQ5OTZdwLNpVgq6AQ!!.jpg,6岔路口[em]e327853[/em]矢泽兔熊,2026年03月13日 15:44,2025.03.19 土耳其航空伊斯坦布尔IST自营休息室，巨大。 菜品的和饮品种类极端丰富，虽然有点节约成本的味道比如说肉菜并没有那么大方，但能逛很久了，具体看图吧。,0,
247,V5bCQAzNzcxNDQ5OTZcwLNpL9TVAQ!!.jpg,/Users/lazywords/Code/高卡紫相关/QQ群相册/机场休息室/images/V5bCQAzNzcxNDQ5OTZcwLNpL9TVAQ!!.jpg,6岔路口[em]e327853[/em]矢泽兔熊,2026年03月13日 15:44,2025.03.19 土耳其航空伊斯坦布尔IST自营休息室，巨大。 菜品的和饮品种类极端丰富，虽然有点节约成本的味道比如说肉菜并没有那么大方，但能逛很久了，具体看图吧。,0,
248,V5bCQAzNzcxNDQ5OTZbwLNpbz3VAQ!!.jpg,/Users/lazywords/Code/高卡紫相关/QQ群相册/机场休息室/images/V5bCQAzNzcxNDQ5OTZbwLNpbz3VAQ!!.jpg,6岔路口[em]e327853[/em]矢泽兔熊,2026年03月13日 15:44,2025.03.19 土耳其航空伊斯坦布尔IST自营休息室，巨大。 菜品的和饮品种类极端丰富，虽然有点节约成本的味道比如说肉菜并没有那么大方，但能逛很久了，具体看图吧。,0,
249,V5bCQAzNzcxNDQ5OTZawLNpFVvlAQ!!.jpg,/Users/lazywords/Code/高卡紫相关/QQ群相册/机场休息室/images/V5bCQAzNzcxNDQ5OTZawLNpFVvlAQ!!.jpg,6岔路口[em]e327853[/em]矢泽兔熊,2026年03月13日 15:44,2025.03.19 土耳其航空伊斯坦布尔IST自营休息室，巨大。 菜品的和饮品种类极端丰富，虽然有点节约成本的味道比如说肉菜并没有那么大方，但能逛很久了，具体看图吧。,0,
250,V5bCQAzNzcxNDQ5OTZZwLNpySsbAg!!.jpg,/Users/lazywords/Code/高卡紫相关/QQ群相册/机场休息室/images/V5bCQAzNzcxNDQ5OTZZwLNpySsbAg!!.jpg,6岔路口[em]e327853[/em]矢泽兔熊,2026年03月13日 15:44,2025.03.19 土耳其航空伊斯坦布尔IST自营休息室，巨大。 菜品的和饮品种类极端丰富，虽然有点节约成本的味道比如说肉菜并没有那么大方，但能逛很久了，具体看图吧。,0,
251,V5bCQAzNzcxNDQ5OTZYwLNpVNsLAg!!.jpg,/Users/lazywords/Code/高卡紫相关/QQ群相册/机场休息室/images/V5bCQAzNzcxNDQ5OTZYwLNpVNsLAg!!.jpg,6岔路口[em]e327853[/em]矢泽兔熊,2026年03月13日 15:44,2025.03.19 土耳其航空伊斯坦布尔IST自营休息室，巨大。 菜品的和饮品种类极端丰富，虽然有点节约成本的味道比如说肉菜并没有那么大方，但能逛很久了，具体看图吧。,0,
252,V5bCQAzNzcxNDQ5OTZXwLNpTPEpAg!!.jpg,/Users/lazywords/Code/高卡紫相关/QQ群相册/机场休息室/images/V5bCQAzNzcxNDQ5OTZXwLNpTPEpAg!!.jpg,6岔路口[em]e327853[/em]矢泽兔熊,2026年03月13日 15:44,2025.03.19 土耳其航空伊斯坦布尔IST自营休息室，巨大。 菜品的和饮品种类极端丰富，虽然有点节约成本的味道比如说肉菜并没有那么大方，但能逛很久了，具体看图吧。,0,
253,V5bCQAzNzcxNDQ5OTZWwLNpbetJAg!!.jpg,/Users/lazywords/Code/高卡紫相关/QQ群相册/机场休息室/images/V5bCQAzNzcxNDQ5OTZWwLNpbetJAg!!.jpg,6岔路口[em]e327853[/em]矢泽兔熊,2026年03月13日 15:44,2025.03.19 土耳其航空伊斯坦布尔IST自营休息室，巨大。 菜品的和饮品种类极端丰富，虽然有点节约成本的味道比如说肉菜并没有那么大方，但能逛很久了，具体看图吧。,0,
254,V5bCQAzNzcxNDQ5OTZVwLNpvDc_Ag!!.jpg,/Users/lazywords/Code/高卡紫相关/QQ群相册/机场休息室/images/V5bCQAzNzcxNDQ5OTZVwLNpvDc_Ag!!.jpg,6岔路口[em]e327853[/em]矢泽兔熊,2026年03月13日 15:44,2025.03.19 土耳其航空伊斯坦布尔IST自营休息室，巨大。 菜品的和饮品种类极端丰富，虽然有点节约成本的味道比如说肉菜并没有那么大方，但能逛很久了，具体看图吧。,0,
255,V5bCQAzNzcxNDQ5OTZJvrNp6bpFFA!!.jpg,/Users/lazywords/Code/高卡紫相关/QQ群相册/机场休息室/images/V5bCQAzNzcxNDQ5OTZJvrNp6bpFFA!!.jpg,6岔路口[em]e327853[/em]矢泽兔熊,2026年03月13日 15:35,2025.03.14 VIE维也纳机场申根区外 奥地利航空自营休息室 红色配色算是奥地利航空的一个特色了，虽然设计语言没有瑞士航空那么连续，但是特色基本上还是有的，休息室装修还行。但是热食少，水果也少，饮料倒是很丰富。,0,
256,V5bCQAzNzcxNDQ5OTZIvrNpPf9FFA!!.jpg,/Users/lazywords/Code/高卡紫相关/QQ群相册/机场休息室/images/V5bCQAzNzcxNDQ5OTZIvrNpPf9FFA!!.jpg,6岔路口[em]e327853[/em]矢泽兔熊,2026年03月13日 15:35,2025.03.14 VIE维也纳机场申根区外 奥地利航空自营休息室 红色配色算是奥地利航空的一个特色了，虽然设计语言没有瑞士航空那么连续，但是特色基本上还是有的，休息室装修还行。但是热食少，水果也少，饮料倒是很丰富。,0,
257,V5bCQAzNzcxNDQ5OTZHvrNpXlNJFA!!.jpg,/Users/lazywords/Code/高卡紫相关/QQ群相册/机场休息室/images/V5bCQAzNzcxNDQ5OTZHvrNpXlNJFA!!.jpg,6岔路口[em]e327853[/em]矢泽兔熊,2026年03月13日 15:35,2025.03.14 VIE维也纳机场申根区外 奥地利航空自营休息室 红色配色算是奥地利航空的一个特色了，虽然设计语言没有瑞士航空那么连续，但是特色基本上还是有的，休息室装修还行。但是热食少，水果也少，饮料倒是很丰富。,0,
258,V5bCQAzNzcxNDQ5OTZGvrNpFSViFA!!.jpg,/Users/lazywords/Code/高卡紫相关/QQ群相册/机场休息室/images/V5bCQAzNzcxNDQ5OTZGvrNpFSViFA!!.jpg,6岔路口[em]e327853[/em]矢泽兔熊,2026年03月13日 15:35,2025.03.14 VIE维也纳机场申根区外 奥地利航空自营休息室 红色配色算是奥地利航空的一个特色了，虽然设计语言没有瑞士航空那么连续，但是特色基本上还是有的，休息室装修还行。但是热食少，水果也少，饮料倒是很丰富。,0,
259,V5bCQAzNzcxNDQ5OTZFvrNp6ediFA!!.jpg,/Users/lazywords/Code/高卡紫相关/QQ群相册/机场休息室/images/V5bCQAzNzcxNDQ5OTZFvrNp6ediFA!!.jpg,6岔路口[em]e327853[/em]矢泽兔熊,2026年03月13日 15:35,2025.03.14 VIE维也纳机场申根区外 奥地利航空自营休息室 红色配色算是奥地利航空的一个特色了，虽然设计语言没有瑞士航空那么连续，但是特色基本上还是有的，休息室装修还行。但是热食少，水果也少，饮料倒是很丰富。,0,
260,V5bCQAzNzcxNDQ5OTZEvrNpJ_Z0FA!!.jpg,/Users/lazywords/Code/高卡紫相关/QQ群相册/机场休息室/images/V5bCQAzNzcxNDQ5OTZEvrNpJ_Z0FA!!.jpg,6岔路口[em]e327853[/em]矢泽兔熊,2026年03月13日 15:35,2025.03.14 VIE维也纳机场申根区外 奥地利航空自营休息室 红色配色算是奥地利航空的一个特色了，虽然设计语言没有瑞士航空那么连续，但是特色基本上还是有的，休息室装修还行。但是热食少，水果也少，饮料倒是很丰富。,0,
261,V5bCQAzNzcxNDQ5OTZDvrNp8R15FA!!.jpg,/Users/lazywords/Code/高卡紫相关/QQ群相册/机场休息室/images/V5bCQAzNzcxNDQ5OTZDvrNp8R15FA!!.jpg,6岔路口[em]e327853[/em]矢泽兔熊,2026年03月13日 15:35,2025.03.14 VIE维也纳机场申根区外 奥地利航空自营休息室 红色配色算是奥地利航空的一个特色了，虽然设计语言没有瑞士航空那么连续，但是特色基本上还是有的，休息室装修还行。但是热食少，水果也少，饮料倒是很丰富。,0,
262,V5bCQAzNzcxNDQ5OTZCvrNp6eR5FA!!.jpg,/Users/lazywords/Code/高卡紫相关/QQ群相册/机场休息室/images/V5bCQAzNzcxNDQ5OTZCvrNp6eR5FA!!.jpg,6岔路口[em]e327853[/em]矢泽兔熊,2026年03月13日 15:35,2025.03.14 VIE维也纳机场申根区外 奥地利航空自营休息室 红色配色算是奥地利航空的一个特色了，虽然设计语言没有瑞士航空那么连续，但是特色基本上还是有的，休息室装修还行。但是热食少，水果也少，饮料倒是很丰富。,0,
263,V5bCQAzNzcxNDQ5OTZBvrNp9YCTFA!!.jpg,/Users/lazywords/Code/高卡紫相关/QQ群相册/机场休息室/images/V5bCQAzNzcxNDQ5OTZBvrNp9YCTFA!!.jpg,6岔路口[em]e327853[/em]矢泽兔熊,2026年03月13日 15:35,2025.03.14 VIE维也纳机场申根区外 奥地利航空自营休息室 红色配色算是奥地利航空的一个特色了，虽然设计语言没有瑞士航空那么连续，但是特色基本上还是有的，休息室装修还行。但是热食少，水果也少，饮料倒是很丰富。,0,
264,V5bCQAzNzcxNDQ5OTZAvrNpfNqNFA!!.jpg,/Users/lazywords/Code/高卡紫相关/QQ群相册/机场休息室/images/V5bCQAzNzcxNDQ5OTZAvrNpfNqNFA!!.jpg,6岔路口[em]e327853[/em]矢泽兔熊,2026年03月13日 15:35,2025.03.14 VIE维也纳机场申根区外 奥地利航空自营休息室 红色配色算是奥地利航空的一个特色了，虽然设计语言没有瑞士航空那么连续，但是特色基本上还是有的，休息室装修还行。但是热食少，水果也少，饮料倒是很丰富。,0,
265,V5bCQAzNzcxNDQ5OTY_vrNpe6qbFA!!.jpg,/Users/lazywords/Code/高卡紫相关/QQ群相册/机场休息室/images/V5bCQAzNzcxNDQ5OTY_vrNpe6qbFA!!.jpg,6岔路口[em]e327853[/em]矢泽兔熊,2026年03月13日 15:35,2025.03.14 VIE维也纳机场申根区外 奥地利航空自营休息室 红色配色算是奥地利航空的一个特色了，虽然设计语言没有瑞士航空那么连续，但是特色基本上还是有的，休息室装修还行。但是热食少，水果也少，饮料倒是很丰富。,0,
266,V5bCQAzNzcxNDQ5OTY.vrNpaZqsFA!!,/Users/lazywords/Code/高卡紫相关/QQ群相册/机场休息室/images/V5bCQAzNzcxNDQ5OTY.vrNpaZqsFA!!,6岔路口[em]e327853[/em]矢泽兔熊,2026年03月13日 15:35,2025.03.14 VIE维也纳机场申根区外 奥地利航空自营休息室 红色配色算是奥地利航空的一个特色了，虽然设计语言没有瑞士航空那么连续，但是特色基本上还是有的，休息室装修还行。但是热食少，水果也少，饮料倒是很丰富。,0,
267,V5bCQAzNzcxNDQ5OTY9vrNpF6CnFA!!.jpg,/Users/lazywords/Code/高卡紫相关/QQ群相册/机场休息室/images/V5bCQAzNzcxNDQ5OTY9vrNpF6CnFA!!.jpg,6岔路口[em]e327853[/em]矢泽兔熊,2026年03月13日 15:35,2025.03.14 VIE维也纳机场申根区外 奥地利航空自营休息室 红色配色算是奥地利航空的一个特色了，虽然设计语言没有瑞士航空那么连续，但是特色基本上还是有的，休息室装修还行。但是热食少，水果也少，饮料倒是很丰富。,0,
268,V5bCQAzNzcxNDQ5OTY8vrNp4.u5FA!!,/Users/lazywords/Code/高卡紫相关/QQ群相册/机场休息室/images/V5bCQAzNzcxNDQ5OTY8vrNp4.u5FA!!,6岔路口[em]e327853[/em]矢泽兔熊,2026年03月13日 15:35,2025.03.14 VIE维也纳机场申根区外 奥地利航空自营休息室 红色配色算是奥地利航空的一个特色了，虽然设计语言没有瑞士航空那么连续，但是特色基本上还是有的，休息室装修还行。但是热食少，水果也少，饮料倒是很丰富。,0,
269,V5bCQAzNzcxNDQ5OTY7vrNpICjUFA!!.jpg,/Users/lazywords/Code/高卡紫相关/QQ群相册/机场休息室/images/V5bCQAzNzcxNDQ5OTY7vrNpICjUFA!!.jpg,6岔路口[em]e327853[/em]矢泽兔熊,2026年03月13日 15:35,2025.03.14 VIE维也纳机场申根区外 奥地利航空自营休息室 红色配色算是奥地利航空的一个特色了，虽然设计语言没有瑞士航空那么连续，但是特色基本上还是有的，休息室装修还行。但是热食少，水果也少，饮料倒是很丰富。,0,
270,V5bCQAzNzcxNDQ5OTYtvLNpCrO4Lw!!.jpg,/Users/lazywords/Code/高卡紫相关/QQ群相册/机场休息室/images/V5bCQAzNzcxNDQ5OTYtvLNpCrO4Lw!!.jpg,6岔路口[em]e327853[/em]矢泽兔熊,2026年03月13日 15:26,2025.03.13 LHR T3 BA Club Lounges 英国航空希思罗自营休息室 吃的不算差，整体空间其实有点小，热食基本靠热狗和印度菜顶,0,
271,V5bCQAzNzcxNDQ5OTYsvLNpjBG0Lw!!.jpg,/Users/lazywords/Code/高卡紫相关/QQ群相册/机场休息室/images/V5bCQAzNzcxNDQ5OTYsvLNpjBG0Lw!!.jpg,6岔路口[em]e327853[/em]矢泽兔熊,2026年03月13日 15:26,2025.03.13 LHR T3 BA Club Lounges 英国航空希思罗自营休息室 吃的不算差，整体空间其实有点小，热食基本靠热狗和印度菜顶,0,
272,V5bCQAzNzcxNDQ5OTYrvLNpyByxLw!!.jpg,/Users/lazywords/Code/高卡紫相关/QQ群相册/机场休息室/images/V5bCQAzNzcxNDQ5OTYrvLNpyByxLw!!.jpg,6岔路口[em]e327853[/em]矢泽兔熊,2026年03月13日 15:26,2025.03.13 LHR T3 BA Club Lounges 英国航空希思罗自营休息室 吃的不算差，整体空间其实有点小，热食基本靠热狗和印度菜顶,0,
273,V5bCQAzNzcxNDQ5OTYqvLNp1sLGLw!!.jpg,/Users/lazywords/Code/高卡紫相关/QQ群相册/机场休息室/images/V5bCQAzNzcxNDQ5OTYqvLNp1sLGLw!!.jpg,6岔路口[em]e327853[/em]矢泽兔熊,2026年03月13日 15:26,2025.03.13 LHR T3 BA Club Lounges 英国航空希思罗自营休息室 吃的不算差，整体空间其实有点小，热食基本靠热狗和印度菜顶,0,
274,V5bCQAzNzcxNDQ5OTYpvLNpBX_PLw!!.jpg,/Users/lazywords/Code/高卡紫相关/QQ群相册/机场休息室/images/V5bCQAzNzcxNDQ5OTYpvLNpBX_PLw!!.jpg,6岔路口[em]e327853[/em]矢泽兔熊,2026年03月13日 15:26,2025.03.13 LHR T3 BA Club Lounges 英国航空希思罗自营休息室 吃的不算差，整体空间其实有点小，热食基本靠热狗和印度菜顶,0,
275,V5bCQAzNzcxNDQ5OTYovLNpiDLbLw!!.jpg,/Users/lazywords/Code/高卡紫相关/QQ群相册/机场休息室/images/V5bCQAzNzcxNDQ5OTYovLNpiDLbLw!!.jpg,6岔路口[em]e327853[/em]矢泽兔熊,2026年03月13日 15:26,2025.03.13 LHR T3 BA Club Lounges 英国航空希思罗自营休息室 吃的不算差，整体空间其实有点小，热食基本靠热狗和印度菜顶,0,
276,V5bCQAzNzcxNDQ5OTYnvLNpPVrgLw!!.jpg,/Users/lazywords/Code/高卡紫相关/QQ群相册/机场休息室/images/V5bCQAzNzcxNDQ5OTYnvLNpPVrgLw!!.jpg,6岔路口[em]e327853[/em]矢泽兔熊,2026年03月13日 15:26,2025.03.13 LHR T3 BA Club Lounges 英国航空希思罗自营休息室 吃的不算差，整体空间其实有点小，热食基本靠热狗和印度菜顶,0,
277,V5bCQAzNzcxNDQ5OTYmvLNpVIPmLw!!.jpg,/Users/lazywords/Code/高卡紫相关/QQ群相册/机场休息室/images/V5bCQAzNzcxNDQ5OTYmvLNpVIPmLw!!.jpg,6岔路口[em]e327853[/em]矢泽兔熊,2026年03月13日 15:26,2025.03.13 LHR T3 BA Club Lounges 英国航空希思罗自营休息室 吃的不算差，整体空间其实有点小，热食基本靠热狗和印度菜顶,0,
278,V5bCQAzNzcxNDQ5OTYlvLNpyMj2Lw!!.jpg,/Users/lazywords/Code/高卡紫相关/QQ群相册/机场休息室/images/V5bCQAzNzcxNDQ5OTYlvLNpyMj2Lw!!.jpg,6岔路口[em]e327853[/em]矢泽兔熊,2026年03月13日 15:26,2025.03.13 LHR T3 BA Club Lounges 英国航空希思罗自营休息室 吃的不算差，整体空间其实有点小，热食基本靠热狗和印度菜顶,0,
279,V5bCQAzNzcxNDQ5OTYkvLNpPAkYMA!!.jpg,/Users/lazywords/Code/高卡紫相关/QQ群相册/机场休息室/images/V5bCQAzNzcxNDQ5OTYkvLNpPAkYMA!!.jpg,6岔路口[em]e327853[/em]矢泽兔熊,2026年03月13日 15:26,2025.03.13 LHR T3 BA Club Lounges 英国航空希思罗自营休息室 吃的不算差，整体空间其实有点小，热食基本靠热狗和印度菜顶,0,
280,V5bCQAzNzcxNDQ5OTYjvLNpJKQPMA!!.jpg,/Users/lazywords/Code/高卡紫相关/QQ群相册/机场休息室/images/V5bCQAzNzcxNDQ5OTYjvLNpJKQPMA!!.jpg,6岔路口[em]e327853[/em]矢泽兔熊,2026年03月13日 15:26,2025.03.13 LHR T3 BA Club Lounges 英国航空希思罗自营休息室 吃的不算差，整体空间其实有点小，热食基本靠热狗和印度菜顶,0,
281,V5bCQAzNzcxNDQ5OTYivLNpgQQVMA!!.jpg,/Users/lazywords/Code/高卡紫相关/QQ群相册/机场休息室/images/V5bCQAzNzcxNDQ5OTYivLNpgQQVMA!!.jpg,6岔路口[em]e327853[/em]矢泽兔熊,2026年03月13日 15:26,2025.03.13 LHR T3 BA Club Lounges 英国航空希思罗自营休息室 吃的不算差，整体空间其实有点小，热食基本靠热狗和印度菜顶,0,
282,V5bCQAzNzcxNDQ5OTYhvLNpHl8nMA!!.jpg,/Users/lazywords/Code/高卡紫相关/QQ群相册/机场休息室/images/V5bCQAzNzcxNDQ5OTYhvLNpHl8nMA!!.jpg,6岔路口[em]e327853[/em]矢泽兔熊,2026年03月13日 15:26,2025.03.13 LHR T3 BA Club Lounges 英国航空希思罗自营休息室 吃的不算差，整体空间其实有点小，热食基本靠热狗和印度菜顶,0,
283,V5bCQAzNzcxNDQ5OTYgvLNpgFYuMA!!.jpg,/Users/lazywords/Code/高卡紫相关/QQ群相册/机场休息室/images/V5bCQAzNzcxNDQ5OTYgvLNpgFYuMA!!.jpg,6岔路口[em]e327853[/em]矢泽兔熊,2026年03月13日 15:26,2025.03.13 LHR T3 BA Club Lounges 英国航空希思罗自营休息室 吃的不算差，整体空间其实有点小，热食基本靠热狗和印度菜顶,0,
284,V5bCQAzNzcxNDQ5OTYfvLNpvUIzMA!!.jpg,/Users/lazywords/Code/高卡紫相关/QQ群相册/机场休息室/images/V5bCQAzNzcxNDQ5OTYfvLNpvUIzMA!!.jpg,6岔路口[em]e327853[/em]矢泽兔熊,2026年03月13日 15:26,2025.03.13 LHR T3 BA Club Lounges 英国航空希思罗自营休息室 吃的不算差，整体空间其实有点小，热食基本靠热狗和印度菜顶,0,
285,V5bCQAzNzcxNDQ5OTZcu7NpyHE4Iw!!.jpg,/Users/lazywords/Code/高卡紫相关/QQ群相册/机场休息室/images/V5bCQAzNzcxNDQ5OTZcu7NpyHE4Iw!!.jpg,6岔路口[em]e327853[/em]矢泽兔熊,2026年03月13日 15:23,2025.02.25 西班牙马拉加机场AGP 忘了是UX还是PP能进的休息室了，很大很空，几乎没有热餐，冷餐倒是不少,0,
286,V5bCQAzNzcxNDQ5OTZbu7Npk.5HIw!!,/Users/lazywords/Code/高卡紫相关/QQ群相册/机场休息室/images/V5bCQAzNzcxNDQ5OTZbu7Npk.5HIw!!,6岔路口[em]e327853[/em]矢泽兔熊,2026年03月13日 15:23,2025.02.25 西班牙马拉加机场AGP 忘了是UX还是PP能进的休息室了，很大很空，几乎没有热餐，冷餐倒是不少,0,
287,V5bCQAzNzcxNDQ5OTZau7Npb745Iw!!.jpg,/Users/lazywords/Code/高卡紫相关/QQ群相册/机场休息室/images/V5bCQAzNzcxNDQ5OTZau7Npb745Iw!!.jpg,6岔路口[em]e327853[/em]矢泽兔熊,2026年03月13日 15:23,2025.02.25 西班牙马拉加机场AGP 忘了是UX还是PP能进的休息室了，很大很空，几乎没有热餐，冷餐倒是不少,0,
288,V5bCQAzNzcxNDQ5OTZZu7NpBhJeIw!!.jpg,/Users/lazywords/Code/高卡紫相关/QQ群相册/机场休息室/images/V5bCQAzNzcxNDQ5OTZZu7NpBhJeIw!!.jpg,6岔路口[em]e327853[/em]矢泽兔熊,2026年03月13日 15:23,2025.02.25 西班牙马拉加机场AGP 忘了是UX还是PP能进的休息室了，很大很空，几乎没有热餐，冷餐倒是不少,0,
289,V5bCQAzNzcxNDQ5OTZYu7Np3fZJIw!!.jpg,/Users/lazywords/Code/高卡紫相关/QQ群相册/机场休息室/images/V5bCQAzNzcxNDQ5OTZYu7Np3fZJIw!!.jpg,6岔路口[em]e327853[/em]矢泽兔熊,2026年03月13日 15:23,2025.02.25 西班牙马拉加机场AGP 忘了是UX还是PP能进的休息室了，很大很空，几乎没有热餐，冷餐倒是不少,0,
290,V5bCQAzNzcxNDQ5OTZXu7NpFIp2Iw!!.jpg,/Users/lazywords/Code/高卡紫相关/QQ群相册/机场休息室/images/V5bCQAzNzcxNDQ5OTZXu7NpFIp2Iw!!.jpg,6岔路口[em]e327853[/em]矢泽兔熊,2026年03月13日 15:23,2025.02.25 西班牙马拉加机场AGP 忘了是UX还是PP能进的休息室了，很大很空，几乎没有热餐，冷餐倒是不少,0,
291,V5bCQAzNzcxNDQ5OTZnurNpnPSvFA!!.jpg,/Users/lazywords/Code/高卡紫相关/QQ群相册/机场休息室/images/V5bCQAzNzcxNDQ5OTZnurNpnPSvFA!!.jpg,6岔路口[em]e327853[/em]矢泽兔熊,2026年03月13日 15:19,2025.05.10 2024.09.29 北京大兴机场的南航厦航自营休息室，没怎么拍，但有的时候有人卷烤鸭，虽然烤鸭烤的不咋地，但好吃。,0,
292,V5bCQAzNzcxNDQ5OTZmurNp2eymFA!!.jpg,/Users/lazywords/Code/高卡紫相关/QQ群相册/机场休息室/images/V5bCQAzNzcxNDQ5OTZmurNp2eymFA!!.jpg,6岔路口[em]e327853[/em]矢泽兔熊,2026年03月13日 15:19,2025.05.10 2024.09.29 北京大兴机场的南航厦航自营休息室，没怎么拍，但有的时候有人卷烤鸭，虽然烤鸭烤的不咋地，但好吃。,0,
293,V5bCQAzNzcxNDQ5OTZlurNpJo6sFA!!.jpg,/Users/lazywords/Code/高卡紫相关/QQ群相册/机场休息室/images/V5bCQAzNzcxNDQ5OTZlurNpJo6sFA!!.jpg,6岔路口[em]e327853[/em]矢泽兔熊,2026年03月13日 15:19,2025.05.10 2024.09.29 北京大兴机场的南航厦航自营休息室，没怎么拍，但有的时候有人卷烤鸭，虽然烤鸭烤的不咋地，但好吃。,0,
294,V5bCQAzNzcxNDQ5OTZkurNpbo_XFA!!.jpg,/Users/lazywords/Code/高卡紫相关/QQ群相册/机场休息室/images/V5bCQAzNzcxNDQ5OTZkurNpbo_XFA!!.jpg,6岔路口[em]e327853[/em]矢泽兔熊,2026年03月13日 15:19,2025.05.10 2024.09.29 北京大兴机场的南航厦航自营休息室，没怎么拍，但有的时候有人卷烤鸭，虽然烤鸭烤的不咋地，但好吃。,0,
295,V5bCQAzNzcxNDQ5OTZjurNptg7VFA!!.jpg,/Users/lazywords/Code/高卡紫相关/QQ群相册/机场休息室/images/V5bCQAzNzcxNDQ5OTZjurNptg7VFA!!.jpg,6岔路口[em]e327853[/em]矢泽兔熊,2026年03月13日 15:18,2025.05.10 2024.09.29 北京大兴机场的南航厦航自营休息室，没怎么拍，但有的时候有人卷烤鸭，虽然烤鸭烤的不咋地，但好吃。,0,
296,V5bCQAzNzcxNDQ5OTZiurNp5t_PFA!!.jpg,/Users/lazywords/Code/高卡紫相关/QQ群相册/机场休息室/images/V5bCQAzNzcxNDQ5OTZiurNp5t_PFA!!.jpg,6岔路口[em]e327853[/em]矢泽兔熊,2026年03月13日 15:18,2025.05.10 2024.09.29 北京大兴机场的南航厦航自营休息室，没怎么拍，但有的时候有人卷烤鸭，虽然烤鸭烤的不咋地，但好吃。,0,
297,V5bCQAzNzcxNDQ5OTZhurNp0n34FA!!.jpg,/Users/lazywords/Code/高卡紫相关/QQ群相册/机场休息室/images/V5bCQAzNzcxNDQ5OTZhurNp0n34FA!!.jpg,6岔路口[em]e327853[/em]矢泽兔熊,2026年03月13日 15:18,2025.05.10 2024.09.29 北京大兴机场的南航厦航自营休息室，没怎么拍，但有的时候有人卷烤鸭，虽然烤鸭烤的不咋地，但好吃。,0,
298,V5bCQAzNzcxNDQ5OTZgurNpGsQNFQ!!.jpg,/Users/lazywords/Code/高卡紫相关/QQ群相册/机场休息室/images/V5bCQAzNzcxNDQ5OTZgurNpGsQNFQ!!.jpg,6岔路口[em]e327853[/em]矢泽兔熊,2026年03月13日 15:18,2025.05.10 2024.09.29 北京大兴机场的南航厦航自营休息室，没怎么拍，但有的时候有人卷烤鸭，虽然烤鸭烤的不咋地，但好吃。,0,
299,V5bCQAzNzcxNDQ5OTbhuLNpi6_7OA!!.jpg,/Users/lazywords/Code/高卡紫相关/QQ群相册/机场休息室/images/V5bCQAzNzcxNDQ5OTbhuLNpi6_7OA!!.jpg,6岔路口[em]e327853[/em]矢泽兔熊,2026年03月13日 15:12,2025.04.15 HKG Chase Sapphire Lounge休息室，餐不如AmEx的，水果好不少，比Plaza Premium的好，好在可以带人,0,
300,V5bCQAzNzcxNDQ5OTbguLNpeC_1OA!!.jpg,/Users/lazywords/Code/高卡紫相关/QQ群相册/机场休息室/images/V5bCQAzNzcxNDQ5OTbguLNpeC_1OA!!.jpg,6岔路口[em]e327853[/em]矢泽兔熊,2026年03月13日 15:12,2025.04.15 HKG Chase Sapphire Lounge休息室，餐不如AmEx的，水果好不少，比Plaza Premium的好，好在可以带人,0,
301,V5bCQAzNzcxNDQ5OTbfuLNpT2T9OA!!.jpg,/Users/lazywords/Code/高卡紫相关/QQ群相册/机场休息室/images/V5bCQAzNzcxNDQ5OTbfuLNpT2T9OA!!.jpg,6岔路口[em]e327853[/em]矢泽兔熊,2026年03月13日 15:12,2025.04.15 HKG Chase Sapphire Lounge休息室，餐不如AmEx的，水果好不少，比Plaza Premium的好，好在可以带人,0,
302,V5bCQAzNzcxNDQ5OTbeuLNpht0LOQ!!.jpg,/Users/lazywords/Code/高卡紫相关/QQ群相册/机场休息室/images/V5bCQAzNzcxNDQ5OTbeuLNpht0LOQ!!.jpg,6岔路口[em]e327853[/em]矢泽兔熊,2026年03月13日 15:12,2025.04.15 HKG Chase Sapphire Lounge休息室，餐不如AmEx的，水果好不少，比Plaza Premium的好，好在可以带人,0,
303,V5bCQAzNzcxNDQ5OTbduLNpe1IUOQ!!.jpg,/Users/lazywords/Code/高卡紫相关/QQ群相册/机场休息室/images/V5bCQAzNzcxNDQ5OTbduLNpe1IUOQ!!.jpg,6岔路口[em]e327853[/em]矢泽兔熊,2026年03月13日 15:12,2025.04.15 HKG Chase Sapphire Lounge休息室，餐不如AmEx的，水果好不少，比Plaza Premium的好，好在可以带人,0,
304,V5bCQAzNzcxNDQ5OTb9tbNpg2AUDQ!!.jpg,/Users/lazywords/Code/高卡紫相关/QQ群相册/机场休息室/images/V5bCQAzNzcxNDQ5OTb9tbNpg2AUDQ!!.jpg,6岔路口[em]e327853[/em]矢泽兔熊,2026年03月13日 15:00,2026.01.10 西班牙马德里机场 MADT4，申根内出发区域，伊比利亚航空IB自营休息室，寰宇一家蓝宝石可用。 总的来说作为申根内休息室是非常良心的，饮料种类很丰富，热食种类还行够吃但不算很丰富，水果也非常多样，装修风格也很现代。给饮料提前准备的冰块很牛。,0,
305,V5bCQAzNzcxNDQ5OTb8tbNpYeT1DA!!.jpg,/Users/lazywords/Code/高卡紫相关/QQ群相册/机场休息室/images/V5bCQAzNzcxNDQ5OTb8tbNpYeT1DA!!.jpg,6岔路口[em]e327853[/em]矢泽兔熊,2026年03月13日 15:00,2026.01.10 西班牙马德里机场 MADT4，申根内出发区域，伊比利亚航空IB自营休息室，寰宇一家蓝宝石可用。 总的来说作为申根内休息室是非常良心的，饮料种类很丰富，热食种类还行够吃但不算很丰富，水果也非常多样，装修风格也很现代。给饮料提前准备的冰块很牛。,0,
306,V5bCQAzNzcxNDQ5OTb7tbNpjuPdDA!!.jpg,/Users/lazywords/Code/高卡紫相关/QQ群相册/机场休息室/images/V5bCQAzNzcxNDQ5OTb7tbNpjuPdDA!!.jpg,6岔路口[em]e327853[/em]矢泽兔熊,2026年03月13日 15:00,2026.01.10 西班牙马德里机场 MADT4，申根内出发区域，伊比利亚航空IB自营休息室，寰宇一家蓝宝石可用。 总的来说作为申根内休息室是非常良心的，饮料种类很丰富，热食种类还行够吃但不算很丰富，水果也非常多样，装修风格也很现代。给饮料提前准备的冰块很牛。,0,
307,V5bCQAzNzcxNDQ5OTb6tbNpdufvDA!!.jpg,/Users/lazywords/Code/高卡紫相关/QQ群相册/机场休息室/images/V5bCQAzNzcxNDQ5OTb6tbNpdufvDA!!.jpg,6岔路口[em]e327853[/em]矢泽兔熊,2026年03月13日 15:00,2026.01.10 西班牙马德里机场 MADT4，申根内出发区域，伊比利亚航空IB自营休息室，寰宇一家蓝宝石可用。 总的来说作为申根内休息室是非常良心的，饮料种类很丰富，热食种类还行够吃但不算很丰富，水果也非常多样，装修风格也很现代。给饮料提前准备的冰块很牛。,0,
308,V5bCQAzNzcxNDQ5OTb5tbNpapUIDQ!!.jpg,/Users/lazywords/Code/高卡紫相关/QQ群相册/机场休息室/images/V5bCQAzNzcxNDQ5OTb5tbNpapUIDQ!!.jpg,6岔路口[em]e327853[/em]矢泽兔熊,2026年03月13日 15:00,2026.01.10 西班牙马德里机场 MADT4，申根内出发区域，伊比利亚航空IB自营休息室，寰宇一家蓝宝石可用。 总的来说作为申根内休息室是非常良心的，饮料种类很丰富，热食种类还行够吃但不算很丰富，水果也非常多样，装修风格也很现代。给饮料提前准备的冰块很牛。,0,
309,V5bCQAzNzcxNDQ5OTb4tbNpiUgnDQ!!.jpg,/Users/lazywords/Code/高卡紫相关/QQ群相册/机场休息室/images/V5bCQAzNzcxNDQ5OTb4tbNpiUgnDQ!!.jpg,6岔路口[em]e327853[/em]矢泽兔熊,2026年03月13日 15:00,2026.01.10 西班牙马德里机场 MADT4，申根内出发区域，伊比利亚航空IB自营休息室，寰宇一家蓝宝石可用。 总的来说作为申根内休息室是非常良心的，饮料种类很丰富，热食种类还行够吃但不算很丰富，水果也非常多样，装修风格也很现代。给饮料提前准备的冰块很牛。,0,
310,V5bCQAzNzcxNDQ5OTb3tbNpgmMvDQ!!.jpg,/Users/lazywords/Code/高卡紫相关/QQ群相册/机场休息室/images/V5bCQAzNzcxNDQ5OTb3tbNpgmMvDQ!!.jpg,6岔路口[em]e327853[/em]矢泽兔熊,2026年03月13日 15:00,2026.01.10 西班牙马德里机场 MADT4，申根内出发区域，伊比利亚航空IB自营休息室，寰宇一家蓝宝石可用。 总的来说作为申根内休息室是非常良心的，饮料种类很丰富，热食种类还行够吃但不算很丰富，水果也非常多样，装修风格也很现代。给饮料提前准备的冰块很牛。,0,
311,V5bCQAzNzcxNDQ5OTb2tbNpvCdNDQ!!.jpg,/Users/lazywords/Code/高卡紫相关/QQ群相册/机场休息室/images/V5bCQAzNzcxNDQ5OTb2tbNpvCdNDQ!!.jpg,6岔路口[em]e327853[/em]矢泽兔熊,2026年03月13日 15:00,2026.01.10 西班牙马德里机场 MADT4，申根内出发区域，伊比利亚航空IB自营休息室，寰宇一家蓝宝石可用。 总的来说作为申根内休息室是非常良心的，饮料种类很丰富，热食种类还行够吃但不算很丰富，水果也非常多样，装修风格也很现代。给饮料提前准备的冰块很牛。,0,
312,V5bCQAzNzcxNDQ5OTb1tbNp1bhXDQ!!.jpg,/Users/lazywords/Code/高卡紫相关/QQ群相册/机场休息室/images/V5bCQAzNzcxNDQ5OTb1tbNp1bhXDQ!!.jpg,6岔路口[em]e327853[/em]矢泽兔熊,2026年03月13日 15:00,2026.01.10 西班牙马德里机场 MADT4，申根内出发区域，伊比利亚航空IB自营休息室，寰宇一家蓝宝石可用。 总的来说作为申根内休息室是非常良心的，饮料种类很丰富，热食种类还行够吃但不算很丰富，水果也非常多样，装修风格也很现代。给饮料提前准备的冰块很牛。,0,
313,V5bCQAzNzcxNDQ5OTb0tbNpB.JIDQ!!,/Users/lazywords/Code/高卡紫相关/QQ群相册/机场休息室/images/V5bCQAzNzcxNDQ5OTb0tbNpB.JIDQ!!,6岔路口[em]e327853[/em]矢泽兔熊,2026年03月13日 15:00,2026.01.10 西班牙马德里机场 MADT4，申根内出发区域，伊比利亚航空IB自营休息室，寰宇一家蓝宝石可用。 总的来说作为申根内休息室是非常良心的，饮料种类很丰富，热食种类还行够吃但不算很丰富，水果也非常多样，装修风格也很现代。给饮料提前准备的冰块很牛。,0,
314,V5bCQAzNzcxNDQ5OTbztbNpdY5fDQ!!.jpg,/Users/lazywords/Code/高卡紫相关/QQ群相册/机场休息室/images/V5bCQAzNzcxNDQ5OTbztbNpdY5fDQ!!.jpg,6岔路口[em]e327853[/em]矢泽兔熊,2026年03月13日 15:00,2026.01.10 西班牙马德里机场 MADT4，申根内出发区域，伊比利亚航空IB自营休息室，寰宇一家蓝宝石可用。 总的来说作为申根内休息室是非常良心的，饮料种类很丰富，热食种类还行够吃但不算很丰富，水果也非常多样，装修风格也很现代。给饮料提前准备的冰块很牛。,0,
315,V5bCQAzNzcxNDQ5OTbytbNpk0F8DQ!!.jpg,/Users/lazywords/Code/高卡紫相关/QQ群相册/机场休息室/images/V5bCQAzNzcxNDQ5OTbytbNpk0F8DQ!!.jpg,6岔路口[em]e327853[/em]矢泽兔熊,2026年03月13日 15:00,2026.01.10 西班牙马德里机场 MADT4，申根内出发区域，伊比利亚航空IB自营休息室，寰宇一家蓝宝石可用。 总的来说作为申根内休息室是非常良心的，饮料种类很丰富，热食种类还行够吃但不算很丰富，水果也非常多样，装修风格也很现代。给饮料提前准备的冰块很牛。,0,
316,V5bCQAzNzcxNDQ5OTbxtbNpROh5DQ!!.jpg,/Users/lazywords/Code/高卡紫相关/QQ群相册/机场休息室/images/V5bCQAzNzcxNDQ5OTbxtbNpROh5DQ!!.jpg,6岔路口[em]e327853[/em]矢泽兔熊,2026年03月13日 15:00,2026.01.10 西班牙马德里机场 MADT4，申根内出发区域，伊比利亚航空IB自营休息室，寰宇一家蓝宝石可用。 总的来说作为申根内休息室是非常良心的，饮料种类很丰富，热食种类还行够吃但不算很丰富，水果也非常多样，装修风格也很现代。给饮料提前准备的冰块很牛。,0,
317,V5bCQAzNzcxNDQ5OTbwtbNp3qeGDQ!!.jpg,/Users/lazywords/Code/高卡紫相关/QQ群相册/机场休息室/images/V5bCQAzNzcxNDQ5OTbwtbNp3qeGDQ!!.jpg,6岔路口[em]e327853[/em]矢泽兔熊,2026年03月13日 15:00,2026.01.10 西班牙马德里机场 MADT4，申根内出发区域，伊比利亚航空IB自营休息室，寰宇一家蓝宝石可用。 总的来说作为申根内休息室是非常良心的，饮料种类很丰富，热食种类还行够吃但不算很丰富，水果也非常多样，装修风格也很现代。给饮料提前准备的冰块很牛。,0,
318,V5bCQAzNzcxNDQ5OTbvtbNpIQ6RDQ!!.jpg,/Users/lazywords/Code/高卡紫相关/QQ群相册/机场休息室/images/V5bCQAzNzcxNDQ5OTbvtbNpIQ6RDQ!!.jpg,6岔路口[em]e327853[/em]矢泽兔熊,2026年03月13日 14:59,2026.01.10 西班牙马德里机场 MADT4，申根内出发区域，伊比利亚航空IB自营休息室，寰宇一家蓝宝石可用。 总的来说作为申根内休息室是非常良心的，饮料种类很丰富，热食种类还行够吃但不算很丰富，水果也非常多样，装修风格也很现代。给饮料提前准备的冰块很牛。,0,
319,V5bCQAzNzcxNDQ5OTbmtLNp6pbYNw!!.jpg,/Users/lazywords/Code/高卡紫相关/QQ群相册/机场休息室/images/V5bCQAzNzcxNDQ5OTbmtLNp6pbYNw!!.jpg,6岔路口[em]e327853[/em]矢泽兔熊,2026年03月13日 14:55,2026.01.17 北欧航空在CPH哥本哈根机场的自营休息室 休息室装修的还可以，餐食一般但还不差，软饮不错但做了防打包设计。考虑到哥本哈根的极端抽象的物价和机场餐食的更抽象的物价，只能说吃一口赚一口。,0,
320,V5bCQAzNzcxNDQ5OTbltLNpOP3SNw!!.jpg,/Users/lazywords/Code/高卡紫相关/QQ群相册/机场休息室/images/V5bCQAzNzcxNDQ5OTbltLNpOP3SNw!!.jpg,6岔路口[em]e327853[/em]矢泽兔熊,2026年03月13日 14:55,2026.01.17 北欧航空在CPH哥本哈根机场的自营休息室 休息室装修的还可以，餐食一般但还不差，软饮不错但做了防打包设计。考虑到哥本哈根的极端抽象的物价和机场餐食的更抽象的物价，只能说吃一口赚一口。,0,
321,V5bCQAzNzcxNDQ5OTbktLNp_0jUNw!!.jpg,/Users/lazywords/Code/高卡紫相关/QQ群相册/机场休息室/images/V5bCQAzNzcxNDQ5OTbktLNp_0jUNw!!.jpg,6岔路口[em]e327853[/em]矢泽兔熊,2026年03月13日 14:55,2026.01.17 北欧航空在CPH哥本哈根机场的自营休息室 休息室装修的还可以，餐食一般但还不差，软饮不错但做了防打包设计。考虑到哥本哈根的极端抽象的物价和机场餐食的更抽象的物价，只能说吃一口赚一口。,0,
322,V5bCQAzNzcxNDQ5OTbjtLNp2f3qNw!!.jpg,/Users/lazywords/Code/高卡紫相关/QQ群相册/机场休息室/images/V5bCQAzNzcxNDQ5OTbjtLNp2f3qNw!!.jpg,6岔路口[em]e327853[/em]矢泽兔熊,2026年03月13日 14:55,2026.01.17 北欧航空在CPH哥本哈根机场的自营休息室 休息室装修的还可以，餐食一般但还不差，软饮不错但做了防打包设计。考虑到哥本哈根的极端抽象的物价和机场餐食的更抽象的物价，只能说吃一口赚一口。,0,
323,V5bCQAzNzcxNDQ5OTbitLNpypHrNw!!.jpg,/Users/lazywords/Code/高卡紫相关/QQ群相册/机场休息室/images/V5bCQAzNzcxNDQ5OTbitLNpypHrNw!!.jpg,6岔路口[em]e327853[/em]矢泽兔熊,2026年03月13日 14:55,2026.01.17 北欧航空在CPH哥本哈根机场的自营休息室 休息室装修的还可以，餐食一般但还不差，软饮不错但做了防打包设计。考虑到哥本哈根的极端抽象的物价和机场餐食的更抽象的物价，只能说吃一口赚一口。,0,
324,V5bCQAzNzcxNDQ5OTbhtLNpFlruNw!!.jpg,/Users/lazywords/Code/高卡紫相关/QQ群相册/机场休息室/images/V5bCQAzNzcxNDQ5OTbhtLNpFlruNw!!.jpg,6岔路口[em]e327853[/em]矢泽兔熊,2026年03月13日 14:55,2026.01.17 北欧航空在CPH哥本哈根机场的自营休息室 休息室装修的还可以，餐食一般但还不差，软饮不错但做了防打包设计。考虑到哥本哈根的极端抽象的物价和机场餐食的更抽象的物价，只能说吃一口赚一口。,0,
325,V5bCQAzNzcxNDQ5OTbgtLNpf2j.Nw!!,/Users/lazywords/Code/高卡紫相关/QQ群相册/机场休息室/images/V5bCQAzNzcxNDQ5OTbgtLNpf2j.Nw!!,6岔路口[em]e327853[/em]矢泽兔熊,2026年03月13日 14:55,2026.01.17 北欧航空在CPH哥本哈根机场的自营休息室 休息室装修的还可以，餐食一般但还不差，软饮不错但做了防打包设计。考虑到哥本哈根的极端抽象的物价和机场餐食的更抽象的物价，只能说吃一口赚一口。,0,
326,V5bCQAzNzcxNDQ5OTbftLNpgI0AOA!!.jpg,/Users/lazywords/Code/高卡紫相关/QQ群相册/机场休息室/images/V5bCQAzNzcxNDQ5OTbftLNpgI0AOA!!.jpg,6岔路口[em]e327853[/em]矢泽兔熊,2026年03月13日 14:55,2026.01.17 北欧航空在CPH哥本哈根机场的自营休息室 休息室装修的还可以，餐食一般但还不差，软饮不错但做了防打包设计。考虑到哥本哈根的极端抽象的物价和机场餐食的更抽象的物价，只能说吃一口赚一口。,0,
327,V5bCQAzNzcxNDQ5OTbetLNpmCMMOA!!.jpg,/Users/lazywords/Code/高卡紫相关/QQ群相册/机场休息室/images/V5bCQAzNzcxNDQ5OTbetLNpmCMMOA!!.jpg,6岔路口[em]e327853[/em]矢泽兔熊,2026年03月13日 14:55,2026.01.17 北欧航空在CPH哥本哈根机场的自营休息室 休息室装修的还可以，餐食一般但还不差，软饮不错但做了防打包设计。考虑到哥本哈根的极端抽象的物价和机场餐食的更抽象的物价，只能说吃一口赚一口。,0,
328,V5bCQAzNzcxNDQ5OTbdtLNpoe0POA!!.jpg,/Users/lazywords/Code/高卡紫相关/QQ群相册/机场休息室/images/V5bCQAzNzcxNDQ5OTbdtLNpoe0POA!!.jpg,6岔路口[em]e327853[/em]矢泽兔熊,2026年03月13日 14:55,2026.01.17 北欧航空在CPH哥本哈根机场的自营休息室 休息室装修的还可以，餐食一般但还不差，软饮不错但做了防打包设计。考虑到哥本哈根的极端抽象的物价和机场餐食的更抽象的物价，只能说吃一口赚一口。,0,
329,V5bCQAzNzcxNDQ5OTbctLNpZXkQOA!!.jpg,/Users/lazywords/Code/高卡紫相关/QQ群相册/机场休息室/images/V5bCQAzNzcxNDQ5OTbctLNpZXkQOA!!.jpg,6岔路口[em]e327853[/em]矢泽兔熊,2026年03月13日 14:55,2026.01.17 北欧航空在CPH哥本哈根机场的自营休息室 休息室装修的还可以，餐食一般但还不差，软饮不错但做了防打包设计。考虑到哥本哈根的极端抽象的物价和机场餐食的更抽象的物价，只能说吃一口赚一口。,0,
330,V5bCQAzNzcxNDQ5OTbbtLNp_KIiOA!!.jpg,/Users/lazywords/Code/高卡紫相关/QQ群相册/机场休息室/images/V5bCQAzNzcxNDQ5OTbbtLNp_KIiOA!!.jpg,6岔路口[em]e327853[/em]矢泽兔熊,2026年03月13日 14:55,2026.01.17 北欧航空在CPH哥本哈根机场的自营休息室 休息室装修的还可以，餐食一般但还不差，软饮不错但做了防打包设计。考虑到哥本哈根的极端抽象的物价和机场餐食的更抽象的物价，只能说吃一口赚一口。,0,
331,V5bCQAzNzcxNDQ5OTaLsrNpx8_kEw!!.jpg,/Users/lazywords/Code/高卡紫相关/QQ群相册/机场休息室/images/V5bCQAzNzcxNDQ5OTaLsrNpx8_kEw!!.jpg,6岔路口[em]e327853[/em]矢泽兔熊,2026年03月13日 14:45,2025.06.20 北京大兴国际机场 国际港澳台出发区 V05 东航自营休息室 我草我忘了拍了。 炸酱面不错，景观很好，吃的其实也不少，整体氛围还行，就是稍小了点，但考虑到大兴的国际线吞吐量目前没有这么大，还可以,0,
332,V5bCQAzNzcxNDQ5OTaKsrNpNmzsEw!!.jpg,/Users/lazywords/Code/高卡紫相关/QQ群相册/机场休息室/images/V5bCQAzNzcxNDQ5OTaKsrNpNmzsEw!!.jpg,6岔路口[em]e327853[/em]矢泽兔熊,2026年03月13日 14:45,2025.06.20 北京大兴国际机场 国际港澳台出发区 V05 东航自营休息室 我草我忘了拍了。 炸酱面不错，景观很好，吃的其实也不少，整体氛围还行，就是稍小了点，但考虑到大兴的国际线吞吐量目前没有这么大，还可以,0,
333,V5bCQAzNzcxNDQ5OTaJsrNpVU_nEw!!.jpg,/Users/lazywords/Code/高卡紫相关/QQ群相册/机场休息室/images/V5bCQAzNzcxNDQ5OTaJsrNpVU_nEw!!.jpg,6岔路口[em]e327853[/em]矢泽兔熊,2026年03月13日 14:45,2025.06.20 北京大兴国际机场 国际港澳台出发区 V05 东航自营休息室 我草我忘了拍了。 炸酱面不错，景观很好，吃的其实也不少，整体氛围还行，就是稍小了点，但考虑到大兴的国际线吞吐量目前没有这么大，还可以,0,
334,V5bCQAzNzcxNDQ5OTaIsrNp.cz8Ew!!,/Users/lazywords/Code/高卡紫相关/QQ群相册/机场休息室/images/V5bCQAzNzcxNDQ5OTaIsrNp.cz8Ew!!,6岔路口[em]e327853[/em]矢泽兔熊,2026年03月13日 14:45,2025.06.20 北京大兴国际机场 国际港澳台出发区 V05 东航自营休息室 我草我忘了拍了。 炸酱面不错，景观很好，吃的其实也不少，整体氛围还行，就是稍小了点，但考虑到大兴的国际线吞吐量目前没有这么大，还可以,0,
335,V5bCQAzNzcxNDQ5OTaTsbNp83EZBQ!!.jpg,/Users/lazywords/Code/高卡紫相关/QQ群相册/机场休息室/images/V5bCQAzNzcxNDQ5OTaTsbNp83EZBQ!!.jpg,6岔路口[em]e327853[/em]矢泽兔熊,2026年03月13日 14:41,2025.11.26 2026.02.28 2026.03.06 伦敦希思罗LHR T4 Plaza Premium休息室 除了沙特航空以外的T4出发的亚欧大陆地区的天合联盟航班似乎都用这个休息室，北美方向和维珍系似乎不走t4，南航东航和好像可能存在的厦航的希思罗航线也是用这个休息室的。 总体来讲就是信用卡休息室的常见水平，无功无过，没有显著扣分项，装修水平还不错，至少知道用面光源。淋浴设施有，但是没有体验，出港高峰人挤人，但不至于完全找不到座。 位置上的缺点就是和亚欧地区的长途航线的登机口比较接近，但是和欧陆目的地法荷航集团的登机口相距比较远，踩点的话基本上就没多少时间吃了。 随便找口热的吃的解决一下在物价奇高的伦敦的能量缺乏问题还是勉强可用。,0,
336,V5bCQAzNzcxNDQ5OTaSsbNpF0UiBQ!!.jpg,/Users/lazywords/Code/高卡紫相关/QQ群相册/机场休息室/images/V5bCQAzNzcxNDQ5OTaSsbNpF0UiBQ!!.jpg,6岔路口[em]e327853[/em]矢泽兔熊,2026年03月13日 14:41,2025.11.26 2026.02.28 2026.03.06 伦敦希思罗LHR T4 Plaza Premium休息室 除了沙特航空以外的T4出发的亚欧大陆地区的天合联盟航班似乎都用这个休息室，北美方向和维珍系似乎不走t4，南航东航和好像可能存在的厦航的希思罗航线也是用这个休息室的。 总体来讲就是信用卡休息室的常见水平，无功无过，没有显著扣分项，装修水平还不错，至少知道用面光源。淋浴设施有，但是没有体验，出港高峰人挤人，但不至于完全找不到座。 位置上的缺点就是和亚欧地区的长途航线的登机口比较接近，但是和欧陆目的地法荷航集团的登机口相距比较远，踩点的话基本上就没多少时间吃了。 随便找口热的吃的解决一下在物价奇高的伦敦的能量缺乏问题还是勉强可用。,0,
337,V5bCQAzNzcxNDQ5OTaRsbNpWxwaBQ!!.jpg,/Users/lazywords/Code/高卡紫相关/QQ群相册/机场休息室/images/V5bCQAzNzcxNDQ5OTaRsbNpWxwaBQ!!.jpg,6岔路口[em]e327853[/em]矢泽兔熊,2026年03月13日 14:41,2025.11.26 2026.02.28 2026.03.06 伦敦希思罗LHR T4 Plaza Premium休息室 除了沙特航空以外的T4出发的亚欧大陆地区的天合联盟航班似乎都用这个休息室，北美方向和维珍系似乎不走t4，南航东航和好像可能存在的厦航的希思罗航线也是用这个休息室的。 总体来讲就是信用卡休息室的常见水平，无功无过，没有显著扣分项，装修水平还不错，至少知道用面光源。淋浴设施有，但是没有体验，出港高峰人挤人，但不至于完全找不到座。 位置上的缺点就是和亚欧地区的长途航线的登机口比较接近，但是和欧陆目的地法荷航集团的登机口相距比较远，踩点的话基本上就没多少时间吃了。 随便找口热的吃的解决一下在物价奇高的伦敦的能量缺乏问题还是勉强可用。,0,
338,V5bCQAzNzcxNDQ5OTaQsbNpLMUoBQ!!.jpg,/Users/lazywords/Code/高卡紫相关/QQ群相册/机场休息室/images/V5bCQAzNzcxNDQ5OTaQsbNpLMUoBQ!!.jpg,6岔路口[em]e327853[/em]矢泽兔熊,2026年03月13日 14:41,2025.11.26 2026.02.28 2026.03.06 伦敦希思罗LHR T4 Plaza Premium休息室 除了沙特航空以外的T4出发的亚欧大陆地区的天合联盟航班似乎都用这个休息室，北美方向和维珍系似乎不走t4，南航东航和好像可能存在的厦航的希思罗航线也是用这个休息室的。 总体来讲就是信用卡休息室的常见水平，无功无过，没有显著扣分项，装修水平还不错，至少知道用面光源。淋浴设施有，但是没有体验，出港高峰人挤人，但不至于完全找不到座。 位置上的缺点就是和亚欧地区的长途航线的登机口比较接近，但是和欧陆目的地法荷航集团的登机口相距比较远，踩点的话基本上就没多少时间吃了。 随便找口热的吃的解决一下在物价奇高的伦敦的能量缺乏问题还是勉强可用。,0,
339,V5bCQAzNzcxNDQ5OTaPsbNp2BwsBQ!!.jpg,/Users/lazywords/Code/高卡紫相关/QQ群相册/机场休息室/images/V5bCQAzNzcxNDQ5OTaPsbNp2BwsBQ!!.jpg,6岔路口[em]e327853[/em]矢泽兔熊,2026年03月13日 14:41,2025.11.26 2026.02.28 2026.03.06 伦敦希思罗LHR T4 Plaza Premium休息室 除了沙特航空以外的T4出发的亚欧大陆地区的天合联盟航班似乎都用这个休息室，北美方向和维珍系似乎不走t4，南航东航和好像可能存在的厦航的希思罗航线也是用这个休息室的。 总体来讲就是信用卡休息室的常见水平，无功无过，没有显著扣分项，装修水平还不错，至少知道用面光源。淋浴设施有，但是没有体验，出港高峰人挤人，但不至于完全找不到座。 位置上的缺点就是和亚欧地区的长途航线的登机口比较接近，但是和欧陆目的地法荷航集团的登机口相距比较远，踩点的话基本上就没多少时间吃了。 随便找口热的吃的解决一下在物价奇高的伦敦的能量缺乏问题还是勉强可用。,0,
340,V5bCQAzNzcxNDQ5OTaOsbNpugY_BQ!!.jpg,/Users/lazywords/Code/高卡紫相关/QQ群相册/机场休息室/images/V5bCQAzNzcxNDQ5OTaOsbNpugY_BQ!!.jpg,6岔路口[em]e327853[/em]矢泽兔熊,2026年03月13日 14:41,2025.11.26 2026.02.28 2026.03.06 伦敦希思罗LHR T4 Plaza Premium休息室 除了沙特航空以外的T4出发的亚欧大陆地区的天合联盟航班似乎都用这个休息室，北美方向和维珍系似乎不走t4，南航东航和好像可能存在的厦航的希思罗航线也是用这个休息室的。 总体来讲就是信用卡休息室的常见水平，无功无过，没有显著扣分项，装修水平还不错，至少知道用面光源。淋浴设施有，但是没有体验，出港高峰人挤人，但不至于完全找不到座。 位置上的缺点就是和亚欧地区的长途航线的登机口比较接近，但是和欧陆目的地法荷航集团的登机口相距比较远，踩点的话基本上就没多少时间吃了。 随便找口热的吃的解决一下在物价奇高的伦敦的能量缺乏问题还是勉强可用。,0,
341,V5bCQAzNzcxNDQ5OTaNsbNpocA9BQ!!.jpg,/Users/lazywords/Code/高卡紫相关/QQ群相册/机场休息室/images/V5bCQAzNzcxNDQ5OTaNsbNpocA9BQ!!.jpg,6岔路口[em]e327853[/em]矢泽兔熊,2026年03月13日 14:41,2025.11.26 2026.02.28 2026.03.06 伦敦希思罗LHR T4 Plaza Premium休息室 除了沙特航空以外的T4出发的亚欧大陆地区的天合联盟航班似乎都用这个休息室，北美方向和维珍系似乎不走t4，南航东航和好像可能存在的厦航的希思罗航线也是用这个休息室的。 总体来讲就是信用卡休息室的常见水平，无功无过，没有显著扣分项，装修水平还不错，至少知道用面光源。淋浴设施有，但是没有体验，出港高峰人挤人，但不至于完全找不到座。 位置上的缺点就是和亚欧地区的长途航线的登机口比较接近，但是和欧陆目的地法荷航集团的登机口相距比较远，踩点的话基本上就没多少时间吃了。 随便找口热的吃的解决一下在物价奇高的伦敦的能量缺乏问题还是勉强可用。,0,
342,V5bCQAzNzcxNDQ5OTaMsbNp4w5GBQ!!.jpg,/Users/lazywords/Code/高卡紫相关/QQ群相册/机场休息室/images/V5bCQAzNzcxNDQ5OTaMsbNp4w5GBQ!!.jpg,6岔路口[em]e327853[/em]矢泽兔熊,2026年03月13日 14:41,2025.11.26 2026.02.28 2026.03.06 伦敦希思罗LHR T4 Plaza Premium休息室 除了沙特航空以外的T4出发的亚欧大陆地区的天合联盟航班似乎都用这个休息室，北美方向和维珍系似乎不走t4，南航东航和好像可能存在的厦航的希思罗航线也是用这个休息室的。 总体来讲就是信用卡休息室的常见水平，无功无过，没有显著扣分项，装修水平还不错，至少知道用面光源。淋浴设施有，但是没有体验，出港高峰人挤人，但不至于完全找不到座。 位置上的缺点就是和亚欧地区的长途航线的登机口比较接近，但是和欧陆目的地法荷航集团的登机口相距比较远，踩点的话基本上就没多少时间吃了。 随便找口热的吃的解决一下在物价奇高的伦敦的能量缺乏问题还是勉强可用。,0,
343,V5bCQAzNzcxNDQ5OTaLsbNpJUpSBQ!!.jpg,/Users/lazywords/Code/高卡紫相关/QQ群相册/机场休息室/images/V5bCQAzNzcxNDQ5OTaLsbNpJUpSBQ!!.jpg,6岔路口[em]e327853[/em]矢泽兔熊,2026年03月13日 14:41,2025.11.26 2026.02.28 2026.03.06 伦敦希思罗LHR T4 Plaza Premium休息室 除了沙特航空以外的T4出发的亚欧大陆地区的天合联盟航班似乎都用这个休息室，北美方向和维珍系似乎不走t4，南航东航和好像可能存在的厦航的希思罗航线也是用这个休息室的。 总体来讲就是信用卡休息室的常见水平，无功无过，没有显著扣分项，装修水平还不错，至少知道用面光源。淋浴设施有，但是没有体验，出港高峰人挤人，但不至于完全找不到座。 位置上的缺点就是和亚欧地区的长途航线的登机口比较接近，但是和欧陆目的地法荷航集团的登机口相距比较远，踩点的话基本上就没多少时间吃了。 随便找口热的吃的解决一下在物价奇高的伦敦的能量缺乏问题还是勉强可用。,0,
344,V5bCQAzNzcxNDQ5OTbVr7Np3xslJg!!.jpg,/Users/lazywords/Code/高卡紫相关/QQ群相册/机场休息室/images/V5bCQAzNzcxNDQ5OTbVr7Np3xslJg!!.jpg,6岔路口[em]e327853[/em]矢泽兔熊,2026年03月13日 14:33,2026.03.09 厦门航空厦门高崎机场国内线2号休息室 踩点玩家几乎在此地只待了十分钟，也没有好好拍图。 吃的还不错，卤肉饭，沙茶面，这套老生常谈的东西发挥的一如既往的好，基础的碳水果汁饮料这些东西和国际线休息室是一样的，跟国际线休息室相比少了一些西式冷盘。尽管年内高崎机场就要退出运营了，但这个休息室还是维护的很新，并没有说因为今年不用了就不做任何更新。,0,
345,V5bCQAzNzcxNDQ5OTbUr7NpOgMgJg!!.jpg,/Users/lazywords/Code/高卡紫相关/QQ群相册/机场休息室/images/V5bCQAzNzcxNDQ5OTbUr7NpOgMgJg!!.jpg,6岔路口[em]e327853[/em]矢泽兔熊,2026年03月13日 14:33,2026.03.09 厦门航空厦门高崎机场国内线2号休息室 踩点玩家几乎在此地只待了十分钟，也没有好好拍图。 吃的还不错，卤肉饭，沙茶面，这套老生常谈的东西发挥的一如既往的好，基础的碳水果汁饮料这些东西和国际线休息室是一样的，跟国际线休息室相比少了一些西式冷盘。尽管年内高崎机场就要退出运营了，但这个休息室还是维护的很新，并没有说因为今年不用了就不做任何更新。,0,
346,V5bCQAzNzcxNDQ5OTbTr7NpR60gJg!!.jpg,/Users/lazywords/Code/高卡紫相关/QQ群相册/机场休息室/images/V5bCQAzNzcxNDQ5OTbTr7NpR60gJg!!.jpg,6岔路口[em]e327853[/em]矢泽兔熊,2026年03月13日 14:33,2026.03.09 厦门航空厦门高崎机场国内线2号休息室 踩点玩家几乎在此地只待了十分钟，也没有好好拍图。 吃的还不错，卤肉饭，沙茶面，这套老生常谈的东西发挥的一如既往的好，基础的碳水果汁饮料这些东西和国际线休息室是一样的，跟国际线休息室相比少了一些西式冷盘。尽管年内高崎机场就要退出运营了，但这个休息室还是维护的很新，并没有说因为今年不用了就不做任何更新。,0,
347,V5bCQAzNzcxNDQ5OTbSr7NpM.0_Jg!!,/Users/lazywords/Code/高卡紫相关/QQ群相册/机场休息室/images/V5bCQAzNzcxNDQ5OTbSr7NpM.0_Jg!!,6岔路口[em]e327853[/em]矢泽兔熊,2026年03月13日 14:33,2026.03.09 厦门航空厦门高崎机场国内线2号休息室 踩点玩家几乎在此地只待了十分钟，也没有好好拍图。 吃的还不错，卤肉饭，沙茶面，这套老生常谈的东西发挥的一如既往的好，基础的碳水果汁饮料这些东西和国际线休息室是一样的，跟国际线休息室相比少了一些西式冷盘。尽管年内高崎机场就要退出运营了，但这个休息室还是维护的很新，并没有说因为今年不用了就不做任何更新。,0,
348,V5bCQAzNzcxNDQ5OTbRr7NpwUE7Jg!!.jpg,/Users/lazywords/Code/高卡紫相关/QQ群相册/机场休息室/images/V5bCQAzNzcxNDQ5OTbRr7NpwUE7Jg!!.jpg,6岔路口[em]e327853[/em]矢泽兔熊,2026年03月13日 14:33,2026.03.09 厦门航空厦门高崎机场国内线2号休息室 踩点玩家几乎在此地只待了十分钟，也没有好好拍图。 吃的还不错，卤肉饭，沙茶面，这套老生常谈的东西发挥的一如既往的好，基础的碳水果汁饮料这些东西和国际线休息室是一样的，跟国际线休息室相比少了一些西式冷盘。尽管年内高崎机场就要退出运营了，但这个休息室还是维护的很新，并没有说因为今年不用了就不做任何更新。,0,
349,V5bCQAzNzcxNDQ5OTbQr7NpxOxKJg!!.jpg,/Users/lazywords/Code/高卡紫相关/QQ群相册/机场休息室/images/V5bCQAzNzcxNDQ5OTbQr7NpxOxKJg!!.jpg,6岔路口[em]e327853[/em]矢泽兔熊,2026年03月13日 14:33,2026.03.09 厦门航空厦门高崎机场国内线2号休息室 踩点玩家几乎在此地只待了十分钟，也没有好好拍图。 吃的还不错，卤肉饭，沙茶面，这套老生常谈的东西发挥的一如既往的好，基础的碳水果汁饮料这些东西和国际线休息室是一样的，跟国际线休息室相比少了一些西式冷盘。尽管年内高崎机场就要退出运营了，但这个休息室还是维护的很新，并没有说因为今年不用了就不做任何更新。,0,
350,V5bCQAzNzcxNDQ5OTbPr7NpOtVjJg!!.jpg,/Users/lazywords/Code/高卡紫相关/QQ群相册/机场休息室/images/V5bCQAzNzcxNDQ5OTbPr7NpOtVjJg!!.jpg,6岔路口[em]e327853[/em]矢泽兔熊,2026年03月13日 14:33,2026.03.09 厦门航空厦门高崎机场国内线2号休息室 踩点玩家几乎在此地只待了十分钟，也没有好好拍图。 吃的还不错，卤肉饭，沙茶面，这套老生常谈的东西发挥的一如既往的好，基础的碳水果汁饮料这些东西和国际线休息室是一样的，跟国际线休息室相比少了一些西式冷盘。尽管年内高崎机场就要退出运营了，但这个休息室还是维护的很新，并没有说因为今年不用了就不做任何更新。,0,
351,V5bCQAzNzcxNDQ5OTbOr7NpWqhWJg!!.jpg,/Users/lazywords/Code/高卡紫相关/QQ群相册/机场休息室/images/V5bCQAzNzcxNDQ5OTbOr7NpWqhWJg!!.jpg,6岔路口[em]e327853[/em]矢泽兔熊,2026年03月13日 14:33,2026.03.09 厦门航空厦门高崎机场国内线2号休息室 踩点玩家几乎在此地只待了十分钟，也没有好好拍图。 吃的还不错，卤肉饭，沙茶面，这套老生常谈的东西发挥的一如既往的好，基础的碳水果汁饮料这些东西和国际线休息室是一样的，跟国际线休息室相比少了一些西式冷盘。尽管年内高崎机场就要退出运营了，但这个休息室还是维护的很新，并没有说因为今年不用了就不做任何更新。,0,
352,V5bCQAzNzcxNDQ5OTbNr7Np4EtvJg!!.jpg,/Users/lazywords/Code/高卡紫相关/QQ群相册/机场休息室/images/V5bCQAzNzcxNDQ5OTbNr7Np4EtvJg!!.jpg,6岔路口[em]e327853[/em]矢泽兔熊,2026年03月13日 14:33,2026.03.09 厦门航空厦门高崎机场国内线2号休息室 踩点玩家几乎在此地只待了十分钟，也没有好好拍图。 吃的还不错，卤肉饭，沙茶面，这套老生常谈的东西发挥的一如既往的好，基础的碳水果汁饮料这些东西和国际线休息室是一样的，跟国际线休息室相比少了一些西式冷盘。尽管年内高崎机场就要退出运营了，但这个休息室还是维护的很新，并没有说因为今年不用了就不做任何更新。,0,
353,V5bCQAzNzcxNDQ5OTaHq7Np2HAJIA!!.jpg,/Users/lazywords/Code/高卡紫相关/QQ群相册/机场休息室/images/V5bCQAzNzcxNDQ5OTaHq7Np2HAJIA!!.jpg,6岔路口[em]e327853[/em]矢泽兔熊,2026年03月13日 14:15,2026.03.10 PVG T2 浦东机场二号航站楼国际和港澳台出发区71号休息室，中国国际航空头等舱公务舱休息室。 区域和体量非常的大，软饮跟餐食的质量更是没得说，而且据说更新还算比较频繁，种类也非常的多，水甚至提供了5100，算是很好的了。 装修风格和整体的气质有点老派甚至老气，甚至还有商务中心这种上个时代的东西，休息空间相对吉祥来说是比较缺乏的，因为基本只有沙发，但是整体体验相当不错。 个人建议睡觉去吉祥，吃饭去国航。,0,
354,V5bCQAzNzcxNDQ5OTaGq7NpoEMNIA!!.jpg,/Users/lazywords/Code/高卡紫相关/QQ群相册/机场休息室/images/V5bCQAzNzcxNDQ5OTaGq7NpoEMNIA!!.jpg,6岔路口[em]e327853[/em]矢泽兔熊,2026年03月13日 14:15,2026.03.10 PVG T2 浦东机场二号航站楼国际和港澳台出发区71号休息室，中国国际航空头等舱公务舱休息室。 区域和体量非常的大，软饮跟餐食的质量更是没得说，而且据说更新还算比较频繁，种类也非常的多，水甚至提供了5100，算是很好的了。 装修风格和整体的气质有点老派甚至老气，甚至还有商务中心这种上个时代的东西，休息空间相对吉祥来说是比较缺乏的，因为基本只有沙发，但是整体体验相当不错。 个人建议睡觉去吉祥，吃饭去国航。,0,
355,V5bCQAzNzcxNDQ5OTaFq7Np84wKIA!!.jpg,/Users/lazywords/Code/高卡紫相关/QQ群相册/机场休息室/images/V5bCQAzNzcxNDQ5OTaFq7Np84wKIA!!.jpg,6岔路口[em]e327853[/em]矢泽兔熊,2026年03月13日 14:15,2026.03.10 PVG T2 浦东机场二号航站楼国际和港澳台出发区71号休息室，中国国际航空头等舱公务舱休息室。 区域和体量非常的大，软饮跟餐食的质量更是没得说，而且据说更新还算比较频繁，种类也非常的多，水甚至提供了5100，算是很好的了。 装修风格和整体的气质有点老派甚至老气，甚至还有商务中心这种上个时代的东西，休息空间相对吉祥来说是比较缺乏的，因为基本只有沙发，但是整体体验相当不错。 个人建议睡觉去吉祥，吃饭去国航。,0,
356,V5bCQAzNzcxNDQ5OTaEq7NpK3IhIA!!.jpg,/Users/lazywords/Code/高卡紫相关/QQ群相册/机场休息室/images/V5bCQAzNzcxNDQ5OTaEq7NpK3IhIA!!.jpg,6岔路口[em]e327853[/em]矢泽兔熊,2026年03月13日 14:15,2026.03.10 PVG T2 浦东机场二号航站楼国际和港澳台出发区71号休息室，中国国际航空头等舱公务舱休息室。 区域和体量非常的大，软饮跟餐食的质量更是没得说，而且据说更新还算比较频繁，种类也非常的多，水甚至提供了5100，算是很好的了。 装修风格和整体的气质有点老派甚至老气，甚至还有商务中心这种上个时代的东西，休息空间相对吉祥来说是比较缺乏的，因为基本只有沙发，但是整体体验相当不错。 个人建议睡觉去吉祥，吃饭去国航。,0,
357,V5bCQAzNzcxNDQ5OTaDq7NpIJ8bIA!!.jpg,/Users/lazywords/Code/高卡紫相关/QQ群相册/机场休息室/images/V5bCQAzNzcxNDQ5OTaDq7NpIJ8bIA!!.jpg,6岔路口[em]e327853[/em]矢泽兔熊,2026年03月13日 14:15,2026.03.10 PVG T2 浦东机场二号航站楼国际和港澳台出发区71号休息室，中国国际航空头等舱公务舱休息室。 区域和体量非常的大，软饮跟餐食的质量更是没得说，而且据说更新还算比较频繁，种类也非常的多，水甚至提供了5100，算是很好的了。 装修风格和整体的气质有点老派甚至老气，甚至还有商务中心这种上个时代的东西，休息空间相对吉祥来说是比较缺乏的，因为基本只有沙发，但是整体体验相当不错。 个人建议睡觉去吉祥，吃饭去国航。,0,
358,V5bCQAzNzcxNDQ5OTaCq7Np3WMiIA!!.jpg,/Users/lazywords/Code/高卡紫相关/QQ群相册/机场休息室/images/V5bCQAzNzcxNDQ5OTaCq7Np3WMiIA!!.jpg,6岔路口[em]e327853[/em]矢泽兔熊,2026年03月13日 14:15,2026.03.10 PVG T2 浦东机场二号航站楼国际和港澳台出发区71号休息室，中国国际航空头等舱公务舱休息室。 区域和体量非常的大，软饮跟餐食的质量更是没得说，而且据说更新还算比较频繁，种类也非常的多，水甚至提供了5100，算是很好的了。 装修风格和整体的气质有点老派甚至老气，甚至还有商务中心这种上个时代的东西，休息空间相对吉祥来说是比较缺乏的，因为基本只有沙发，但是整体体验相当不错。 个人建议睡觉去吉祥，吃饭去国航。,0,
359,V5bCQAzNzcxNDQ5OTaBq7NpMG0qIA!!.jpg,/Users/lazywords/Code/高卡紫相关/QQ群相册/机场休息室/images/V5bCQAzNzcxNDQ5OTaBq7NpMG0qIA!!.jpg,6岔路口[em]e327853[/em]矢泽兔熊,2026年03月13日 14:15,2026.03.10 PVG T2 浦东机场二号航站楼国际和港澳台出发区71号休息室，中国国际航空头等舱公务舱休息室。 区域和体量非常的大，软饮跟餐食的质量更是没得说，而且据说更新还算比较频繁，种类也非常的多，水甚至提供了5100，算是很好的了。 装修风格和整体的气质有点老派甚至老气，甚至还有商务中心这种上个时代的东西，休息空间相对吉祥来说是比较缺乏的，因为基本只有沙发，但是整体体验相当不错。 个人建议睡觉去吉祥，吃饭去国航。,0,
360,V5bCQAzNzcxNDQ5OTaAq7Nppqo3IA!!.jpg,/Users/lazywords/Code/高卡紫相关/QQ群相册/机场休息室/images/V5bCQAzNzcxNDQ5OTaAq7Nppqo3IA!!.jpg,6岔路口[em]e327853[/em]矢泽兔熊,2026年03月13日 14:15,2026.03.10 PVG T2 浦东机场二号航站楼国际和港澳台出发区71号休息室，中国国际航空头等舱公务舱休息室。 区域和体量非常的大，软饮跟餐食的质量更是没得说，而且据说更新还算比较频繁，种类也非常的多，水甚至提供了5100，算是很好的了。 装修风格和整体的气质有点老派甚至老气，甚至还有商务中心这种上个时代的东西，休息空间相对吉祥来说是比较缺乏的，因为基本只有沙发，但是整体体验相当不错。 个人建议睡觉去吉祥，吃饭去国航。,0,
361,V5bCQAzNzcxNDQ5OTZ_q7Npvlg2IA!!.jpg,/Users/lazywords/Code/高卡紫相关/QQ群相册/机场休息室/images/V5bCQAzNzcxNDQ5OTZ_q7Npvlg2IA!!.jpg,6岔路口[em]e327853[/em]矢泽兔熊,2026年03月13日 14:15,2026.03.10 PVG T2 浦东机场二号航站楼国际和港澳台出发区71号休息室，中国国际航空头等舱公务舱休息室。 区域和体量非常的大，软饮跟餐食的质量更是没得说，而且据说更新还算比较频繁，种类也非常的多，水甚至提供了5100，算是很好的了。 装修风格和整体的气质有点老派甚至老气，甚至还有商务中心这种上个时代的东西，休息空间相对吉祥来说是比较缺乏的，因为基本只有沙发，但是整体体验相当不错。 个人建议睡觉去吉祥，吃饭去国航。,0,
362,V5bCQAzNzcxNDQ5OTZ.q7NpKOhJIA!!,/Users/lazywords/Code/高卡紫相关/QQ群相册/机场休息室/images/V5bCQAzNzcxNDQ5OTZ.q7NpKOhJIA!!,6岔路口[em]e327853[/em]矢泽兔熊,2026年03月13日 14:15,2026.03.10 PVG T2 浦东机场二号航站楼国际和港澳台出发区71号休息室，中国国际航空头等舱公务舱休息室。 区域和体量非常的大，软饮跟餐食的质量更是没得说，而且据说更新还算比较频繁，种类也非常的多，水甚至提供了5100，算是很好的了。 装修风格和整体的气质有点老派甚至老气，甚至还有商务中心这种上个时代的东西，休息空间相对吉祥来说是比较缺乏的，因为基本只有沙发，但是整体体验相当不错。 个人建议睡觉去吉祥，吃饭去国航。,0,
363,V5bCQAzNzcxNDQ5OTZ9q7NpPxFOIA!!.jpg,/Users/lazywords/Code/高卡紫相关/QQ群相册/机场休息室/images/V5bCQAzNzcxNDQ5OTZ9q7NpPxFOIA!!.jpg,6岔路口[em]e327853[/em]矢泽兔熊,2026年03月13日 14:15,2026.03.10 PVG T2 浦东机场二号航站楼国际和港澳台出发区71号休息室，中国国际航空头等舱公务舱休息室。 区域和体量非常的大，软饮跟餐食的质量更是没得说，而且据说更新还算比较频繁，种类也非常的多，水甚至提供了5100，算是很好的了。 装修风格和整体的气质有点老派甚至老气，甚至还有商务中心这种上个时代的东西，休息空间相对吉祥来说是比较缺乏的，因为基本只有沙发，但是整体体验相当不错。 个人建议睡觉去吉祥，吃饭去国航。,0,
364,V5bCQAzNzcxNDQ5OTZ8q7NpetdIIA!!.jpg,/Users/lazywords/Code/高卡紫相关/QQ群相册/机场休息室/images/V5bCQAzNzcxNDQ5OTZ8q7NpetdIIA!!.jpg,6岔路口[em]e327853[/em]矢泽兔熊,2026年03月13日 14:15,2026.03.10 PVG T2 浦东机场二号航站楼国际和港澳台出发区71号休息室，中国国际航空头等舱公务舱休息室。 区域和体量非常的大，软饮跟餐食的质量更是没得说，而且据说更新还算比较频繁，种类也非常的多，水甚至提供了5100，算是很好的了。 装修风格和整体的气质有点老派甚至老气，甚至还有商务中心这种上个时代的东西，休息空间相对吉祥来说是比较缺乏的，因为基本只有沙发，但是整体体验相当不错。 个人建议睡觉去吉祥，吃饭去国航。,0,
365,V5bCQAzNzcxNDQ5OTZ7q7NpP2dlIA!!.jpg,/Users/lazywords/Code/高卡紫相关/QQ群相册/机场休息室/images/V5bCQAzNzcxNDQ5OTZ7q7NpP2dlIA!!.jpg,6岔路口[em]e327853[/em]矢泽兔熊,2026年03月13日 14:15,2026.03.10 PVG T2 浦东机场二号航站楼国际和港澳台出发区71号休息室，中国国际航空头等舱公务舱休息室。 区域和体量非常的大，软饮跟餐食的质量更是没得说，而且据说更新还算比较频繁，种类也非常的多，水甚至提供了5100，算是很好的了。 装修风格和整体的气质有点老派甚至老气，甚至还有商务中心这种上个时代的东西，休息空间相对吉祥来说是比较缺乏的，因为基本只有沙发，但是整体体验相当不错。 个人建议睡觉去吉祥，吃饭去国航。,0,
366,V5bCQAzNzcxNDQ5OTZ6q7NpnWtgIA!!.jpg,/Users/lazywords/Code/高卡紫相关/QQ群相册/机场休息室/images/V5bCQAzNzcxNDQ5OTZ6q7NpnWtgIA!!.jpg,6岔路口[em]e327853[/em]矢泽兔熊,2026年03月13日 14:15,2026.03.10 PVG T2 浦东机场二号航站楼国际和港澳台出发区71号休息室，中国国际航空头等舱公务舱休息室。 区域和体量非常的大，软饮跟餐食的质量更是没得说，而且据说更新还算比较频繁，种类也非常的多，水甚至提供了5100，算是很好的了。 装修风格和整体的气质有点老派甚至老气，甚至还有商务中心这种上个时代的东西，休息空间相对吉祥来说是比较缺乏的，因为基本只有沙发，但是整体体验相当不错。 个人建议睡觉去吉祥，吃饭去国航。,0,
367,V5bCQAzNzcxNDQ5OTZ5q7NpYRZyIA!!.jpg,/Users/lazywords/Code/高卡紫相关/QQ群相册/机场休息室/images/V5bCQAzNzcxNDQ5OTZ5q7NpYRZyIA!!.jpg,6岔路口[em]e327853[/em]矢泽兔熊,2026年03月13日 14:15,2026.03.10 PVG T2 浦东机场二号航站楼国际和港澳台出发区71号休息室，中国国际航空头等舱公务舱休息室。 区域和体量非常的大，软饮跟餐食的质量更是没得说，而且据说更新还算比较频繁，种类也非常的多，水甚至提供了5100，算是很好的了。 装修风格和整体的气质有点老派甚至老气，甚至还有商务中心这种上个时代的东西，休息空间相对吉祥来说是比较缺乏的，因为基本只有沙发，但是整体体验相当不错。 个人建议睡觉去吉祥，吃饭去国航。,0,
368,V5bCQAzNzcxNDQ5OTZ4q7Npgkl2IA!!.jpg,/Users/lazywords/Code/高卡紫相关/QQ群相册/机场休息室/images/V5bCQAzNzcxNDQ5OTZ4q7Npgkl2IA!!.jpg,6岔路口[em]e327853[/em]矢泽兔熊,2026年03月13日 14:15,2026.03.10 PVG T2 浦东机场二号航站楼国际和港澳台出发区71号休息室，中国国际航空头等舱公务舱休息室。 区域和体量非常的大，软饮跟餐食的质量更是没得说，而且据说更新还算比较频繁，种类也非常的多，水甚至提供了5100，算是很好的了。 装修风格和整体的气质有点老派甚至老气，甚至还有商务中心这种上个时代的东西，休息空间相对吉祥来说是比较缺乏的，因为基本只有沙发，但是整体体验相当不错。 个人建议睡觉去吉祥，吃饭去国航。,0,
369,V5bCQAzNzcxNDQ5OTZ3q7NpNph7IA!!.jpg,/Users/lazywords/Code/高卡紫相关/QQ群相册/机场休息室/images/V5bCQAzNzcxNDQ5OTZ3q7NpNph7IA!!.jpg,6岔路口[em]e327853[/em]矢泽兔熊,2026年03月13日 14:15,2026.03.10 PVG T2 浦东机场二号航站楼国际和港澳台出发区71号休息室，中国国际航空头等舱公务舱休息室。 区域和体量非常的大，软饮跟餐食的质量更是没得说，而且据说更新还算比较频繁，种类也非常的多，水甚至提供了5100，算是很好的了。 装修风格和整体的气质有点老派甚至老气，甚至还有商务中心这种上个时代的东西，休息空间相对吉祥来说是比较缺乏的，因为基本只有沙发，但是整体体验相当不错。 个人建议睡觉去吉祥，吃饭去国航。,0,
370,V5bCQAzNzcxNDQ5OTZ2q7NpVXqMIA!!.jpg,/Users/lazywords/Code/高卡紫相关/QQ群相册/机场休息室/images/V5bCQAzNzcxNDQ5OTZ2q7NpVXqMIA!!.jpg,6岔路口[em]e327853[/em]矢泽兔熊,2026年03月13日 14:15,2026.03.10 PVG T2 浦东机场二号航站楼国际和港澳台出发区71号休息室，中国国际航空头等舱公务舱休息室。 区域和体量非常的大，软饮跟餐食的质量更是没得说，而且据说更新还算比较频繁，种类也非常的多，水甚至提供了5100，算是很好的了。 装修风格和整体的气质有点老派甚至老气，甚至还有商务中心这种上个时代的东西，休息空间相对吉祥来说是比较缺乏的，因为基本只有沙发，但是整体体验相当不错。 个人建议睡觉去吉祥，吃饭去国航。,0,
371,V5bCQAzNzcxNDQ5OTZ1q7NpBzOOIA!!.jpg,/Users/lazywords/Code/高卡紫相关/QQ群相册/机场休息室/images/V5bCQAzNzcxNDQ5OTZ1q7NpBzOOIA!!.jpg,6岔路口[em]e327853[/em]矢泽兔熊,2026年03月13日 14:15,2026.03.10 PVG T2 浦东机场二号航站楼国际和港澳台出发区71号休息室，中国国际航空头等舱公务舱休息室。 区域和体量非常的大，软饮跟餐食的质量更是没得说，而且据说更新还算比较频繁，种类也非常的多，水甚至提供了5100，算是很好的了。 装修风格和整体的气质有点老派甚至老气，甚至还有商务中心这种上个时代的东西，休息空间相对吉祥来说是比较缺乏的，因为基本只有沙发，但是整体体验相当不错。 个人建议睡觉去吉祥，吃饭去国航。,0,
372,V5bCQAzNzcxNDQ5OTZ0q7NpLuWRIA!!.jpg,/Users/lazywords/Code/高卡紫相关/QQ群相册/机场休息室/images/V5bCQAzNzcxNDQ5OTZ0q7NpLuWRIA!!.jpg,6岔路口[em]e327853[/em]矢泽兔熊,2026年03月13日 14:15,2026.03.10 PVG T2 浦东机场二号航站楼国际和港澳台出发区71号休息室，中国国际航空头等舱公务舱休息室。 区域和体量非常的大，软饮跟餐食的质量更是没得说，而且据说更新还算比较频繁，种类也非常的多，水甚至提供了5100，算是很好的了。 装修风格和整体的气质有点老派甚至老气，甚至还有商务中心这种上个时代的东西，休息空间相对吉祥来说是比较缺乏的，因为基本只有沙发，但是整体体验相当不错。 个人建议睡觉去吉祥，吃饭去国航。,0,
373,V5bCQAzNzcxNDQ5OTZzq7Np8GymIA!!.jpg,/Users/lazywords/Code/高卡紫相关/QQ群相册/机场休息室/images/V5bCQAzNzcxNDQ5OTZzq7Np8GymIA!!.jpg,6岔路口[em]e327853[/em]矢泽兔熊,2026年03月13日 14:15,2026.03.10 PVG T2 浦东机场二号航站楼国际和港澳台出发区71号休息室，中国国际航空头等舱公务舱休息室。 区域和体量非常的大，软饮跟餐食的质量更是没得说，而且据说更新还算比较频繁，种类也非常的多，水甚至提供了5100，算是很好的了。 装修风格和整体的气质有点老派甚至老气，甚至还有商务中心这种上个时代的东西，休息空间相对吉祥来说是比较缺乏的，因为基本只有沙发，但是整体体验相当不错。 个人建议睡觉去吉祥，吃饭去国航。,0,
374,V5bCQAzNzcxNDQ5OTZyq7NpqzmhIA!!.jpg,/Users/lazywords/Code/高卡紫相关/QQ群相册/机场休息室/images/V5bCQAzNzcxNDQ5OTZyq7NpqzmhIA!!.jpg,6岔路口[em]e327853[/em]矢泽兔熊,2026年03月13日 14:15,2026.03.10 PVG T2 浦东机场二号航站楼国际和港澳台出发区71号休息室，中国国际航空头等舱公务舱休息室。 区域和体量非常的大，软饮跟餐食的质量更是没得说，而且据说更新还算比较频繁，种类也非常的多，水甚至提供了5100，算是很好的了。 装修风格和整体的气质有点老派甚至老气，甚至还有商务中心这种上个时代的东西，休息空间相对吉祥来说是比较缺乏的，因为基本只有沙发，但是整体体验相当不错。 个人建议睡觉去吉祥，吃饭去国航。,0,
375,V5bCQAzNzcxNDQ5OTZxq7NpELOwIA!!.jpg,/Users/lazywords/Code/高卡紫相关/QQ群相册/机场休息室/images/V5bCQAzNzcxNDQ5OTZxq7NpELOwIA!!.jpg,6岔路口[em]e327853[/em]矢泽兔熊,2026年03月13日 14:15,2026.03.10 PVG T2 浦东机场二号航站楼国际和港澳台出发区71号休息室，中国国际航空头等舱公务舱休息室。 区域和体量非常的大，软饮跟餐食的质量更是没得说，而且据说更新还算比较频繁，种类也非常的多，水甚至提供了5100，算是很好的了。 装修风格和整体的气质有点老派甚至老气，甚至还有商务中心这种上个时代的东西，休息空间相对吉祥来说是比较缺乏的，因为基本只有沙发，但是整体体验相当不错。 个人建议睡觉去吉祥，吃饭去国航。,0,
376,V5bCQAzNzcxNDQ5OTZwq7NpLri4IA!!.jpg,/Users/lazywords/Code/高卡紫相关/QQ群相册/机场休息室/images/V5bCQAzNzcxNDQ5OTZwq7NpLri4IA!!.jpg,6岔路口[em]e327853[/em]矢泽兔熊,2026年03月13日 14:15,2026.03.10 PVG T2 浦东机场二号航站楼国际和港澳台出发区71号休息室，中国国际航空头等舱公务舱休息室。 区域和体量非常的大，软饮跟餐食的质量更是没得说，而且据说更新还算比较频繁，种类也非常的多，水甚至提供了5100，算是很好的了。 装修风格和整体的气质有点老派甚至老气，甚至还有商务中心这种上个时代的东西，休息空间相对吉祥来说是比较缺乏的，因为基本只有沙发，但是整体体验相当不错。 个人建议睡觉去吉祥，吃饭去国航。,0,
377,V5bCQAzNzcxNDQ5OTZvq7NpG4i8IA!!.jpg,/Users/lazywords/Code/高卡紫相关/QQ群相册/机场休息室/images/V5bCQAzNzcxNDQ5OTZvq7NpG4i8IA!!.jpg,6岔路口[em]e327853[/em]矢泽兔熊,2026年03月13日 14:15,2026.03.10 PVG T2 浦东机场二号航站楼国际和港澳台出发区71号休息室，中国国际航空头等舱公务舱休息室。 区域和体量非常的大，软饮跟餐食的质量更是没得说，而且据说更新还算比较频繁，种类也非常的多，水甚至提供了5100，算是很好的了。 装修风格和整体的气质有点老派甚至老气，甚至还有商务中心这种上个时代的东西，休息空间相对吉祥来说是比较缺乏的，因为基本只有沙发，但是整体体验相当不错。 个人建议睡觉去吉祥，吃饭去国航。,0,
378,V5bCQAzNzcxNDQ5OTZuq7NpUILUIA!!.jpg,/Users/lazywords/Code/高卡紫相关/QQ群相册/机场休息室/images/V5bCQAzNzcxNDQ5OTZuq7NpUILUIA!!.jpg,6岔路口[em]e327853[/em]矢泽兔熊,2026年03月13日 14:15,2026.03.10 PVG T2 浦东机场二号航站楼国际和港澳台出发区71号休息室，中国国际航空头等舱公务舱休息室。 区域和体量非常的大，软饮跟餐食的质量更是没得说，而且据说更新还算比较频繁，种类也非常的多，水甚至提供了5100，算是很好的了。 装修风格和整体的气质有点老派甚至老气，甚至还有商务中心这种上个时代的东西，休息空间相对吉祥来说是比较缺乏的，因为基本只有沙发，但是整体体验相当不错。 个人建议睡觉去吉祥，吃饭去国航。,0,
379,V5bCQAzNzcxNDQ5OTZtq7NpOcjSIA!!.jpg,/Users/lazywords/Code/高卡紫相关/QQ群相册/机场休息室/images/V5bCQAzNzcxNDQ5OTZtq7NpOcjSIA!!.jpg,6岔路口[em]e327853[/em]矢泽兔熊,2026年03月13日 14:15,2026.03.10 PVG T2 浦东机场二号航站楼国际和港澳台出发区71号休息室，中国国际航空头等舱公务舱休息室。 区域和体量非常的大，软饮跟餐食的质量更是没得说，而且据说更新还算比较频繁，种类也非常的多，水甚至提供了5100，算是很好的了。 装修风格和整体的气质有点老派甚至老气，甚至还有商务中心这种上个时代的东西，休息空间相对吉祥来说是比较缺乏的，因为基本只有沙发，但是整体体验相当不错。 个人建议睡觉去吉祥，吃饭去国航。,0,
380,V5bCQAzNzcxNDQ5OTZsq7NpALPWIA!!.jpg,/Users/lazywords/Code/高卡紫相关/QQ群相册/机场休息室/images/V5bCQAzNzcxNDQ5OTZsq7NpALPWIA!!.jpg,6岔路口[em]e327853[/em]矢泽兔熊,2026年03月13日 14:15,2026.03.10 PVG T2 浦东机场二号航站楼国际和港澳台出发区71号休息室，中国国际航空头等舱公务舱休息室。 区域和体量非常的大，软饮跟餐食的质量更是没得说，而且据说更新还算比较频繁，种类也非常的多，水甚至提供了5100，算是很好的了。 装修风格和整体的气质有点老派甚至老气，甚至还有商务中心这种上个时代的东西，休息空间相对吉祥来说是比较缺乏的，因为基本只有沙发，但是整体体验相当不错。 个人建议睡觉去吉祥，吃饭去国航。,0,
381,V5bCQAzNzcxNDQ5OTZrq7NpvOrpIA!!.jpg,/Users/lazywords/Code/高卡紫相关/QQ群相册/机场休息室/images/V5bCQAzNzcxNDQ5OTZrq7NpvOrpIA!!.jpg,6岔路口[em]e327853[/em]矢泽兔熊,2026年03月13日 14:15,2026.03.10 PVG T2 浦东机场二号航站楼国际和港澳台出发区71号休息室，中国国际航空头等舱公务舱休息室。 区域和体量非常的大，软饮跟餐食的质量更是没得说，而且据说更新还算比较频繁，种类也非常的多，水甚至提供了5100，算是很好的了。 装修风格和整体的气质有点老派甚至老气，甚至还有商务中心这种上个时代的东西，休息空间相对吉祥来说是比较缺乏的，因为基本只有沙发，但是整体体验相当不错。 个人建议睡觉去吉祥，吃饭去国航。,0,
382,V5bCQAzNzcxNDQ5OTZqq7NpUaURIQ!!.jpg,/Users/lazywords/Code/高卡紫相关/QQ群相册/机场休息室/images/V5bCQAzNzcxNDQ5OTZqq7NpUaURIQ!!.jpg,6岔路口[em]e327853[/em]矢泽兔熊,2026年03月13日 14:15,2026.03.10 PVG T2 浦东机场二号航站楼国际和港澳台出发区71号休息室，中国国际航空头等舱公务舱休息室。 区域和体量非常的大，软饮跟餐食的质量更是没得说，而且据说更新还算比较频繁，种类也非常的多，水甚至提供了5100，算是很好的了。 装修风格和整体的气质有点老派甚至老气，甚至还有商务中心这种上个时代的东西，休息空间相对吉祥来说是比较缺乏的，因为基本只有沙发，但是整体体验相当不错。 个人建议睡觉去吉祥，吃饭去国航。,0,
383,V5bCQAzNzcxNDQ5OTZpq7NpNMvzIA!!.jpg,/Users/lazywords/Code/高卡紫相关/QQ群相册/机场休息室/images/V5bCQAzNzcxNDQ5OTZpq7NpNMvzIA!!.jpg,6岔路口[em]e327853[/em]矢泽兔熊,2026年03月13日 14:15,2026.03.10 PVG T2 浦东机场二号航站楼国际和港澳台出发区71号休息室，中国国际航空头等舱公务舱休息室。 区域和体量非常的大，软饮跟餐食的质量更是没得说，而且据说更新还算比较频繁，种类也非常的多，水甚至提供了5100，算是很好的了。 装修风格和整体的气质有点老派甚至老气，甚至还有商务中心这种上个时代的东西，休息空间相对吉祥来说是比较缺乏的，因为基本只有沙发，但是整体体验相当不错。 个人建议睡觉去吉祥，吃饭去国航。,0,
384,V5bCQAzNzcxNDQ5OTZoq7NpuUX4IA!!.jpg,/Users/lazywords/Code/高卡紫相关/QQ群相册/机场休息室/images/V5bCQAzNzcxNDQ5OTZoq7NpuUX4IA!!.jpg,6岔路口[em]e327853[/em]矢泽兔熊,2026年03月13日 14:15,2026.03.10 PVG T2 浦东机场二号航站楼国际和港澳台出发区71号休息室，中国国际航空头等舱公务舱休息室。 区域和体量非常的大，软饮跟餐食的质量更是没得说，而且据说更新还算比较频繁，种类也非常的多，水甚至提供了5100，算是很好的了。 装修风格和整体的气质有点老派甚至老气，甚至还有商务中心这种上个时代的东西，休息空间相对吉祥来说是比较缺乏的，因为基本只有沙发，但是整体体验相当不错。 个人建议睡觉去吉祥，吃饭去国航。,0,
385,V5bCQAzNzcxNDQ5OTaUqrNp9tyPEQ!!.jpg,/Users/lazywords/Code/高卡紫相关/QQ群相册/机场休息室/images/V5bCQAzNzcxNDQ5OTaUqrNp9tyPEQ!!.jpg,6岔路口[em]e327853[/em]矢泽兔熊,2026年03月13日 14:11,2026.03.10 PVG T2 浦东机场T2国际港澳台出发区72号吉祥航空休息室 饮料还是挺有吉祥的特色的，很多吉祥自家产品。 半镂空状态，采光其实非常不错，手机拍出来有点发绿，但实际上装修用料还是可以的。 吃的这方面没有国航休息室那么好，但是种类还算丰富。乘坐汉莎集团航班国航和吉祥两个休息室都可以用，其他星空联盟成员的情况并不清楚。,0,
386,V5bCQAzNzcxNDQ5OTaTqrNptTmUEQ!!.jpg,/Users/lazywords/Code/高卡紫相关/QQ群相册/机场休息室/images/V5bCQAzNzcxNDQ5OTaTqrNptTmUEQ!!.jpg,6岔路口[em]e327853[/em]矢泽兔熊,2026年03月13日 14:11,2026.03.10 PVG T2 浦东机场T2国际港澳台出发区72号吉祥航空休息室 饮料还是挺有吉祥的特色的，很多吉祥自家产品。 半镂空状态，采光其实非常不错，手机拍出来有点发绿，但实际上装修用料还是可以的。 吃的这方面没有国航休息室那么好，但是种类还算丰富。乘坐汉莎集团航班国航和吉祥两个休息室都可以用，其他星空联盟成员的情况并不清楚。,0,
387,V5bCQAzNzcxNDQ5OTaSqrNpGJuiEQ!!.jpg,/Users/lazywords/Code/高卡紫相关/QQ群相册/机场休息室/images/V5bCQAzNzcxNDQ5OTaSqrNpGJuiEQ!!.jpg,6岔路口[em]e327853[/em]矢泽兔熊,2026年03月13日 14:11,2026.03.10 PVG T2 浦东机场T2国际港澳台出发区72号吉祥航空休息室 饮料还是挺有吉祥的特色的，很多吉祥自家产品。 半镂空状态，采光其实非常不错，手机拍出来有点发绿，但实际上装修用料还是可以的。 吃的这方面没有国航休息室那么好，但是种类还算丰富。乘坐汉莎集团航班国航和吉祥两个休息室都可以用，其他星空联盟成员的情况并不清楚。,0,
388,V5bCQAzNzcxNDQ5OTaRqrNp9jOoEQ!!.jpg,/Users/lazywords/Code/高卡紫相关/QQ群相册/机场休息室/images/V5bCQAzNzcxNDQ5OTaRqrNp9jOoEQ!!.jpg,6岔路口[em]e327853[/em]矢泽兔熊,2026年03月13日 14:11,2026.03.10 PVG T2 浦东机场T2国际港澳台出发区72号吉祥航空休息室 饮料还是挺有吉祥的特色的，很多吉祥自家产品。 半镂空状态，采光其实非常不错，手机拍出来有点发绿，但实际上装修用料还是可以的。 吃的这方面没有国航休息室那么好，但是种类还算丰富。乘坐汉莎集团航班国航和吉祥两个休息室都可以用，其他星空联盟成员的情况并不清楚。,0,
389,V5bCQAzNzcxNDQ5OTaQqrNp8XilEQ!!.jpg,/Users/lazywords/Code/高卡紫相关/QQ群相册/机场休息室/images/V5bCQAzNzcxNDQ5OTaQqrNp8XilEQ!!.jpg,6岔路口[em]e327853[/em]矢泽兔熊,2026年03月13日 14:11,2026.03.10 PVG T2 浦东机场T2国际港澳台出发区72号吉祥航空休息室 饮料还是挺有吉祥的特色的，很多吉祥自家产品。 半镂空状态，采光其实非常不错，手机拍出来有点发绿，但实际上装修用料还是可以的。 吃的这方面没有国航休息室那么好，但是种类还算丰富。乘坐汉莎集团航班国航和吉祥两个休息室都可以用，其他星空联盟成员的情况并不清楚。,0,
390,V5bCQAzNzcxNDQ5OTaPqrNpjmG9EQ!!.jpg,/Users/lazywords/Code/高卡紫相关/QQ群相册/机场休息室/images/V5bCQAzNzcxNDQ5OTaPqrNpjmG9EQ!!.jpg,6岔路口[em]e327853[/em]矢泽兔熊,2026年03月13日 14:11,2026.03.10 PVG T2 浦东机场T2国际港澳台出发区72号吉祥航空休息室 饮料还是挺有吉祥的特色的，很多吉祥自家产品。 半镂空状态，采光其实非常不错，手机拍出来有点发绿，但实际上装修用料还是可以的。 吃的这方面没有国航休息室那么好，但是种类还算丰富。乘坐汉莎集团航班国航和吉祥两个休息室都可以用，其他星空联盟成员的情况并不清楚。,0,
391,V5bCQAzNzcxNDQ5OTaOqrNp7.HDEQ!!,/Users/lazywords/Code/高卡紫相关/QQ群相册/机场休息室/images/V5bCQAzNzcxNDQ5OTaOqrNp7.HDEQ!!,6岔路口[em]e327853[/em]矢泽兔熊,2026年03月13日 14:11,2026.03.10 PVG T2 浦东机场T2国际港澳台出发区72号吉祥航空休息室 饮料还是挺有吉祥的特色的，很多吉祥自家产品。 半镂空状态，采光其实非常不错，手机拍出来有点发绿，但实际上装修用料还是可以的。 吃的这方面没有国航休息室那么好，但是种类还算丰富。乘坐汉莎集团航班国航和吉祥两个休息室都可以用，其他星空联盟成员的情况并不清楚。,0,
392,V5bCQAzNzcxNDQ5OTaNqrNplgvVEQ!!.jpg,/Users/lazywords/Code/高卡紫相关/QQ群相册/机场休息室/images/V5bCQAzNzcxNDQ5OTaNqrNplgvVEQ!!.jpg,6岔路口[em]e327853[/em]矢泽兔熊,2026年03月13日 14:11,2026.03.10 PVG T2 浦东机场T2国际港澳台出发区72号吉祥航空休息室 饮料还是挺有吉祥的特色的，很多吉祥自家产品。 半镂空状态，采光其实非常不错，手机拍出来有点发绿，但实际上装修用料还是可以的。 吃的这方面没有国航休息室那么好，但是种类还算丰富。乘坐汉莎集团航班国航和吉祥两个休息室都可以用，其他星空联盟成员的情况并不清楚。,0,
393,V5bCQAzNzcxNDQ5OTaMqrNp.NbhEQ!!,/Users/lazywords/Code/高卡紫相关/QQ群相册/机场休息室/images/V5bCQAzNzcxNDQ5OTaMqrNp.NbhEQ!!,6岔路口[em]e327853[/em]矢泽兔熊,2026年03月13日 14:11,2026.03.10 PVG T2 浦东机场T2国际港澳台出发区72号吉祥航空休息室 饮料还是挺有吉祥的特色的，很多吉祥自家产品。 半镂空状态，采光其实非常不错，手机拍出来有点发绿，但实际上装修用料还是可以的。 吃的这方面没有国航休息室那么好，但是种类还算丰富。乘坐汉莎集团航班国航和吉祥两个休息室都可以用，其他星空联盟成员的情况并不清楚。,0,
394,V5bCQAzNzcxNDQ5OTaLqrNpw0biEQ!!.jpg,/Users/lazywords/Code/高卡紫相关/QQ群相册/机场休息室/images/V5bCQAzNzcxNDQ5OTaLqrNpw0biEQ!!.jpg,6岔路口[em]e327853[/em]矢泽兔熊,2026年03月13日 14:11,2026.03.10 PVG T2 浦东机场T2国际港澳台出发区72号吉祥航空休息室 饮料还是挺有吉祥的特色的，很多吉祥自家产品。 半镂空状态，采光其实非常不错，手机拍出来有点发绿，但实际上装修用料还是可以的。 吃的这方面没有国航休息室那么好，但是种类还算丰富。乘坐汉莎集团航班国航和吉祥两个休息室都可以用，其他星空联盟成员的情况并不清楚。,0,
395,V5bCQAzNzcxNDQ5OTaKqrNpGhL_EQ!!.jpg,/Users/lazywords/Code/高卡紫相关/QQ群相册/机场休息室/images/V5bCQAzNzcxNDQ5OTaKqrNpGhL_EQ!!.jpg,6岔路口[em]e327853[/em]矢泽兔熊,2026年03月13日 14:11,2026.03.10 PVG T2 浦东机场T2国际港澳台出发区72号吉祥航空休息室 饮料还是挺有吉祥的特色的，很多吉祥自家产品。 半镂空状态，采光其实非常不错，手机拍出来有点发绿，但实际上装修用料还是可以的。 吃的这方面没有国航休息室那么好，但是种类还算丰富。乘坐汉莎集团航班国航和吉祥两个休息室都可以用，其他星空联盟成员的情况并不清楚。,0,
396,V5bCQAzNzcxNDQ5OTaJqrNpie_.EQ!!,/Users/lazywords/Code/高卡紫相关/QQ群相册/机场休息室/images/V5bCQAzNzcxNDQ5OTaJqrNpie_.EQ!!,6岔路口[em]e327853[/em]矢泽兔熊,2026年03月13日 14:11,2026.03.10 PVG T2 浦东机场T2国际港澳台出发区72号吉祥航空休息室 饮料还是挺有吉祥的特色的，很多吉祥自家产品。 半镂空状态，采光其实非常不错，手机拍出来有点发绿，但实际上装修用料还是可以的。 吃的这方面没有国航休息室那么好，但是种类还算丰富。乘坐汉莎集团航班国航和吉祥两个休息室都可以用，其他星空联盟成员的情况并不清楚。,0,
397,V5bCQAzNzcxNDQ5OTaIqrNpSQgGEg!!.jpg,/Users/lazywords/Code/高卡紫相关/QQ群相册/机场休息室/images/V5bCQAzNzcxNDQ5OTaIqrNpSQgGEg!!.jpg,6岔路口[em]e327853[/em]矢泽兔熊,2026年03月13日 14:11,2026.03.10 PVG T2 浦东机场T2国际港澳台出发区72号吉祥航空休息室 饮料还是挺有吉祥的特色的，很多吉祥自家产品。 半镂空状态，采光其实非常不错，手机拍出来有点发绿，但实际上装修用料还是可以的。 吃的这方面没有国航休息室那么好，但是种类还算丰富。乘坐汉莎集团航班国航和吉祥两个休息室都可以用，其他星空联盟成员的情况并不清楚。,0,
398,V5bCQAzNzcxNDQ5OTaHqrNpDsgdEg!!.jpg,/Users/lazywords/Code/高卡紫相关/QQ群相册/机场休息室/images/V5bCQAzNzcxNDQ5OTaHqrNpDsgdEg!!.jpg,6岔路口[em]e327853[/em]矢泽兔熊,2026年03月13日 14:11,2026.03.10 PVG T2 浦东机场T2国际港澳台出发区72号吉祥航空休息室 饮料还是挺有吉祥的特色的，很多吉祥自家产品。 半镂空状态，采光其实非常不错，手机拍出来有点发绿，但实际上装修用料还是可以的。 吃的这方面没有国航休息室那么好，但是种类还算丰富。乘坐汉莎集团航班国航和吉祥两个休息室都可以用，其他星空联盟成员的情况并不清楚。,0,
399,V5bCQAzNzcxNDQ5OTaGqrNp4l8YEg!!.jpg,/Users/lazywords/Code/高卡紫相关/QQ群相册/机场休息室/images/V5bCQAzNzcxNDQ5OTaGqrNp4l8YEg!!.jpg,6岔路口[em]e327853[/em]矢泽兔熊,2026年03月13日 14:11,2026.03.10 PVG T2 浦东机场T2国际港澳台出发区72号吉祥航空休息室 饮料还是挺有吉祥的特色的，很多吉祥自家产品。 半镂空状态，采光其实非常不错，手机拍出来有点发绿，但实际上装修用料还是可以的。 吃的这方面没有国航休息室那么好，但是种类还算丰富。乘坐汉莎集团航班国航和吉祥两个休息室都可以用，其他星空联盟成员的情况并不清楚。,0,
400,V5bCQAzNzcxNDQ5OTaFqrNpi3UoEg!!.jpg,/Users/lazywords/Code/高卡紫相关/QQ群相册/机场休息室/images/V5bCQAzNzcxNDQ5OTaFqrNpi3UoEg!!.jpg,6岔路口[em]e327853[/em]矢泽兔熊,2026年03月13日 14:11,2026.03.10 PVG T2 浦东机场T2国际港澳台出发区72号吉祥航空休息室 饮料还是挺有吉祥的特色的，很多吉祥自家产品。 半镂空状态，采光其实非常不错，手机拍出来有点发绿，但实际上装修用料还是可以的。 吃的这方面没有国航休息室那么好，但是种类还算丰富。乘坐汉莎集团航班国航和吉祥两个休息室都可以用，其他星空联盟成员的情况并不清楚。,0,
401,V5bCQAzNzcxNDQ5OTaEqrNpV5o8Eg!!.jpg,/Users/lazywords/Code/高卡紫相关/QQ群相册/机场休息室/images/V5bCQAzNzcxNDQ5OTaEqrNpV5o8Eg!!.jpg,6岔路口[em]e327853[/em]矢泽兔熊,2026年03月13日 14:11,2026.03.10 PVG T2 浦东机场T2国际港澳台出发区72号吉祥航空休息室 饮料还是挺有吉祥的特色的，很多吉祥自家产品。 半镂空状态，采光其实非常不错，手机拍出来有点发绿，但实际上装修用料还是可以的。 吃的这方面没有国航休息室那么好，但是种类还算丰富。乘坐汉莎集团航班国航和吉祥两个休息室都可以用，其他星空联盟成员的情况并不清楚。,0,
402,V5bCQAzNzcxNDQ5OTaDqrNpeVZOEg!!.jpg,/Users/lazywords/Code/高卡紫相关/QQ群相册/机场休息室/images/V5bCQAzNzcxNDQ5OTaDqrNpeVZOEg!!.jpg,6岔路口[em]e327853[/em]矢泽兔熊,2026年03月13日 14:11,2026.03.10 PVG T2 浦东机场T2国际港澳台出发区72号吉祥航空休息室 饮料还是挺有吉祥的特色的，很多吉祥自家产品。 半镂空状态，采光其实非常不错，手机拍出来有点发绿，但实际上装修用料还是可以的。 吃的这方面没有国航休息室那么好，但是种类还算丰富。乘坐汉莎集团航班国航和吉祥两个休息室都可以用，其他星空联盟成员的情况并不清楚。,0,
403,V5bCQAzNzcxNDQ5OTaCqrNppJ1IEg!!.jpg,/Users/lazywords/Code/高卡紫相关/QQ群相册/机场休息室/images/V5bCQAzNzcxNDQ5OTaCqrNppJ1IEg!!.jpg,6岔路口[em]e327853[/em]矢泽兔熊,2026年03月13日 14:11,2026.03.10 PVG T2 浦东机场T2国际港澳台出发区72号吉祥航空休息室 饮料还是挺有吉祥的特色的，很多吉祥自家产品。 半镂空状态，采光其实非常不错，手机拍出来有点发绿，但实际上装修用料还是可以的。 吃的这方面没有国航休息室那么好，但是种类还算丰富。乘坐汉莎集团航班国航和吉祥两个休息室都可以用，其他星空联盟成员的情况并不清楚。,0,
404,V5bCQAzNzcxNDQ5OTaBqrNpBjJgEg!!.jpg,/Users/lazywords/Code/高卡紫相关/QQ群相册/机场休息室/images/V5bCQAzNzcxNDQ5OTaBqrNpBjJgEg!!.jpg,6岔路口[em]e327853[/em]矢泽兔熊,2026年03月13日 14:11,2026.03.10 PVG T2 浦东机场T2国际港澳台出发区72号吉祥航空休息室 饮料还是挺有吉祥的特色的，很多吉祥自家产品。 半镂空状态，采光其实非常不错，手机拍出来有点发绿，但实际上装修用料还是可以的。 吃的这方面没有国航休息室那么好，但是种类还算丰富。乘坐汉莎集团航班国航和吉祥两个休息室都可以用，其他星空联盟成员的情况并不清楚。,0,
405,V5bCQAzNzcxNDQ5OTaAqrNpGjRtEg!!.jpg,/Users/lazywords/Code/高卡紫相关/QQ群相册/机场休息室/images/V5bCQAzNzcxNDQ5OTaAqrNpGjRtEg!!.jpg,6岔路口[em]e327853[/em]矢泽兔熊,2026年03月13日 14:11,2026.03.10 PVG T2 浦东机场T2国际港澳台出发区72号吉祥航空休息室 饮料还是挺有吉祥的特色的，很多吉祥自家产品。 半镂空状态，采光其实非常不错，手机拍出来有点发绿，但实际上装修用料还是可以的。 吃的这方面没有国航休息室那么好，但是种类还算丰富。乘坐汉莎集团航班国航和吉祥两个休息室都可以用，其他星空联盟成员的情况并不清楚。,0,
406,V5bCQAzNzcxNDQ5OTZ_qrNpRY93Eg!!.jpg,/Users/lazywords/Code/高卡紫相关/QQ群相册/机场休息室/images/V5bCQAzNzcxNDQ5OTZ_qrNpRY93Eg!!.jpg,6岔路口[em]e327853[/em]矢泽兔熊,2026年03月13日 14:11,2026.03.10 PVG T2 浦东机场T2国际港澳台出发区72号吉祥航空休息室 饮料还是挺有吉祥的特色的，很多吉祥自家产品。 半镂空状态，采光其实非常不错，手机拍出来有点发绿，但实际上装修用料还是可以的。 吃的这方面没有国航休息室那么好，但是种类还算丰富。乘坐汉莎集团航班国航和吉祥两个休息室都可以用，其他星空联盟成员的情况并不清楚。,0,
407,V5bCQAzNzcxNDQ5OTZ.qrNp93p4Eg!!,/Users/lazywords/Code/高卡紫相关/QQ群相册/机场休息室/images/V5bCQAzNzcxNDQ5OTZ.qrNp93p4Eg!!,6岔路口[em]e327853[/em]矢泽兔熊,2026年03月13日 14:11,2026.03.10 PVG T2 浦东机场T2国际港澳台出发区72号吉祥航空休息室 饮料还是挺有吉祥的特色的，很多吉祥自家产品。 半镂空状态，采光其实非常不错，手机拍出来有点发绿，但实际上装修用料还是可以的。 吃的这方面没有国航休息室那么好，但是种类还算丰富。乘坐汉莎集团航班国航和吉祥两个休息室都可以用，其他星空联盟成员的情况并不清楚。,0,
408,V5bCQAzNzcxNDQ5OTZ9qrNp7DqREg!!.jpg,/Users/lazywords/Code/高卡紫相关/QQ群相册/机场休息室/images/V5bCQAzNzcxNDQ5OTZ9qrNp7DqREg!!.jpg,6岔路口[em]e327853[/em]矢泽兔熊,2026年03月13日 14:11,2026.03.10 PVG T2 浦东机场T2国际港澳台出发区72号吉祥航空休息室 饮料还是挺有吉祥的特色的，很多吉祥自家产品。 半镂空状态，采光其实非常不错，手机拍出来有点发绿，但实际上装修用料还是可以的。 吃的这方面没有国航休息室那么好，但是种类还算丰富。乘坐汉莎集团航班国航和吉祥两个休息室都可以用，其他星空联盟成员的情况并不清楚。,0,
409,V5bCQAzNzcxNDQ5OTZ8qrNp2YioEg!!.jpg,/Users/lazywords/Code/高卡紫相关/QQ群相册/机场休息室/images/V5bCQAzNzcxNDQ5OTZ8qrNp2YioEg!!.jpg,6岔路口[em]e327853[/em]矢泽兔熊,2026年03月13日 14:11,2026.03.10 PVG T2 浦东机场T2国际港澳台出发区72号吉祥航空休息室 饮料还是挺有吉祥的特色的，很多吉祥自家产品。 半镂空状态，采光其实非常不错，手机拍出来有点发绿，但实际上装修用料还是可以的。 吃的这方面没有国航休息室那么好，但是种类还算丰富。乘坐汉莎集团航班国航和吉祥两个休息室都可以用，其他星空联盟成员的情况并不清楚。,0,
410,V5bCQAzNzcxNDQ5OTZ7qrNpg.maEg!!,/Users/lazywords/Code/高卡紫相关/QQ群相册/机场休息室/images/V5bCQAzNzcxNDQ5OTZ7qrNpg.maEg!!,6岔路口[em]e327853[/em]矢泽兔熊,2026年03月13日 14:11,2026.03.10 PVG T2 浦东机场T2国际港澳台出发区72号吉祥航空休息室 饮料还是挺有吉祥的特色的，很多吉祥自家产品。 半镂空状态，采光其实非常不错，手机拍出来有点发绿，但实际上装修用料还是可以的。 吃的这方面没有国航休息室那么好，但是种类还算丰富。乘坐汉莎集团航班国航和吉祥两个休息室都可以用，其他星空联盟成员的情况并不清楚。,0,
411,V5bCQAzNzcxNDQ5OTZ6qrNpwh6zEg!!.jpg,/Users/lazywords/Code/高卡紫相关/QQ群相册/机场休息室/images/V5bCQAzNzcxNDQ5OTZ6qrNpwh6zEg!!.jpg,6岔路口[em]e327853[/em]矢泽兔熊,2026年03月13日 14:11,2026.03.10 PVG T2 浦东机场T2国际港澳台出发区72号吉祥航空休息室 饮料还是挺有吉祥的特色的，很多吉祥自家产品。 半镂空状态，采光其实非常不错，手机拍出来有点发绿，但实际上装修用料还是可以的。 吃的这方面没有国航休息室那么好，但是种类还算丰富。乘坐汉莎集团航班国航和吉祥两个休息室都可以用，其他星空联盟成员的情况并不清楚。,0,
412,V5bCQAzNzcxNDQ5OTZ5qrNpd9fKEg!!.jpg,/Users/lazywords/Code/高卡紫相关/QQ群相册/机场休息室/images/V5bCQAzNzcxNDQ5OTZ5qrNpd9fKEg!!.jpg,6岔路口[em]e327853[/em]矢泽兔熊,2026年03月13日 14:11,2026.03.10 PVG T2 浦东机场T2国际港澳台出发区72号吉祥航空休息室 饮料还是挺有吉祥的特色的，很多吉祥自家产品。 半镂空状态，采光其实非常不错，手机拍出来有点发绿，但实际上装修用料还是可以的。 吃的这方面没有国航休息室那么好，但是种类还算丰富。乘坐汉莎集团航班国航和吉祥两个休息室都可以用，其他星空联盟成员的情况并不清楚。,0,
413,V5bCQAzNzcxNDQ5OTZ4qrNpwozWEg!!.jpg,/Users/lazywords/Code/高卡紫相关/QQ群相册/机场休息室/images/V5bCQAzNzcxNDQ5OTZ4qrNpwozWEg!!.jpg,6岔路口[em]e327853[/em]矢泽兔熊,2026年03月13日 14:11,2026.03.10 PVG T2 浦东机场T2国际港澳台出发区72号吉祥航空休息室 饮料还是挺有吉祥的特色的，很多吉祥自家产品。 半镂空状态，采光其实非常不错，手机拍出来有点发绿，但实际上装修用料还是可以的。 吃的这方面没有国航休息室那么好，但是种类还算丰富。乘坐汉莎集团航班国航和吉祥两个休息室都可以用，其他星空联盟成员的情况并不清楚。,0,
414,V5bCQAzNzcxNDQ5OTZ3qrNp95rSEg!!.jpg,/Users/lazywords/Code/高卡紫相关/QQ群相册/机场休息室/images/V5bCQAzNzcxNDQ5OTZ3qrNp95rSEg!!.jpg,6岔路口[em]e327853[/em]矢泽兔熊,2026年03月13日 14:11,2026.03.10 PVG T2 浦东机场T2国际港澳台出发区72号吉祥航空休息室 饮料还是挺有吉祥的特色的，很多吉祥自家产品。 半镂空状态，采光其实非常不错，手机拍出来有点发绿，但实际上装修用料还是可以的。 吃的这方面没有国航休息室那么好，但是种类还算丰富。乘坐汉莎集团航班国航和吉祥两个休息室都可以用，其他星空联盟成员的情况并不清楚。,0,
415,V5bCQAzNzcxNDQ5OTZ2qrNp2iD4Eg!!.jpg,/Users/lazywords/Code/高卡紫相关/QQ群相册/机场休息室/images/V5bCQAzNzcxNDQ5OTZ2qrNp2iD4Eg!!.jpg,6岔路口[em]e327853[/em]矢泽兔熊,2026年03月13日 14:11,2026.03.10 PVG T2 浦东机场T2国际港澳台出发区72号吉祥航空休息室 饮料还是挺有吉祥的特色的，很多吉祥自家产品。 半镂空状态，采光其实非常不错，手机拍出来有点发绿，但实际上装修用料还是可以的。 吃的这方面没有国航休息室那么好，但是种类还算丰富。乘坐汉莎集团航班国航和吉祥两个休息室都可以用，其他星空联盟成员的情况并不清楚。,0,
416,V5bCQAzNzcxNDQ5OTZ1qrNpMjjoEg!!.jpg,/Users/lazywords/Code/高卡紫相关/QQ群相册/机场休息室/images/V5bCQAzNzcxNDQ5OTZ1qrNpMjjoEg!!.jpg,6岔路口[em]e327853[/em]矢泽兔熊,2026年03月13日 14:11,2026.03.10 PVG T2 浦东机场T2国际港澳台出发区72号吉祥航空休息室 饮料还是挺有吉祥的特色的，很多吉祥自家产品。 半镂空状态，采光其实非常不错，手机拍出来有点发绿，但实际上装修用料还是可以的。 吃的这方面没有国航休息室那么好，但是种类还算丰富。乘坐汉莎集团航班国航和吉祥两个休息室都可以用，其他星空联盟成员的情况并不清楚。,0,
417,V5bCQAzNzcxNDQ5OTZ0qrNpkZ75Eg!!.jpg,/Users/lazywords/Code/高卡紫相关/QQ群相册/机场休息室/images/V5bCQAzNzcxNDQ5OTZ0qrNpkZ75Eg!!.jpg,6岔路口[em]e327853[/em]矢泽兔熊,2026年03月13日 14:11,2026.03.10 PVG T2 浦东机场T2国际港澳台出发区72号吉祥航空休息室 饮料还是挺有吉祥的特色的，很多吉祥自家产品。 半镂空状态，采光其实非常不错，手机拍出来有点发绿，但实际上装修用料还是可以的。 吃的这方面没有国航休息室那么好，但是种类还算丰富。乘坐汉莎集团航班国航和吉祥两个休息室都可以用，其他星空联盟成员的情况并不清楚。,0,
418,V5bCQAzNzcxNDQ5OTZpqbNpzC1YOw!!.jpg,/Users/lazywords/Code/高卡紫相关/QQ群相册/机场休息室/images/V5bCQAzNzcxNDQ5OTZpqbNpzC1YOw!!.jpg,6岔路口[em]e327853[/em]矢泽兔熊,2026年03月13日 14:06,2026.03.08 SGN 胡志明市新山一机场 越南航空 VN Lotus休息室 热汤粉相当好评，软饮相当不错，设施也不错，就是装修风格实在是有点过时。,0,
419,V5bCQAzNzcxNDQ5OTZoqbNpB2laOw!!.jpg,/Users/lazywords/Code/高卡紫相关/QQ群相册/机场休息室/images/V5bCQAzNzcxNDQ5OTZoqbNpB2laOw!!.jpg,6岔路口[em]e327853[/em]矢泽兔熊,2026年03月13日 14:06,2026.03.08 SGN 胡志明市新山一机场 越南航空 VN Lotus休息室 热汤粉相当好评，软饮相当不错，设施也不错，就是装修风格实在是有点过时。,0,
420,V5bCQAzNzcxNDQ5OTZnqbNppU9aOw!!.jpg,/Users/lazywords/Code/高卡紫相关/QQ群相册/机场休息室/images/V5bCQAzNzcxNDQ5OTZnqbNppU9aOw!!.jpg,6岔路口[em]e327853[/em]矢泽兔熊,2026年03月13日 14:06,2026.03.08 SGN 胡志明市新山一机场 越南航空 VN Lotus休息室 热汤粉相当好评，软饮相当不错，设施也不错，就是装修风格实在是有点过时。,0,
421,V5bCQAzNzcxNDQ5OTZmqbNpg8BnOw!!.jpg,/Users/lazywords/Code/高卡紫相关/QQ群相册/机场休息室/images/V5bCQAzNzcxNDQ5OTZmqbNpg8BnOw!!.jpg,6岔路口[em]e327853[/em]矢泽兔熊,2026年03月13日 14:06,2026.03.08 SGN 胡志明市新山一机场 越南航空 VN Lotus休息室 热汤粉相当好评，软饮相当不错，设施也不错，就是装修风格实在是有点过时。,0,
422,V5bCQAzNzcxNDQ5OTZlqbNps2dtOw!!.jpg,/Users/lazywords/Code/高卡紫相关/QQ群相册/机场休息室/images/V5bCQAzNzcxNDQ5OTZlqbNps2dtOw!!.jpg,6岔路口[em]e327853[/em]矢泽兔熊,2026年03月13日 14:06,2026.03.08 SGN 胡志明市新山一机场 越南航空 VN Lotus休息室 热汤粉相当好评，软饮相当不错，设施也不错，就是装修风格实在是有点过时。,0,
423,V5bCQAzNzcxNDQ5OTZkqbNpjvyDOw!!.jpg,/Users/lazywords/Code/高卡紫相关/QQ群相册/机场休息室/images/V5bCQAzNzcxNDQ5OTZkqbNpjvyDOw!!.jpg,6岔路口[em]e327853[/em]矢泽兔熊,2026年03月13日 14:06,2026.03.08 SGN 胡志明市新山一机场 越南航空 VN Lotus休息室 热汤粉相当好评，软饮相当不错，设施也不错，就是装修风格实在是有点过时。,0,
424,V5bCQAzNzcxNDQ5OTZjqbNpzgeFOw!!.jpg,/Users/lazywords/Code/高卡紫相关/QQ群相册/机场休息室/images/V5bCQAzNzcxNDQ5OTZjqbNpzgeFOw!!.jpg,6岔路口[em]e327853[/em]矢泽兔熊,2026年03月13日 14:06,2026.03.08 SGN 胡志明市新山一机场 越南航空 VN Lotus休息室 热汤粉相当好评，软饮相当不错，设施也不错，就是装修风格实在是有点过时。,0,
425,V5bCQAzNzcxNDQ5OTZiqbNp9.WEOw!!,/Users/lazywords/Code/高卡紫相关/QQ群相册/机场休息室/images/V5bCQAzNzcxNDQ5OTZiqbNp9.WEOw!!,6岔路口[em]e327853[/em]矢泽兔熊,2026年03月13日 14:06,2026.03.08 SGN 胡志明市新山一机场 越南航空 VN Lotus休息室 热汤粉相当好评，软饮相当不错，设施也不错，就是装修风格实在是有点过时。,0,
426,V5bCQAzNzcxNDQ5OTZhqbNpGXMFAA!!.jpg,/Users/lazywords/Code/高卡紫相关/QQ群相册/机场休息室/images/V5bCQAzNzcxNDQ5OTZhqbNpGXMFAA!!.jpg,6岔路口[em]e327853[/em]矢泽兔熊,2026年03月13日 14:06,2026.03.08 SGN 胡志明市新山一机场 越南航空 VN Lotus休息室 热汤粉相当好评，软饮相当不错，设施也不错，就是装修风格实在是有点过时。,0,
427,V5bCQAzNzcxNDQ5OTZgqbNp.hwBAA!!,/Users/lazywords/Code/高卡紫相关/QQ群相册/机场休息室/images/V5bCQAzNzcxNDQ5OTZgqbNp.hwBAA!!,6岔路口[em]e327853[/em]矢泽兔熊,2026年03月13日 14:06,2026.03.08 SGN 胡志明市新山一机场 越南航空 VN Lotus休息室 热汤粉相当好评，软饮相当不错，设施也不错，就是装修风格实在是有点过时。,0,
428,V5bCQAzNzcxNDQ5OTZfqbNpQ_IQAA!!.jpg,/Users/lazywords/Code/高卡紫相关/QQ群相册/机场休息室/images/V5bCQAzNzcxNDQ5OTZfqbNpQ_IQAA!!.jpg,6岔路口[em]e327853[/em]矢泽兔熊,2026年03月13日 14:06,2026.03.08 SGN 胡志明市新山一机场 越南航空 VN Lotus休息室 热汤粉相当好评，软饮相当不错，设施也不错，就是装修风格实在是有点过时。,0,
429,V5bCQAzNzcxNDQ5OTZeqbNpblkPAA!!.jpg,/Users/lazywords/Code/高卡紫相关/QQ群相册/机场休息室/images/V5bCQAzNzcxNDQ5OTZeqbNpblkPAA!!.jpg,6岔路口[em]e327853[/em]矢泽兔熊,2026年03月13日 14:06,2026.03.08 SGN 胡志明市新山一机场 越南航空 VN Lotus休息室 热汤粉相当好评，软饮相当不错，设施也不错，就是装修风格实在是有点过时。,0,
430,V5bCQAzNzcxNDQ5OTZdqbNp.MQVAA!!,/Users/lazywords/Code/高卡紫相关/QQ群相册/机场休息室/images/V5bCQAzNzcxNDQ5OTZdqbNp.MQVAA!!,6岔路口[em]e327853[/em]矢泽兔熊,2026年03月13日 14:06,2026.03.08 SGN 胡志明市新山一机场 越南航空 VN Lotus休息室 热汤粉相当好评，软饮相当不错，设施也不错，就是装修风格实在是有点过时。,0,
431,V5bCQAzNzcxNDQ5OTZcqbNpyxIkAA!!.jpg,/Users/lazywords/Code/高卡紫相关/QQ群相册/机场休息室/images/V5bCQAzNzcxNDQ5OTZcqbNpyxIkAA!!.jpg,6岔路口[em]e327853[/em]矢泽兔熊,2026年03月13日 14:06,2026.03.08 SGN 胡志明市新山一机场 越南航空 VN Lotus休息室 热汤粉相当好评，软饮相当不错，设施也不错，就是装修风格实在是有点过时。,0,
432,V5bCQAzNzcxNDQ5OTZbqbNpgDAmAA!!.jpg,/Users/lazywords/Code/高卡紫相关/QQ群相册/机场休息室/images/V5bCQAzNzcxNDQ5OTZbqbNpgDAmAA!!.jpg,6岔路口[em]e327853[/em]矢泽兔熊,2026年03月13日 14:06,2026.03.08 SGN 胡志明市新山一机场 越南航空 VN Lotus休息室 热汤粉相当好评，软饮相当不错，设施也不错，就是装修风格实在是有点过时。,0,
433,V5bCQAzNzcxNDQ5OTZaqbNpof8oAA!!.jpg,/Users/lazywords/Code/高卡紫相关/QQ群相册/机场休息室/images/V5bCQAzNzcxNDQ5OTZaqbNpof8oAA!!.jpg,6岔路口[em]e327853[/em]矢泽兔熊,2026年03月13日 14:06,2026.03.08 SGN 胡志明市新山一机场 越南航空 VN Lotus休息室 热汤粉相当好评，软饮相当不错，设施也不错，就是装修风格实在是有点过时。,0,
434,V5bCQAzNzcxNDQ5OTZZqbNpXk47AA!!.jpg,/Users/lazywords/Code/高卡紫相关/QQ群相册/机场休息室/images/V5bCQAzNzcxNDQ5OTZZqbNpXk47AA!!.jpg,6岔路口[em]e327853[/em]矢泽兔熊,2026年03月13日 14:06,2026.03.08 SGN 胡志明市新山一机场 越南航空 VN Lotus休息室 热汤粉相当好评，软饮相当不错，设施也不错，就是装修风格实在是有点过时。,0,
435,V5bCQAzNzcxNDQ5OTZYqbNpsBU6AA!!.jpg,/Users/lazywords/Code/高卡紫相关/QQ群相册/机场休息室/images/V5bCQAzNzcxNDQ5OTZYqbNpsBU6AA!!.jpg,6岔路口[em]e327853[/em]矢泽兔熊,2026年03月13日 14:06,2026.03.08 SGN 胡志明市新山一机场 越南航空 VN Lotus休息室 热汤粉相当好评，软饮相当不错，设施也不错，就是装修风格实在是有点过时。,0,
436,FF1B1588-5EB1-4D2D-8548-16D9AB3914AF_big.jpg,/Users/lazywords/Code/高卡紫相关/QQ群相册/机场休息室/images/FF1B1588-5EB1-4D2D-8548-16D9AB3914AF_big.jpg,Achthundert zehn,2026年03月13日 11:57,XIA T5东航v22休息室。 目前XIA有两家东航自营休息室，V22整体面积不大，一进来就可以望到头的那种，但是还是配了淋浴间 常规热食没什么亮点，一荤三素。点心档那边有一些西安本地小点心，油囊之类的。东航那碗面里有西安本地的面食，小料之类的全是自助。是个非常有当地特色的休息室,0,
437,6D98BF5D-8F35-4961-8B7F-851579ACB383_big.jpg,/Users/lazywords/Code/高卡紫相关/QQ群相册/机场休息室/images/6D98BF5D-8F35-4961-8B7F-851579ACB383_big.jpg,Achthundert zehn,2026年03月13日 11:57,XIA T5东航v22休息室。 目前XIA有两家东航自营休息室，V22整体面积不大，一进来就可以望到头的那种，但是还是配了淋浴间 常规热食没什么亮点，一荤三素。点心档那边有一些西安本地小点心，油囊之类的。东航那碗面里有西安本地的面食，小料之类的全是自助。是个非常有当地特色的休息室,0,
438,46FCE8BE-F5EA-40A4-942E-3F58D86CDB83_big.jpg,/Users/lazywords/Code/高卡紫相关/QQ群相册/机场休息室/images/46FCE8BE-F5EA-40A4-942E-3F58D86CDB83_big.jpg,Achthundert zehn,2026年03月13日 11:57,XIA T5东航v22休息室。 目前XIA有两家东航自营休息室，V22整体面积不大，一进来就可以望到头的那种，但是还是配了淋浴间 常规热食没什么亮点，一荤三素。点心档那边有一些西安本地小点心，油囊之类的。东航那碗面里有西安本地的面食，小料之类的全是自助。是个非常有当地特色的休息室,0,
439,043C4E37-D69D-4B92-BCD0-14A883DD1A5E_big.jpg,/Users/lazywords/Code/高卡紫相关/QQ群相册/机场休息室/images/043C4E37-D69D-4B92-BCD0-14A883DD1A5E_big.jpg,Achthundert zehn,2026年03月13日 11:57,XIA T5东航v22休息室。 目前XIA有两家东航自营休息室，V22整体面积不大，一进来就可以望到头的那种，但是还是配了淋浴间 常规热食没什么亮点，一荤三素。点心档那边有一些西安本地小点心，油囊之类的。东航那碗面里有西安本地的面食，小料之类的全是自助。是个非常有当地特色的休息室,0,
440,50C8D947-D6FD-40E7-BD00-40CC623C2627_big.jpg,/Users/lazywords/Code/高卡紫相关/QQ群相册/机场休息室/images/50C8D947-D6FD-40E7-BD00-40CC623C2627_big.jpg,Achthundert zehn,2026年03月13日 11:57,XIA T5东航v22休息室。 目前XIA有两家东航自营休息室，V22整体面积不大，一进来就可以望到头的那种，但是还是配了淋浴间 常规热食没什么亮点，一荤三素。点心档那边有一些西安本地小点心，油囊之类的。东航那碗面里有西安本地的面食，小料之类的全是自助。是个非常有当地特色的休息室,0,
441,CD024FBA-C2D6-4A46-A27A-200BB01FB937_big.jpg,/Users/lazywords/Code/高卡紫相关/QQ群相册/机场休息室/images/CD024FBA-C2D6-4A46-A27A-200BB01FB937_big.jpg,Achthundert zehn,2026年03月13日 11:57,XIA T5东航v22休息室。 目前XIA有两家东航自营休息室，V22整体面积不大，一进来就可以望到头的那种，但是还是配了淋浴间 常规热食没什么亮点，一荤三素。点心档那边有一些西安本地小点心，油囊之类的。东航那碗面里有西安本地的面食，小料之类的全是自助。是个非常有当地特色的休息室,0,
442,1EEFB149-6BF1-476C-95A8-FB6E7801F8B0_big.jpg,/Users/lazywords/Code/高卡紫相关/QQ群相册/机场休息室/images/1EEFB149-6BF1-476C-95A8-FB6E7801F8B0_big.jpg,Achthundert zehn,2026年03月13日 11:57,XIA T5东航v22休息室。 目前XIA有两家东航自营休息室，V22整体面积不大，一进来就可以望到头的那种，但是还是配了淋浴间 常规热食没什么亮点，一荤三素。点心档那边有一些西安本地小点心，油囊之类的。东航那碗面里有西安本地的面食，小料之类的全是自助。是个非常有当地特色的休息室,0,
443,55B92FA9-9B50-44A1-BA59-2D2A316AE71E_big.jpg,/Users/lazywords/Code/高卡紫相关/QQ群相册/机场休息室/images/55B92FA9-9B50-44A1-BA59-2D2A316AE71E_big.jpg,Achthundert zehn,2026年03月13日 11:57,XIA T5东航v22休息室。 目前XIA有两家东航自营休息室，V22整体面积不大，一进来就可以望到头的那种，但是还是配了淋浴间 常规热食没什么亮点，一荤三素。点心档那边有一些西安本地小点心，油囊之类的。东航那碗面里有西安本地的面食，小料之类的全是自助。是个非常有当地特色的休息室,0,
444,AF0C7137-0E92-4BB0-8B44-7CEF5295288B_big.jpg,/Users/lazywords/Code/高卡紫相关/QQ群相册/机场休息室/images/AF0C7137-0E92-4BB0-8B44-7CEF5295288B_big.jpg,Achthundert zehn,2026年03月13日 11:57,XIA T5东航v22休息室。 目前XIA有两家东航自营休息室，V22整体面积不大，一进来就可以望到头的那种，但是还是配了淋浴间 常规热食没什么亮点，一荤三素。点心档那边有一些西安本地小点心，油囊之类的。东航那碗面里有西安本地的面食，小料之类的全是自助。是个非常有当地特色的休息室,0,
445,36244FF0-6EE1-421D-BAC5-E8D24F55BD18_big.jpg,/Users/lazywords/Code/高卡紫相关/QQ群相册/机场休息室/images/36244FF0-6EE1-421D-BAC5-E8D24F55BD18_big.jpg,Achthundert zehn,2026年03月11日 18:23,PKX东航v2休息室，位置在三楼安检口正对面，从易安检通道出来直接可以看到。 热食配置是两荤两素两主食，以及标配东航那碗面，味道不错，中等偏上水平，主食水平在线。 饮料冰柜很大，果汁汽水苏打水全都有，酒类在另一个出口位置，可选种类不多 冷盘、面包等供应比较充分 休息室有阅读区、工作区，甚至有专门的茶桌可以品茶 市内还布置有国风文创、水墨画、大兴机场的摆件等，东航在文创这一方面水平相当在线 缺点是离安检后近，高峰期人会很多；位于候机厅中间位置，离登机口有一定距离；以及没有配备淋浴间，如果有需要可以去东航v3休息室,0,
446,00A16C89-A0D9-4076-B6B3-606067CC5BA6_big.jpg,/Users/lazywords/Code/高卡紫相关/QQ群相册/机场休息室/images/00A16C89-A0D9-4076-B6B3-606067CC5BA6_big.jpg,Achthundert zehn,2026年03月11日 18:23,PKX东航v2休息室，位置在三楼安检口正对面，从易安检通道出来直接可以看到。 热食配置是两荤两素两主食，以及标配东航那碗面，味道不错，中等偏上水平，主食水平在线。 饮料冰柜很大，果汁汽水苏打水全都有，酒类在另一个出口位置，可选种类不多 冷盘、面包等供应比较充分 休息室有阅读区、工作区，甚至有专门的茶桌可以品茶 市内还布置有国风文创、水墨画、大兴机场的摆件等，东航在文创这一方面水平相当在线 缺点是离安检后近，高峰期人会很多；位于候机厅中间位置，离登机口有一定距离；以及没有配备淋浴间，如果有需要可以去东航v3休息室,0,
447,ADD87C91-EA7E-42C3-83C6-AF840E74DF4A_big.jpg,/Users/lazywords/Code/高卡紫相关/QQ群相册/机场休息室/images/ADD87C91-EA7E-42C3-83C6-AF840E74DF4A_big.jpg,Achthundert zehn,2026年03月11日 18:23,PKX东航v2休息室，位置在三楼安检口正对面，从易安检通道出来直接可以看到。 热食配置是两荤两素两主食，以及标配东航那碗面，味道不错，中等偏上水平，主食水平在线。 饮料冰柜很大，果汁汽水苏打水全都有，酒类在另一个出口位置，可选种类不多 冷盘、面包等供应比较充分 休息室有阅读区、工作区，甚至有专门的茶桌可以品茶 市内还布置有国风文创、水墨画、大兴机场的摆件等，东航在文创这一方面水平相当在线 缺点是离安检后近，高峰期人会很多；位于候机厅中间位置，离登机口有一定距离；以及没有配备淋浴间，如果有需要可以去东航v3休息室,0,
448,2ADB57C4-03E2-4A88-82F5-0C033ADFD6A3_big.jpg,/Users/lazywords/Code/高卡紫相关/QQ群相册/机场休息室/images/2ADB57C4-03E2-4A88-82F5-0C033ADFD6A3_big.jpg,Achthundert zehn,2026年03月11日 18:23,PKX东航v2休息室，位置在三楼安检口正对面，从易安检通道出来直接可以看到。 热食配置是两荤两素两主食，以及标配东航那碗面，味道不错，中等偏上水平，主食水平在线。 饮料冰柜很大，果汁汽水苏打水全都有，酒类在另一个出口位置，可选种类不多 冷盘、面包等供应比较充分 休息室有阅读区、工作区，甚至有专门的茶桌可以品茶 市内还布置有国风文创、水墨画、大兴机场的摆件等，东航在文创这一方面水平相当在线 缺点是离安检后近，高峰期人会很多；位于候机厅中间位置，离登机口有一定距离；以及没有配备淋浴间，如果有需要可以去东航v3休息室,0,
449,831C079B-81F6-46A7-A2CB-FF9AF49197BE_big.jpg,/Users/lazywords/Code/高卡紫相关/QQ群相册/机场休息室/images/831C079B-81F6-46A7-A2CB-FF9AF49197BE_big.jpg,Achthundert zehn,2026年03月11日 18:23,PKX东航v2休息室，位置在三楼安检口正对面，从易安检通道出来直接可以看到。 热食配置是两荤两素两主食，以及标配东航那碗面，味道不错，中等偏上水平，主食水平在线。 饮料冰柜很大，果汁汽水苏打水全都有，酒类在另一个出口位置，可选种类不多 冷盘、面包等供应比较充分 休息室有阅读区、工作区，甚至有专门的茶桌可以品茶 市内还布置有国风文创、水墨画、大兴机场的摆件等，东航在文创这一方面水平相当在线 缺点是离安检后近，高峰期人会很多；位于候机厅中间位置，离登机口有一定距离；以及没有配备淋浴间，如果有需要可以去东航v3休息室,0,
450,91FC44CE-1545-4127-B24D-24B4079B2C8D_big.jpg,/Users/lazywords/Code/高卡紫相关/QQ群相册/机场休息室/images/91FC44CE-1545-4127-B24D-24B4079B2C8D_big.jpg,Achthundert zehn,2026年03月11日 18:23,PKX东航v2休息室，位置在三楼安检口正对面，从易安检通道出来直接可以看到。 热食配置是两荤两素两主食，以及标配东航那碗面，味道不错，中等偏上水平，主食水平在线。 饮料冰柜很大，果汁汽水苏打水全都有，酒类在另一个出口位置，可选种类不多 冷盘、面包等供应比较充分 休息室有阅读区、工作区，甚至有专门的茶桌可以品茶 市内还布置有国风文创、水墨画、大兴机场的摆件等，东航在文创这一方面水平相当在线 缺点是离安检后近，高峰期人会很多；位于候机厅中间位置，离登机口有一定距离；以及没有配备淋浴间，如果有需要可以去东航v3休息室,0,
451,71C1A01C-03D0-416E-8247-C2B68079F5A5_big.jpg,/Users/lazywords/Code/高卡紫相关/QQ群相册/机场休息室/images/71C1A01C-03D0-416E-8247-C2B68079F5A5_big.jpg,Achthundert zehn,2026年03月11日 18:23,PKX东航v2休息室，位置在三楼安检口正对面，从易安检通道出来直接可以看到。 热食配置是两荤两素两主食，以及标配东航那碗面，味道不错，中等偏上水平，主食水平在线。 饮料冰柜很大，果汁汽水苏打水全都有，酒类在另一个出口位置，可选种类不多 冷盘、面包等供应比较充分 休息室有阅读区、工作区，甚至有专门的茶桌可以品茶 市内还布置有国风文创、水墨画、大兴机场的摆件等，东航在文创这一方面水平相当在线 缺点是离安检后近，高峰期人会很多；位于候机厅中间位置，离登机口有一定距离；以及没有配备淋浴间，如果有需要可以去东航v3休息室,0,
452,EE43C333-79D8-4B6D-946D-60CECA4CA3E4_big.jpg,/Users/lazywords/Code/高卡紫相关/QQ群相册/机场休息室/images/EE43C333-79D8-4B6D-946D-60CECA4CA3E4_big.jpg,Achthundert zehn,2026年03月11日 18:23,PKX东航v2休息室，位置在三楼安检口正对面，从易安检通道出来直接可以看到。 热食配置是两荤两素两主食，以及标配东航那碗面，味道不错，中等偏上水平，主食水平在线。 饮料冰柜很大，果汁汽水苏打水全都有，酒类在另一个出口位置，可选种类不多 冷盘、面包等供应比较充分 休息室有阅读区、工作区，甚至有专门的茶桌可以品茶 市内还布置有国风文创、水墨画、大兴机场的摆件等，东航在文创这一方面水平相当在线 缺点是离安检后近，高峰期人会很多；位于候机厅中间位置，离登机口有一定距离；以及没有配备淋浴间，如果有需要可以去东航v3休息室,0,
453,9B07B18A-BC5E-44C4-B165-E37298430F49_big.jpg,/Users/lazywords/Code/高卡紫相关/QQ群相册/机场休息室/images/9B07B18A-BC5E-44C4-B165-E37298430F49_big.jpg,Achthundert zehn,2026年03月11日 18:23,PKX东航v2休息室，位置在三楼安检口正对面，从易安检通道出来直接可以看到。 热食配置是两荤两素两主食，以及标配东航那碗面，味道不错，中等偏上水平，主食水平在线。 饮料冰柜很大，果汁汽水苏打水全都有，酒类在另一个出口位置，可选种类不多 冷盘、面包等供应比较充分 休息室有阅读区、工作区，甚至有专门的茶桌可以品茶 市内还布置有国风文创、水墨画、大兴机场的摆件等，东航在文创这一方面水平相当在线 缺点是离安检后近，高峰期人会很多；位于候机厅中间位置，离登机口有一定距离；以及没有配备淋浴间，如果有需要可以去东航v3休息室,0,
454,C014A7DC-7B45-4A41-9359-F0FEFB898EA0_big.jpg,/Users/lazywords/Code/高卡紫相关/QQ群相册/机场休息室/images/C014A7DC-7B45-4A41-9359-F0FEFB898EA0_big.jpg,Achthundert zehn,2026年03月11日 18:23,PKX东航v2休息室，位置在三楼安检口正对面，从易安检通道出来直接可以看到。 热食配置是两荤两素两主食，以及标配东航那碗面，味道不错，中等偏上水平，主食水平在线。 饮料冰柜很大，果汁汽水苏打水全都有，酒类在另一个出口位置，可选种类不多 冷盘、面包等供应比较充分 休息室有阅读区、工作区，甚至有专门的茶桌可以品茶 市内还布置有国风文创、水墨画、大兴机场的摆件等，东航在文创这一方面水平相当在线 缺点是离安检后近，高峰期人会很多；位于候机厅中间位置，离登机口有一定距离；以及没有配备淋浴间，如果有需要可以去东航v3休息室,0,
455,ECAF773B-7AF6-44AF-95FE-BB56A64B6400_big.jpg,/Users/lazywords/Code/高卡紫相关/QQ群相册/机场休息室/images/ECAF773B-7AF6-44AF-95FE-BB56A64B6400_big.jpg,Achthundert zehn,2026年03月11日 18:23,PKX东航v2休息室，位置在三楼安检口正对面，从易安检通道出来直接可以看到。 热食配置是两荤两素两主食，以及标配东航那碗面，味道不错，中等偏上水平，主食水平在线。 饮料冰柜很大，果汁汽水苏打水全都有，酒类在另一个出口位置，可选种类不多 冷盘、面包等供应比较充分 休息室有阅读区、工作区，甚至有专门的茶桌可以品茶 市内还布置有国风文创、水墨画、大兴机场的摆件等，东航在文创这一方面水平相当在线 缺点是离安检后近，高峰期人会很多；位于候机厅中间位置，离登机口有一定距离；以及没有配备淋浴间，如果有需要可以去东航v3休息室,0,
456,8FA511ED-8E3A-44A6-938A-0D71E7142896_big.jpg,/Users/lazywords/Code/高卡紫相关/QQ群相册/机场休息室/images/8FA511ED-8E3A-44A6-938A-0D71E7142896_big.jpg,Achthundert zehn,2026年03月11日 18:23,PKX东航v2休息室，位置在三楼安检口正对面，从易安检通道出来直接可以看到。 热食配置是两荤两素两主食，以及标配东航那碗面，味道不错，中等偏上水平，主食水平在线。 饮料冰柜很大，果汁汽水苏打水全都有，酒类在另一个出口位置，可选种类不多 冷盘、面包等供应比较充分 休息室有阅读区、工作区，甚至有专门的茶桌可以品茶 市内还布置有国风文创、水墨画、大兴机场的摆件等，东航在文创这一方面水平相当在线 缺点是离安检后近，高峰期人会很多；位于候机厅中间位置，离登机口有一定距离；以及没有配备淋浴间，如果有需要可以去东航v3休息室,0,
457,A7873089-D7ED-4D8C-BC44-B93F809E37F9_big.jpg,/Users/lazywords/Code/高卡紫相关/QQ群相册/机场休息室/images/A7873089-D7ED-4D8C-BC44-B93F809E37F9_big.jpg,Achthundert zehn,2026年03月11日 18:23,PKX东航v2休息室，位置在三楼安检口正对面，从易安检通道出来直接可以看到。 热食配置是两荤两素两主食，以及标配东航那碗面，味道不错，中等偏上水平，主食水平在线。 饮料冰柜很大，果汁汽水苏打水全都有，酒类在另一个出口位置，可选种类不多 冷盘、面包等供应比较充分 休息室有阅读区、工作区，甚至有专门的茶桌可以品茶 市内还布置有国风文创、水墨画、大兴机场的摆件等，东航在文创这一方面水平相当在线 缺点是离安检后近，高峰期人会很多；位于候机厅中间位置，离登机口有一定距离；以及没有配备淋浴间，如果有需要可以去东航v3休息室,0,
458,A00CB394-A9A9-439F-AEFB-F635B81D2A55_big.jpg,/Users/lazywords/Code/高卡紫相关/QQ群相册/机场休息室/images/A00CB394-A9A9-439F-AEFB-F635B81D2A55_big.jpg,Achthundert zehn,2026年03月11日 18:23,PKX东航v2休息室，位置在三楼安检口正对面，从易安检通道出来直接可以看到。 热食配置是两荤两素两主食，以及标配东航那碗面，味道不错，中等偏上水平，主食水平在线。 饮料冰柜很大，果汁汽水苏打水全都有，酒类在另一个出口位置，可选种类不多 冷盘、面包等供应比较充分 休息室有阅读区、工作区，甚至有专门的茶桌可以品茶 市内还布置有国风文创、水墨画、大兴机场的摆件等，东航在文创这一方面水平相当在线 缺点是离安检后近，高峰期人会很多；位于候机厅中间位置，离登机口有一定距离；以及没有配备淋浴间，如果有需要可以去东航v3休息室,0,
459,8221573B-29D7-41CE-ACA0-067DCD075924_big.jpg,/Users/lazywords/Code/高卡紫相关/QQ群相册/机场休息室/images/8221573B-29D7-41CE-ACA0-067DCD075924_big.jpg,Achthundert zehn,2026年03月11日 18:23,PKX东航v2休息室，位置在三楼安检口正对面，从易安检通道出来直接可以看到。 热食配置是两荤两素两主食，以及标配东航那碗面，味道不错，中等偏上水平，主食水平在线。 饮料冰柜很大，果汁汽水苏打水全都有，酒类在另一个出口位置，可选种类不多 冷盘、面包等供应比较充分 休息室有阅读区、工作区，甚至有专门的茶桌可以品茶 市内还布置有国风文创、水墨画、大兴机场的摆件等，东航在文创这一方面水平相当在线 缺点是离安检后近，高峰期人会很多；位于候机厅中间位置，离登机口有一定距离；以及没有配备淋浴间，如果有需要可以去东航v3休息室,0,
460,688B6612-E2A6-443C-8E12-4A876347F1E0_big.jpg,/Users/lazywords/Code/高卡紫相关/QQ群相册/机场休息室/images/688B6612-E2A6-443C-8E12-4A876347F1E0_big.jpg,Achthundert zehn,2026年03月11日 18:23,PKX东航v2休息室，位置在三楼安检口正对面，从易安检通道出来直接可以看到。 热食配置是两荤两素两主食，以及标配东航那碗面，味道不错，中等偏上水平，主食水平在线。 饮料冰柜很大，果汁汽水苏打水全都有，酒类在另一个出口位置，可选种类不多 冷盘、面包等供应比较充分 休息室有阅读区、工作区，甚至有专门的茶桌可以品茶 市内还布置有国风文创、水墨画、大兴机场的摆件等，东航在文创这一方面水平相当在线 缺点是离安检后近，高峰期人会很多；位于候机厅中间位置，离登机口有一定距离；以及没有配备淋浴间，如果有需要可以去东航v3休息室,0,
461,45686C13-12F5-4446-A9B3-13CA74606F55_big.jpg,/Users/lazywords/Code/高卡紫相关/QQ群相册/机场休息室/images/45686C13-12F5-4446-A9B3-13CA74606F55_big.jpg,Achthundert zehn,2026年03月11日 18:23,PKX东航v2休息室，位置在三楼安检口正对面，从易安检通道出来直接可以看到。 热食配置是两荤两素两主食，以及标配东航那碗面，味道不错，中等偏上水平，主食水平在线。 饮料冰柜很大，果汁汽水苏打水全都有，酒类在另一个出口位置，可选种类不多 冷盘、面包等供应比较充分 休息室有阅读区、工作区，甚至有专门的茶桌可以品茶 市内还布置有国风文创、水墨画、大兴机场的摆件等，东航在文创这一方面水平相当在线 缺点是离安检后近，高峰期人会很多；位于候机厅中间位置，离登机口有一定距离；以及没有配备淋浴间，如果有需要可以去东航v3休息室,0,
462,B756FD01-6915-4C61-A421-DE1A1C044C61_hd.jpg,/Users/lazywords/Code/高卡紫相关/QQ群相册/机场休息室/images/B756FD01-6915-4C61-A421-DE1A1C044C61_hd.jpg,M-Licinivs-Crassvs,2026年03月11日 18:15,香港机场The Deck头等休息室 牛肉不赖，推荐尝试一下 玲珑堂人相比玉衡堂头等休息室少太多了，甚至可以做到多个服务员同时服务一个人，想体验服务的可以去试一下。,0,
463,7CCB3BBA-C6B7-420F-8C8E-79A7BF4609CF_hd.jpg,/Users/lazywords/Code/高卡紫相关/QQ群相册/机场休息室/images/7CCB3BBA-C6B7-420F-8C8E-79A7BF4609CF_hd.jpg,M-Licinivs-Crassvs,2026年03月11日 18:15,香港机场The Deck头等休息室 牛肉不赖，推荐尝试一下 玲珑堂人相比玉衡堂头等休息室少太多了，甚至可以做到多个服务员同时服务一个人，想体验服务的可以去试一下。,0,
464,20260404_1142_Green_Ghost_41ef5d1ab9.jpg,/Users/lazywords/Code/高卡紫相关/QQ群相册/机场休息室/images/20260404_1142_Green_Ghost_41ef5d1ab9.jpg,Green Ghost,2026年04月04日 11:42,TAO V2，等待鲅鱼水饺中,0,
465,20260404_0809_Green_Ghost_e3af011270.jpg,/Users/lazywords/Code/高卡紫相关/QQ群相册/机场休息室/images/20260404_0809_Green_Ghost_e3af011270.jpg,Green Ghost,2026年04月04日 08:09,能不笑的都是神人了,0,
466,74591F8D-06E0-427F-9087-DDABF46B0AA1_big.jpg,/Users/lazywords/Code/高卡紫相关/QQ群相册/机场休息室/images/74591F8D-06E0-427F-9087-DDABF46B0AA1_big.jpg,RayTracingON,2026年04月03日 17:03,澳航休息室，炸鱿鱼香,0,
467,774882D9-4CEF-40E9-A393-DB611170F228_big.jpg,/Users/lazywords/Code/高卡紫相关/QQ群相册/机场休息室/images/774882D9-4CEF-40E9-A393-DB611170F228_big.jpg,RayTracingON,2026年04月03日 17:03,澳航休息室，炸鱿鱼香,0,
468,81BB8B2F-CB58-4757-A858-956FC21485AE_big.jpg,/Users/lazywords/Code/高卡紫相关/QQ群相册/机场休息室/images/81BB8B2F-CB58-4757-A858-956FC21485AE_big.jpg,RayTracingON,2026年04月03日 17:03,澳航休息室，炸鱿鱼香,0,
469,93822076-1A3F-4DB9-BD8A-043925878624_big.jpg,/Users/lazywords/Code/高卡紫相关/QQ群相册/机场休息室/images/93822076-1A3F-4DB9-BD8A-043925878624_big.jpg,RayTracingON,2026年04月03日 12:32,二月菜单回归,0,
470,DBD998F3-A885-4DE0-8741-9B4EC84AFFC4_big.jpg,/Users/lazywords/Code/高卡紫相关/QQ群相册/机场休息室/images/DBD998F3-A885-4DE0-8741-9B4EC84AFFC4_big.jpg,RayTracingON,2026年04月03日 12:32,二月菜单回归,0,
471,F5B7BD0D-63AC-4A35-8B09-A9EE0372375E_big.jpg,/Users/lazywords/Code/高卡紫相关/QQ群相册/机场休息室/images/F5B7BD0D-63AC-4A35-8B09-A9EE0372375E_big.jpg,cz死吗,2026年04月02日 18:04,xmnT3厦航休息室面积很小，一开始并没有报太多期待，但是进去之后餐食质量很高，本地特色有沙茶面，料给的很足，其他热餐水平全都在线，甚至还有关东煮，给到夯。,0,
472,4496F502-93BE-47BA-A997-2E09607BD054_big.jpg,/Users/lazywords/Code/高卡紫相关/QQ群相册/机场休息室/images/4496F502-93BE-47BA-A997-2E09607BD054_big.jpg,cz死吗,2026年04月02日 18:04,xmnT3厦航休息室面积很小，一开始并没有报太多期待，但是进去之后餐食质量很高，本地特色有沙茶面，料给的很足，其他热餐水平全都在线，甚至还有关东煮，给到夯。,0,
473,5CA488C9-F087-49A7-BA24-E5FCCDFC8C13_big.jpg,/Users/lazywords/Code/高卡紫相关/QQ群相册/机场休息室/images/5CA488C9-F087-49A7-BA24-E5FCCDFC8C13_big.jpg,cz死吗,2026年04月02日 18:04,xmnT3厦航休息室面积很小，一开始并没有报太多期待，但是进去之后餐食质量很高，本地特色有沙茶面，料给的很足，其他热餐水平全都在线，甚至还有关东煮，给到夯。,0,
474,177F6F01-E06E-46A4-B04A-D774C0374145_big.jpg,/Users/lazywords/Code/高卡紫相关/QQ群相册/机场休息室/images/177F6F01-E06E-46A4-B04A-D774C0374145_big.jpg,cz死吗,2026年04月02日 18:04,xmnT3厦航休息室面积很小，一开始并没有报太多期待，但是进去之后餐食质量很高，本地特色有沙茶面，料给的很足，其他热餐水平全都在线，甚至还有关东煮，给到夯。,0,
475,8733C370-02A5-43E4-B422-EA44193A9EAA_big.jpg,/Users/lazywords/Code/高卡紫相关/QQ群相册/机场休息室/images/8733C370-02A5-43E4-B422-EA44193A9EAA_big.jpg,cz死吗,2026年04月02日 18:04,xmnT3厦航休息室面积很小，一开始并没有报太多期待，但是进去之后餐食质量很高，本地特色有沙茶面，料给的很足，其他热餐水平全都在线，甚至还有关东煮，给到夯。,0,
476,6467AE4C-5FBB-4BB9-AD5A-AA0101606860_big.jpg,/Users/lazywords/Code/高卡紫相关/QQ群相册/机场休息室/images/6467AE4C-5FBB-4BB9-AD5A-AA0101606860_big.jpg,cz死吗,2026年04月02日 18:04,xmnT3厦航休息室面积很小，一开始并没有报太多期待，但是进去之后餐食质量很高，本地特色有沙茶面，料给的很足，其他热餐水平全都在线，甚至还有关东煮，给到夯。,0,
477,2616AED9-77F6-4469-8A10-1ED7B944579B_big.jpg,/Users/lazywords/Code/高卡紫相关/QQ群相册/机场休息室/images/2616AED9-77F6-4469-8A10-1ED7B944579B_big.jpg,cz死吗,2026年04月02日 18:04,xmnT3厦航休息室面积很小，一开始并没有报太多期待，但是进去之后餐食质量很高，本地特色有沙茶面，料给的很足，其他热餐水平全都在线，甚至还有关东煮，给到夯。,0,
478,003D8F22-F8C0-40E9-A2DC-E6E4AC20CF4C_big.jpg,/Users/lazywords/Code/高卡紫相关/QQ群相册/机场休息室/images/003D8F22-F8C0-40E9-A2DC-E6E4AC20CF4C_big.jpg,cz死吗,2026年04月02日 18:04,xmnT3厦航休息室面积很小，一开始并没有报太多期待，但是进去之后餐食质量很高，本地特色有沙茶面，料给的很足，其他热餐水平全都在线，甚至还有关东煮，给到夯。,0,
479,C664FE68-3753-4FFF-A6C5-DCC097AFA085_big.jpg,/Users/lazywords/Code/高卡紫相关/QQ群相册/机场休息室/images/C664FE68-3753-4FFF-A6C5-DCC097AFA085_big.jpg,cz死吗,2026年04月02日 18:04,xmnT3厦航休息室面积很小，一开始并没有报太多期待，但是进去之后餐食质量很高，本地特色有沙茶面，料给的很足，其他热餐水平全都在线，甚至还有关东煮，给到夯。,0,
480,20260401_0911_HU马限时复活_f298dbb637.jpg,/Users/lazywords/Code/高卡紫相关/QQ群相册/机场休息室/images/20260401_0911_HU马限时复活_f298dbb637.jpg,HU马限时复活,2026年04月01日 09:11,"广州T1国内出发海翼轩
中国移动全球通合作休息室的含金量😄
小并且布局非常奇怪，间隔出了大量的不同功能区但看起来又高度一致，好处是深处没人去所以非常安静
餐食没招了 一坨",0,
481,20260401_0911_HU马限时复活_4fe680c6f6.jpg,/Users/lazywords/Code/高卡紫相关/QQ群相册/机场休息室/images/20260401_0911_HU马限时复活_4fe680c6f6.jpg,HU马限时复活,2026年04月01日 09:11,"广州T1国内出发海翼轩
中国移动全球通合作休息室的含金量😄
小并且布局非常奇怪，间隔出了大量的不同功能区但看起来又高度一致，好处是深处没人去所以非常安静
餐食没招了 一坨",0,
482,20260401_0911_HU马限时复活_6d55b33dbc.jpg,/Users/lazywords/Code/高卡紫相关/QQ群相册/机场休息室/images/20260401_0911_HU马限时复活_6d55b33dbc.jpg,HU马限时复活,2026年04月01日 09:11,"广州T1国内出发海翼轩
中国移动全球通合作休息室的含金量😄
小并且布局非常奇怪，间隔出了大量的不同功能区但看起来又高度一致，好处是深处没人去所以非常安静
餐食没招了 一坨",0,
483,20260401_0911_HU马限时复活_cd968d7c26.jpg,/Users/lazywords/Code/高卡紫相关/QQ群相册/机场休息室/images/20260401_0911_HU马限时复活_cd968d7c26.jpg,HU马限时复活,2026年04月01日 09:11,"广州T1国内出发海翼轩
中国移动全球通合作休息室的含金量😄
小并且布局非常奇怪，间隔出了大量的不同功能区但看起来又高度一致，好处是深处没人去所以非常安静
餐食没招了 一坨",0,
484,20260401_0911_HU马限时复活_3459df8efa.jpg,/Users/lazywords/Code/高卡紫相关/QQ群相册/机场休息室/images/20260401_0911_HU马限时复活_3459df8efa.jpg,HU马限时复活,2026年04月01日 09:11,"广州T1国内出发海翼轩
中国移动全球通合作休息室的含金量😄
小并且布局非常奇怪，间隔出了大量的不同功能区但看起来又高度一致，好处是深处没人去所以非常安静
餐食没招了 一坨",0,
485,20260401_0911_HU马限时复活_124216b17d.jpg,/Users/lazywords/Code/高卡紫相关/QQ群相册/机场休息室/images/20260401_0911_HU马限时复活_124216b17d.jpg,HU马限时复活,2026年04月01日 09:11,"广州T1国内出发海翼轩
中国移动全球通合作休息室的含金量😄
小并且布局非常奇怪，间隔出了大量的不同功能区但看起来又高度一致，好处是深处没人去所以非常安静
餐食没招了 一坨",0,
486,20260401_0911_HU马限时复活_25f2536e3c.jpg,/Users/lazywords/Code/高卡紫相关/QQ群相册/机场休息室/images/20260401_0911_HU马限时复活_25f2536e3c.jpg,HU马限时复活,2026年04月01日 09:11,"广州T1国内出发海翼轩
中国移动全球通合作休息室的含金量😄
小并且布局非常奇怪，间隔出了大量的不同功能区但看起来又高度一致，好处是深处没人去所以非常安静
餐食没招了 一坨",0,
487,20260401_0910_HU马限时复活_7be60b3ae7.jpg,/Users/lazywords/Code/高卡紫相关/QQ群相册/机场休息室/images/20260401_0910_HU马限时复活_7be60b3ae7.jpg,HU马限时复活,2026年04月01日 09:10,"广州T1国内出发海翼轩
中国移动全球通合作休息室的含金量😄
小并且布局非常奇怪，间隔出了大量的不同功能区但看起来又高度一致，好处是深处没人去所以非常安静
餐食没招了 一坨",0,
488,20260401_0910_HU马限时复活_ecea69432d.jpg,/Users/lazywords/Code/高卡紫相关/QQ群相册/机场休息室/images/20260401_0910_HU马限时复活_ecea69432d.jpg,HU马限时复活,2026年04月01日 09:10,"广州T1国内出发海翼轩
中国移动全球通合作休息室的含金量😄
小并且布局非常奇怪，间隔出了大量的不同功能区但看起来又高度一致，好处是深处没人去所以非常安静
餐食没招了 一坨",0,
489,20260401_0910_HU马限时复活_1ee7f4f272.jpg,/Users/lazywords/Code/高卡紫相关/QQ群相册/机场休息室/images/20260401_0910_HU马限时复活_1ee7f4f272.jpg,HU马限时复活,2026年04月01日 09:10,"广州T1国内出发海翼轩
中国移动全球通合作休息室的含金量😄
小并且布局非常奇怪，间隔出了大量的不同功能区但看起来又高度一致，好处是深处没人去所以非常安静
餐食没招了 一坨",0,
490,7B79D621-FC81-4BA8-B29B-F59548CD71A4_big.jpg,/Users/lazywords/Code/高卡紫相关/QQ群相册/机场休息室/images/7B79D621-FC81-4BA8-B29B-F59548CD71A4_big.jpg,弦卷心的Tourbillon Sm,2026年04月01日 09:01,"Qantas First Lounge
非常无聊，没什么可聊的，吃的喝的肉类还行，反正物理意义上就这一个也没得挑。
",0,
491,998329A5-B678-4620-BD76-51B10D115484_big.jpg,/Users/lazywords/Code/高卡紫相关/QQ群相册/机场休息室/images/998329A5-B678-4620-BD76-51B10D115484_big.jpg,弦卷心的Tourbillon Sm,2026年04月01日 09:01,"Qantas First Lounge
非常无聊，没什么可聊的，吃的喝的肉类还行，反正物理意义上就这一个也没得挑。
",0,
492,0E78014D-6A8D-423D-890C-36F9D7BD1E9F_big.jpg,/Users/lazywords/Code/高卡紫相关/QQ群相册/机场休息室/images/0E78014D-6A8D-423D-890C-36F9D7BD1E9F_big.jpg,弦卷心的Tourbillon Sm,2026年04月01日 09:01,"Qantas First Lounge
非常无聊，没什么可聊的，吃的喝的肉类还行，反正物理意义上就这一个也没得挑。
",0,
493,262F8C15-62B7-43A1-845F-CCCFDE1C5CBF_big.jpg,/Users/lazywords/Code/高卡紫相关/QQ群相册/机场休息室/images/262F8C15-62B7-43A1-845F-CCCFDE1C5CBF_big.jpg,弦卷心的Tourbillon Sm,2026年04月01日 09:01,"Qantas First Lounge
非常无聊，没什么可聊的，吃的喝的肉类还行，反正物理意义上就这一个也没得挑。
",0,
494,484E17AC-61A6-43FD-9C2F-0E5388274749_big.jpg,/Users/lazywords/Code/高卡紫相关/QQ群相册/机场休息室/images/484E17AC-61A6-43FD-9C2F-0E5388274749_big.jpg,弦卷心的Tourbillon Sm,2026年04月01日 09:01,"Qantas First Lounge
非常无聊，没什么可聊的，吃的喝的肉类还行，反正物理意义上就这一个也没得挑。
",0,
495,20260330_2248_黄瓜_f4ef990228.jpg,/Users/lazywords/Code/高卡紫相关/QQ群相册/机场休息室/images/20260330_2248_黄瓜_f4ef990228.jpg,黄瓜,2026年03月30日 22:48,SZX国内贵宾休息室③,0,
496,20260330_2248_黄瓜_d186135ebb.jpg,/Users/lazywords/Code/高卡紫相关/QQ群相册/机场休息室/images/20260330_2248_黄瓜_d186135ebb.jpg,黄瓜,2026年03月30日 22:48,SZX国内贵宾休息室③,0,
497,20260330_2248_黄瓜_f34312dd5b.jpg,/Users/lazywords/Code/高卡紫相关/QQ群相册/机场休息室/images/20260330_2248_黄瓜_f34312dd5b.jpg,黄瓜,2026年03月30日 22:48,SZX国内贵宾休息室③,0,
498,20260330_2248_黄瓜_fb3b37eddd.jpg,/Users/lazywords/Code/高卡紫相关/QQ群相册/机场休息室/images/20260330_2248_黄瓜_fb3b37eddd.jpg,黄瓜,2026年03月30日 22:48,SZX国内贵宾休息室③,0,
499,20260330_2248_黄瓜_faddd60020.jpg,/Users/lazywords/Code/高卡紫相关/QQ群相册/机场休息室/images/20260330_2248_黄瓜_faddd60020.jpg,黄瓜,2026年03月30日 22:48,SZX国内贵宾休息室③,0,
500,AB8615AD-CA17-47BC-97E7-7074C579EAC7_big.jpg,/Users/lazywords/Code/高卡紫相关/QQ群相册/机场休息室/images/AB8615AD-CA17-47BC-97E7-7074C579EAC7_big.jpg,万代死吗,2026年03月24日 12:01,玉衡堂 群友发烂了就不多赘述了,0,
501,1C2B5F3F-3ECC-4950-981C-F00EA67F1112_big.jpg,/Users/lazywords/Code/高卡紫相关/QQ群相册/机场休息室/images/1C2B5F3F-3ECC-4950-981C-F00EA67F1112_big.jpg,万代死吗,2026年03月24日 12:01,玉衡堂 群友发烂了就不多赘述了,0,
502,A1F788AD-C216-4290-9423-3FE947B89D46_big.jpg,/Users/lazywords/Code/高卡紫相关/QQ群相册/机场休息室/images/A1F788AD-C216-4290-9423-3FE947B89D46_big.jpg,万代死吗,2026年03月24日 12:01,玉衡堂 群友发烂了就不多赘述了,0,
503,17638138-A903-455B-9AA9-FBB0131C1836_big.jpg,/Users/lazywords/Code/高卡紫相关/QQ群相册/机场休息室/images/17638138-A903-455B-9AA9-FBB0131C1836_big.jpg,万代死吗,2026年03月24日 12:01,玉衡堂 群友发烂了就不多赘述了,0,
504,20260322_0740_6岔路口_em_e327853_em_矢泽兔熊_b0e616c0cd.jpg,/Users/lazywords/Code/高卡紫相关/QQ群相册/机场休息室/images/20260322_0740_6岔路口_em_e327853_em_矢泽兔熊_b0e616c0cd.jpg,6岔路口[em]e327853[/em]矢泽兔熊,2026年03月22日 07:40,"2026.03.21 BOS 波士顿机场Delta SKY Club，和Delta One联合修建的但是不飞Delta One的不能进Delta One 
饮料和软饮远好于AF的，空间巨大，似乎只有飞Delta才能用这个休息室，其他天合联盟航司+海航似乎只能用法航休息室。",0,
505,20260322_0740_6岔路口_em_e327853_em_矢泽兔熊_08cc5a8ae3.jpg,/Users/lazywords/Code/高卡紫相关/QQ群相册/机场休息室/images/20260322_0740_6岔路口_em_e327853_em_矢泽兔熊_08cc5a8ae3.jpg,6岔路口[em]e327853[/em]矢泽兔熊,2026年03月22日 07:40,"2026.03.21 BOS 波士顿机场Delta SKY Club，和Delta One联合修建的但是不飞Delta One的不能进Delta One 
饮料和软饮远好于AF的，空间巨大，似乎只有飞Delta才能用这个休息室，其他天合联盟航司+海航似乎只能用法航休息室。",0,
506,20260322_0740_6岔路口_em_e327853_em_矢泽兔熊_ca43063b3e.jpg,/Users/lazywords/Code/高卡紫相关/QQ群相册/机场休息室/images/20260322_0740_6岔路口_em_e327853_em_矢泽兔熊_ca43063b3e.jpg,6岔路口[em]e327853[/em]矢泽兔熊,2026年03月22日 07:40,"2026.03.21 BOS 波士顿机场Delta SKY Club，和Delta One联合修建的但是不飞Delta One的不能进Delta One 
饮料和软饮远好于AF的，空间巨大，似乎只有飞Delta才能用这个休息室，其他天合联盟航司+海航似乎只能用法航休息室。",0,
507,20260322_0740_6岔路口_em_e327853_em_矢泽兔熊_51a6bda98a.jpg,/Users/lazywords/Code/高卡紫相关/QQ群相册/机场休息室/images/20260322_0740_6岔路口_em_e327853_em_矢泽兔熊_51a6bda98a.jpg,6岔路口[em]e327853[/em]矢泽兔熊,2026年03月22日 07:40,"2026.03.21 BOS 波士顿机场Delta SKY Club，和Delta One联合修建的但是不飞Delta One的不能进Delta One 
饮料和软饮远好于AF的，空间巨大，似乎只有飞Delta才能用这个休息室，其他天合联盟航司+海航似乎只能用法航休息室。",0,
508,20260322_0740_6岔路口_em_e327853_em_矢泽兔熊_827b69c746.jpg,/Users/lazywords/Code/高卡紫相关/QQ群相册/机场休息室/images/20260322_0740_6岔路口_em_e327853_em_矢泽兔熊_827b69c746.jpg,6岔路口[em]e327853[/em]矢泽兔熊,2026年03月22日 07:40,"2026.03.21 BOS 波士顿机场Delta SKY Club，和Delta One联合修建的但是不飞Delta One的不能进Delta One 
饮料和软饮远好于AF的，空间巨大，似乎只有飞Delta才能用这个休息室，其他天合联盟航司+海航似乎只能用法航休息室。",0,
509,20260322_0740_6岔路口_em_e327853_em_矢泽兔熊_784687b3f1.jpg,/Users/lazywords/Code/高卡紫相关/QQ群相册/机场休息室/images/20260322_0740_6岔路口_em_e327853_em_矢泽兔熊_784687b3f1.jpg,6岔路口[em]e327853[/em]矢泽兔熊,2026年03月22日 07:40,"2026.03.21 BOS 波士顿机场Delta SKY Club，和Delta One联合修建的但是不飞Delta One的不能进Delta One 
饮料和软饮远好于AF的，空间巨大，似乎只有飞Delta才能用这个休息室，其他天合联盟航司+海航似乎只能用法航休息室。",0,
510,20260322_0740_6岔路口_em_e327853_em_矢泽兔熊_5b030e6947.jpg,/Users/lazywords/Code/高卡紫相关/QQ群相册/机场休息室/images/20260322_0740_6岔路口_em_e327853_em_矢泽兔熊_5b030e6947.jpg,6岔路口[em]e327853[/em]矢泽兔熊,2026年03月22日 07:40,"2026.03.21 BOS 波士顿机场Delta SKY Club，和Delta One联合修建的但是不飞Delta One的不能进Delta One 
饮料和软饮远好于AF的，空间巨大，似乎只有飞Delta才能用这个休息室，其他天合联盟航司+海航似乎只能用法航休息室。",0,
511,20260322_0740_6岔路口_em_e327853_em_矢泽兔熊_bffe75f185.jpg,/Users/lazywords/Code/高卡紫相关/QQ群相册/机场休息室/images/20260322_0740_6岔路口_em_e327853_em_矢泽兔熊_bffe75f185.jpg,6岔路口[em]e327853[/em]矢泽兔熊,2026年03月22日 07:40,"2026.03.21 BOS 波士顿机场Delta SKY Club，和Delta One联合修建的但是不飞Delta One的不能进Delta One 
饮料和软饮远好于AF的，空间巨大，似乎只有飞Delta才能用这个休息室，其他天合联盟航司+海航似乎只能用法航休息室。",0,
512,20260322_0740_6岔路口_em_e327853_em_矢泽兔熊_645be662ff.jpg,/Users/lazywords/Code/高卡紫相关/QQ群相册/机场休息室/images/20260322_0740_6岔路口_em_e327853_em_矢泽兔熊_645be662ff.jpg,6岔路口[em]e327853[/em]矢泽兔熊,2026年03月22日 07:40,"2026.03.21 BOS 波士顿机场Delta SKY Club，和Delta One联合修建的但是不飞Delta One的不能进Delta One 
饮料和软饮远好于AF的，空间巨大，似乎只有飞Delta才能用这个休息室，其他天合联盟航司+海航似乎只能用法航休息室。",0,
513,20260322_0740_6岔路口_em_e327853_em_矢泽兔熊_329eac3f55.jpg,/Users/lazywords/Code/高卡紫相关/QQ群相册/机场休息室/images/20260322_0740_6岔路口_em_e327853_em_矢泽兔熊_329eac3f55.jpg,6岔路口[em]e327853[/em]矢泽兔熊,2026年03月22日 07:40,"2026.03.21 BOS 波士顿机场Delta SKY Club，和Delta One联合修建的但是不飞Delta One的不能进Delta One 
饮料和软饮远好于AF的，空间巨大，似乎只有飞Delta才能用这个休息室，其他天合联盟航司+海航似乎只能用法航休息室。",0,
514,20260322_0740_6岔路口_em_e327853_em_矢泽兔熊_eeae65bf10.jpg,/Users/lazywords/Code/高卡紫相关/QQ群相册/机场休息室/images/20260322_0740_6岔路口_em_e327853_em_矢泽兔熊_eeae65bf10.jpg,6岔路口[em]e327853[/em]矢泽兔熊,2026年03月22日 07:40,"2026.03.21 BOS 波士顿机场Delta SKY Club，和Delta One联合修建的但是不飞Delta One的不能进Delta One 
饮料和软饮远好于AF的，空间巨大，似乎只有飞Delta才能用这个休息室，其他天合联盟航司+海航似乎只能用法航休息室。",0,
515,20260322_0740_6岔路口_em_e327853_em_矢泽兔熊_b197e7120b.jpg,/Users/lazywords/Code/高卡紫相关/QQ群相册/机场休息室/images/20260322_0740_6岔路口_em_e327853_em_矢泽兔熊_b197e7120b.jpg,6岔路口[em]e327853[/em]矢泽兔熊,2026年03月22日 07:40,"2026.03.21 BOS 波士顿机场Delta SKY Club，和Delta One联合修建的但是不飞Delta One的不能进Delta One 
饮料和软饮远好于AF的，空间巨大，似乎只有飞Delta才能用这个休息室，其他天合联盟航司+海航似乎只能用法航休息室。",0,
516,20260322_0740_6岔路口_em_e327853_em_矢泽兔熊_bd43f5d385.jpg,/Users/lazywords/Code/高卡紫相关/QQ群相册/机场休息室/images/20260322_0740_6岔路口_em_e327853_em_矢泽兔熊_bd43f5d385.jpg,6岔路口[em]e327853[/em]矢泽兔熊,2026年03月22日 07:40,"2026.03.21 BOS 波士顿机场Delta SKY Club，和Delta One联合修建的但是不飞Delta One的不能进Delta One 
饮料和软饮远好于AF的，空间巨大，似乎只有飞Delta才能用这个休息室，其他天合联盟航司+海航似乎只能用法航休息室。",0,
517,20260322_0740_6岔路口_em_e327853_em_矢泽兔熊_3a3d3fe394.jpg,/Users/lazywords/Code/高卡紫相关/QQ群相册/机场休息室/images/20260322_0740_6岔路口_em_e327853_em_矢泽兔熊_3a3d3fe394.jpg,6岔路口[em]e327853[/em]矢泽兔熊,2026年03月22日 07:40,"2026.03.21 BOS 波士顿机场Delta SKY Club，和Delta One联合修建的但是不飞Delta One的不能进Delta One 
饮料和软饮远好于AF的，空间巨大，似乎只有飞Delta才能用这个休息室，其他天合联盟航司+海航似乎只能用法航休息室。",0,
518,20260322_0740_6岔路口_em_e327853_em_矢泽兔熊_3f96a8899e.jpg,/Users/lazywords/Code/高卡紫相关/QQ群相册/机场休息室/images/20260322_0740_6岔路口_em_e327853_em_矢泽兔熊_3f96a8899e.jpg,6岔路口[em]e327853[/em]矢泽兔熊,2026年03月22日 07:40,"2026.03.21 BOS 波士顿机场Delta SKY Club，和Delta One联合修建的但是不飞Delta One的不能进Delta One 
饮料和软饮远好于AF的，空间巨大，似乎只有飞Delta才能用这个休息室，其他天合联盟航司+海航似乎只能用法航休息室。",0,
519,20260322_0740_6岔路口_em_e327853_em_矢泽兔熊_b56e1d6081.jpg,/Users/lazywords/Code/高卡紫相关/QQ群相册/机场休息室/images/20260322_0740_6岔路口_em_e327853_em_矢泽兔熊_b56e1d6081.jpg,6岔路口[em]e327853[/em]矢泽兔熊,2026年03月22日 07:40,"2026.03.21 BOS 波士顿机场Delta SKY Club，和Delta One联合修建的但是不飞Delta One的不能进Delta One 
饮料和软饮远好于AF的，空间巨大，似乎只有飞Delta才能用这个休息室，其他天合联盟航司+海航似乎只能用法航休息室。",0,
520,20260322_0740_6岔路口_em_e327853_em_矢泽兔熊_69681e2085.jpg,/Users/lazywords/Code/高卡紫相关/QQ群相册/机场休息室/images/20260322_0740_6岔路口_em_e327853_em_矢泽兔熊_69681e2085.jpg,6岔路口[em]e327853[/em]矢泽兔熊,2026年03月22日 07:40,"2026.03.21 BOS 波士顿机场Delta SKY Club，和Delta One联合修建的但是不飞Delta One的不能进Delta One 
饮料和软饮远好于AF的，空间巨大，似乎只有飞Delta才能用这个休息室，其他天合联盟航司+海航似乎只能用法航休息室。",0,
521,20260322_0740_6岔路口_em_e327853_em_矢泽兔熊_8168db33f5.jpg,/Users/lazywords/Code/高卡紫相关/QQ群相册/机场休息室/images/20260322_0740_6岔路口_em_e327853_em_矢泽兔熊_8168db33f5.jpg,6岔路口[em]e327853[/em]矢泽兔熊,2026年03月22日 07:40,"2026.03.21 BOS 波士顿机场Delta SKY Club，和Delta One联合修建的但是不飞Delta One的不能进Delta One 
饮料和软饮远好于AF的，空间巨大，似乎只有飞Delta才能用这个休息室，其他天合联盟航司+海航似乎只能用法航休息室。",0,
522,20260322_0740_6岔路口_em_e327853_em_矢泽兔熊_a7030df8df.jpg,/Users/lazywords/Code/高卡紫相关/QQ群相册/机场休息室/images/20260322_0740_6岔路口_em_e327853_em_矢泽兔熊_a7030df8df.jpg,6岔路口[em]e327853[/em]矢泽兔熊,2026年03月22日 07:40,"2026.03.21 BOS 波士顿机场Delta SKY Club，和Delta One联合修建的但是不飞Delta One的不能进Delta One 
饮料和软饮远好于AF的，空间巨大，似乎只有飞Delta才能用这个休息室，其他天合联盟航司+海航似乎只能用法航休息室。",0,
523,20260322_0740_6岔路口_em_e327853_em_矢泽兔熊_ff3e49069d.jpg,/Users/lazywords/Code/高卡紫相关/QQ群相册/机场休息室/images/20260322_0740_6岔路口_em_e327853_em_矢泽兔熊_ff3e49069d.jpg,6岔路口[em]e327853[/em]矢泽兔熊,2026年03月22日 07:40,"2026.03.21 BOS 波士顿机场Delta SKY Club，和Delta One联合修建的但是不飞Delta One的不能进Delta One 
饮料和软饮远好于AF的，空间巨大，似乎只有飞Delta才能用这个休息室，其他天合联盟航司+海航似乎只能用法航休息室。",0,
524,20260322_0740_6岔路口_em_e327853_em_矢泽兔熊_2da09e731f.jpg,/Users/lazywords/Code/高卡紫相关/QQ群相册/机场休息室/images/20260322_0740_6岔路口_em_e327853_em_矢泽兔熊_2da09e731f.jpg,6岔路口[em]e327853[/em]矢泽兔熊,2026年03月22日 07:40,"2026.03.21 BOS 波士顿机场Delta SKY Club，和Delta One联合修建的但是不飞Delta One的不能进Delta One 
饮料和软饮远好于AF的，空间巨大，似乎只有飞Delta才能用这个休息室，其他天合联盟航司+海航似乎只能用法航休息室。",0,
525,20260322_0740_6岔路口_em_e327853_em_矢泽兔熊_6a55d3067d.jpg,/Users/lazywords/Code/高卡紫相关/QQ群相册/机场休息室/images/20260322_0740_6岔路口_em_e327853_em_矢泽兔熊_6a55d3067d.jpg,6岔路口[em]e327853[/em]矢泽兔熊,2026年03月22日 07:40,"2026.03.21 BOS 波士顿机场Delta SKY Club，和Delta One联合修建的但是不飞Delta One的不能进Delta One 
饮料和软饮远好于AF的，空间巨大，似乎只有飞Delta才能用这个休息室，其他天合联盟航司+海航似乎只能用法航休息室。",0,
526,20260322_0740_6岔路口_em_e327853_em_矢泽兔熊_1fddb7878c.jpg,/Users/lazywords/Code/高卡紫相关/QQ群相册/机场休息室/images/20260322_0740_6岔路口_em_e327853_em_矢泽兔熊_1fddb7878c.jpg,6岔路口[em]e327853[/em]矢泽兔熊,2026年03月22日 07:40,"2026.03.21 BOS 波士顿机场Delta SKY Club，和Delta One联合修建的但是不飞Delta One的不能进Delta One 
饮料和软饮远好于AF的，空间巨大，似乎只有飞Delta才能用这个休息室，其他天合联盟航司+海航似乎只能用法航休息室。",0,
527,20260322_0740_6岔路口_em_e327853_em_矢泽兔熊_a3459be1b5.jpg,/Users/lazywords/Code/高卡紫相关/QQ群相册/机场休息室/images/20260322_0740_6岔路口_em_e327853_em_矢泽兔熊_a3459be1b5.jpg,6岔路口[em]e327853[/em]矢泽兔熊,2026年03月22日 07:40,"2026.03.21 BOS 波士顿机场Delta SKY Club，和Delta One联合修建的但是不飞Delta One的不能进Delta One 
饮料和软饮远好于AF的，空间巨大，似乎只有飞Delta才能用这个休息室，其他天合联盟航司+海航似乎只能用法航休息室。",0,
528,20260322_0739_6岔路口_em_e327853_em_矢泽兔熊_9d8f0dd846.jpg,/Users/lazywords/Code/高卡紫相关/QQ群相册/机场休息室/images/20260322_0739_6岔路口_em_e327853_em_矢泽兔熊_9d8f0dd846.jpg,6岔路口[em]e327853[/em]矢泽兔熊,2026年03月22日 07:39,"2026.03.21 BOS 波士顿机场Delta SKY Club，和Delta One联合修建的但是不飞Delta One的不能进Delta One 
饮料和软饮远好于AF的，空间巨大，似乎只有飞Delta才能用这个休息室，其他天合联盟航司+海航似乎只能用法航休息室。",0,
529,20260322_0739_6岔路口_em_e327853_em_矢泽兔熊_db3d90be5e.jpg,/Users/lazywords/Code/高卡紫相关/QQ群相册/机场休息室/images/20260322_0739_6岔路口_em_e327853_em_矢泽兔熊_db3d90be5e.jpg,6岔路口[em]e327853[/em]矢泽兔熊,2026年03月22日 07:39,"2026.03.21 BOS 波士顿机场Delta SKY Club，和Delta One联合修建的但是不飞Delta One的不能进Delta One 
饮料和软饮远好于AF的，空间巨大，似乎只有飞Delta才能用这个休息室，其他天合联盟航司+海航似乎只能用法航休息室。",0,
530,20260322_0739_6岔路口_em_e327853_em_矢泽兔熊_e134195fd0.jpg,/Users/lazywords/Code/高卡紫相关/QQ群相册/机场休息室/images/20260322_0739_6岔路口_em_e327853_em_矢泽兔熊_e134195fd0.jpg,6岔路口[em]e327853[/em]矢泽兔熊,2026年03月22日 07:39,"2026.03.21 BOS 波士顿机场Delta SKY Club，和Delta One联合修建的但是不飞Delta One的不能进Delta One 
饮料和软饮远好于AF的，空间巨大，似乎只有飞Delta才能用这个休息室，其他天合联盟航司+海航似乎只能用法航休息室。",0,
531,20260322_0739_6岔路口_em_e327853_em_矢泽兔熊_dd0d0f80f9.jpg,/Users/lazywords/Code/高卡紫相关/QQ群相册/机场休息室/images/20260322_0739_6岔路口_em_e327853_em_矢泽兔熊_dd0d0f80f9.jpg,6岔路口[em]e327853[/em]矢泽兔熊,2026年03月22日 07:39,"2026.03.21 BOS 波士顿机场Delta SKY Club，和Delta One联合修建的但是不飞Delta One的不能进Delta One 
饮料和软饮远好于AF的，空间巨大，似乎只有飞Delta才能用这个休息室，其他天合联盟航司+海航似乎只能用法航休息室。",0,
532,20260322_0739_6岔路口_em_e327853_em_矢泽兔熊_c9b2e14459.jpg,/Users/lazywords/Code/高卡紫相关/QQ群相册/机场休息室/images/20260322_0739_6岔路口_em_e327853_em_矢泽兔熊_c9b2e14459.jpg,6岔路口[em]e327853[/em]矢泽兔熊,2026年03月22日 07:39,"2026.03.21 BOS 波士顿机场Delta SKY Club，和Delta One联合修建的但是不飞Delta One的不能进Delta One 
饮料和软饮远好于AF的，空间巨大，似乎只有飞Delta才能用这个休息室，其他天合联盟航司+海航似乎只能用法航休息室。",0,
533,20260322_0713_6岔路口_em_e327853_em_矢泽兔熊_dce3865ff3.jpg,/Users/lazywords/Code/高卡紫相关/QQ群相册/机场休息室/images/20260322_0713_6岔路口_em_e327853_em_矢泽兔熊_dce3865ff3.jpg,6岔路口[em]e327853[/em]矢泽兔熊,2026年03月22日 07:13,2026.03.21 BOS 波士顿机场 Terminal E Air France休息室，设计语言和该有的都有了，虽然规模不大，但风格还是比较法航的，只是冷色用的有点过于凶猛了,0,
534,20260322_0713_6岔路口_em_e327853_em_矢泽兔熊_0fdf944b6d.jpg,/Users/lazywords/Code/高卡紫相关/QQ群相册/机场休息室/images/20260322_0713_6岔路口_em_e327853_em_矢泽兔熊_0fdf944b6d.jpg,6岔路口[em]e327853[/em]矢泽兔熊,2026年03月22日 07:13,2026.03.21 BOS 波士顿机场 Terminal E Air France休息室，设计语言和该有的都有了，虽然规模不大，但风格还是比较法航的，只是冷色用的有点过于凶猛了,0,
535,20260322_0713_6岔路口_em_e327853_em_矢泽兔熊_640c089bb9.jpg,/Users/lazywords/Code/高卡紫相关/QQ群相册/机场休息室/images/20260322_0713_6岔路口_em_e327853_em_矢泽兔熊_640c089bb9.jpg,6岔路口[em]e327853[/em]矢泽兔熊,2026年03月22日 07:13,2026.03.21 BOS 波士顿机场 Terminal E Air France休息室，设计语言和该有的都有了，虽然规模不大，但风格还是比较法航的，只是冷色用的有点过于凶猛了,0,
536,20260322_0713_6岔路口_em_e327853_em_矢泽兔熊_0b0ae547ba.jpg,/Users/lazywords/Code/高卡紫相关/QQ群相册/机场休息室/images/20260322_0713_6岔路口_em_e327853_em_矢泽兔熊_0b0ae547ba.jpg,6岔路口[em]e327853[/em]矢泽兔熊,2026年03月22日 07:13,2026.03.21 BOS 波士顿机场 Terminal E Air France休息室，设计语言和该有的都有了，虽然规模不大，但风格还是比较法航的，只是冷色用的有点过于凶猛了,0,
537,20260322_0713_6岔路口_em_e327853_em_矢泽兔熊_bfc4f0e930.jpg,/Users/lazywords/Code/高卡紫相关/QQ群相册/机场休息室/images/20260322_0713_6岔路口_em_e327853_em_矢泽兔熊_bfc4f0e930.jpg,6岔路口[em]e327853[/em]矢泽兔熊,2026年03月22日 07:13,2026.03.21 BOS 波士顿机场 Terminal E Air France休息室，设计语言和该有的都有了，虽然规模不大，但风格还是比较法航的，只是冷色用的有点过于凶猛了,0,
538,20260322_0713_6岔路口_em_e327853_em_矢泽兔熊_33185baddd.jpg,/Users/lazywords/Code/高卡紫相关/QQ群相册/机场休息室/images/20260322_0713_6岔路口_em_e327853_em_矢泽兔熊_33185baddd.jpg,6岔路口[em]e327853[/em]矢泽兔熊,2026年03月22日 07:13,2026.03.21 BOS 波士顿机场 Terminal E Air France休息室，设计语言和该有的都有了，虽然规模不大，但风格还是比较法航的，只是冷色用的有点过于凶猛了,0,
539,20260322_0713_6岔路口_em_e327853_em_矢泽兔熊_18250e7383.jpg,/Users/lazywords/Code/高卡紫相关/QQ群相册/机场休息室/images/20260322_0713_6岔路口_em_e327853_em_矢泽兔熊_18250e7383.jpg,6岔路口[em]e327853[/em]矢泽兔熊,2026年03月22日 07:13,2026.03.21 BOS 波士顿机场 Terminal E Air France休息室，设计语言和该有的都有了，虽然规模不大，但风格还是比较法航的，只是冷色用的有点过于凶猛了,0,
540,20260322_0713_6岔路口_em_e327853_em_矢泽兔熊_dd465fe175.jpg,/Users/lazywords/Code/高卡紫相关/QQ群相册/机场休息室/images/20260322_0713_6岔路口_em_e327853_em_矢泽兔熊_dd465fe175.jpg,6岔路口[em]e327853[/em]矢泽兔熊,2026年03月22日 07:13,2026.03.21 BOS 波士顿机场 Terminal E Air France休息室，设计语言和该有的都有了，虽然规模不大，但风格还是比较法航的，只是冷色用的有点过于凶猛了,0,
541,20260322_0713_6岔路口_em_e327853_em_矢泽兔熊_6d3c344de9.jpg,/Users/lazywords/Code/高卡紫相关/QQ群相册/机场休息室/images/20260322_0713_6岔路口_em_e327853_em_矢泽兔熊_6d3c344de9.jpg,6岔路口[em]e327853[/em]矢泽兔熊,2026年03月22日 07:13,2026.03.21 BOS 波士顿机场 Terminal E Air France休息室，设计语言和该有的都有了，虽然规模不大，但风格还是比较法航的，只是冷色用的有点过于凶猛了,0,
542,20260322_0713_6岔路口_em_e327853_em_矢泽兔熊_f647cf3562.jpg,/Users/lazywords/Code/高卡紫相关/QQ群相册/机场休息室/images/20260322_0713_6岔路口_em_e327853_em_矢泽兔熊_f647cf3562.jpg,6岔路口[em]e327853[/em]矢泽兔熊,2026年03月22日 07:13,2026.03.21 BOS 波士顿机场 Terminal E Air France休息室，设计语言和该有的都有了，虽然规模不大，但风格还是比较法航的，只是冷色用的有点过于凶猛了,0,
543,20260322_0713_6岔路口_em_e327853_em_矢泽兔熊_b6457b8c7c.jpg,/Users/lazywords/Code/高卡紫相关/QQ群相册/机场休息室/images/20260322_0713_6岔路口_em_e327853_em_矢泽兔熊_b6457b8c7c.jpg,6岔路口[em]e327853[/em]矢泽兔熊,2026年03月22日 07:13,2026.03.21 BOS 波士顿机场 Terminal E Air France休息室，设计语言和该有的都有了，虽然规模不大，但风格还是比较法航的，只是冷色用的有点过于凶猛了,0,
544,20260322_0713_6岔路口_em_e327853_em_矢泽兔熊_86d930ba50.jpg,/Users/lazywords/Code/高卡紫相关/QQ群相册/机场休息室/images/20260322_0713_6岔路口_em_e327853_em_矢泽兔熊_86d930ba50.jpg,6岔路口[em]e327853[/em]矢泽兔熊,2026年03月22日 07:13,2026.03.21 BOS 波士顿机场 Terminal E Air France休息室，设计语言和该有的都有了，虽然规模不大，但风格还是比较法航的，只是冷色用的有点过于凶猛了,0,
545,20260322_0713_6岔路口_em_e327853_em_矢泽兔熊_3e43c017e3.jpg,/Users/lazywords/Code/高卡紫相关/QQ群相册/机场休息室/images/20260322_0713_6岔路口_em_e327853_em_矢泽兔熊_3e43c017e3.jpg,6岔路口[em]e327853[/em]矢泽兔熊,2026年03月22日 07:13,2026.03.21 BOS 波士顿机场 Terminal E Air France休息室，设计语言和该有的都有了，虽然规模不大，但风格还是比较法航的，只是冷色用的有点过于凶猛了,0,
546,20260322_0713_6岔路口_em_e327853_em_矢泽兔熊_e79a31cbfd.jpg,/Users/lazywords/Code/高卡紫相关/QQ群相册/机场休息室/images/20260322_0713_6岔路口_em_e327853_em_矢泽兔熊_e79a31cbfd.jpg,6岔路口[em]e327853[/em]矢泽兔熊,2026年03月22日 07:13,2026.03.21 BOS 波士顿机场 Terminal E Air France休息室，设计语言和该有的都有了，虽然规模不大，但风格还是比较法航的，只是冷色用的有点过于凶猛了,0,
547,20260322_0713_6岔路口_em_e327853_em_矢泽兔熊_dfaa8ea187.jpg,/Users/lazywords/Code/高卡紫相关/QQ群相册/机场休息室/images/20260322_0713_6岔路口_em_e327853_em_矢泽兔熊_dfaa8ea187.jpg,6岔路口[em]e327853[/em]矢泽兔熊,2026年03月22日 07:13,2026.03.21 BOS 波士顿机场 Terminal E Air France休息室，设计语言和该有的都有了，虽然规模不大，但风格还是比较法航的，只是冷色用的有点过于凶猛了,0,
548,20260322_0713_6岔路口_em_e327853_em_矢泽兔熊_1ee57e6296.jpg,/Users/lazywords/Code/高卡紫相关/QQ群相册/机场休息室/images/20260322_0713_6岔路口_em_e327853_em_矢泽兔熊_1ee57e6296.jpg,6岔路口[em]e327853[/em]矢泽兔熊,2026年03月22日 07:13,2026.03.21 BOS 波士顿机场 Terminal E Air France休息室，设计语言和该有的都有了，虽然规模不大，但风格还是比较法航的，只是冷色用的有点过于凶猛了,0,
549,20260322_0713_6岔路口_em_e327853_em_矢泽兔熊_a9d9061076.jpg,/Users/lazywords/Code/高卡紫相关/QQ群相册/机场休息室/images/20260322_0713_6岔路口_em_e327853_em_矢泽兔熊_a9d9061076.jpg,6岔路口[em]e327853[/em]矢泽兔熊,2026年03月22日 07:13,2026.03.21 BOS 波士顿机场 Terminal E Air France休息室，设计语言和该有的都有了，虽然规模不大，但风格还是比较法航的，只是冷色用的有点过于凶猛了,0,
550,C556B997-782F-4EB8-A735-433BF48C517A_big.jpg,/Users/lazywords/Code/高卡紫相关/QQ群相册/机场休息室/images/C556B997-782F-4EB8-A735-433BF48C517A_big.jpg,lieriheart新干线拼票加我,2026年03月19日 16:53,"经典mu休息室
",0,
551,A165A81B-3651-4F06-A838-A128F8B10F62_big.jpg,/Users/lazywords/Code/高卡紫相关/QQ群相册/机场休息室/images/A165A81B-3651-4F06-A838-A128F8B10F62_big.jpg,lieriheart新干线拼票加我,2026年03月19日 16:53,"经典mu休息室
",0,
552,1D98EA7B-494D-4A98-B062-C1601D268413_big.jpg,/Users/lazywords/Code/高卡紫相关/QQ群相册/机场休息室/images/1D98EA7B-494D-4A98-B062-C1601D268413_big.jpg,lieriheart新干线拼票加我,2026年03月19日 16:53,"经典mu休息室
",0,
553,9F744F61-DDF1-4B34-A259-113BCACF89B4_big.jpg,/Users/lazywords/Code/高卡紫相关/QQ群相册/机场休息室/images/9F744F61-DDF1-4B34-A259-113BCACF89B4_big.jpg,lieriheart新干线拼票加我,2026年03月19日 16:53,"经典mu休息室
",0,
554,EC79DCD7-6A09-427C-9B97-831BB11C7E8E_big.jpg,/Users/lazywords/Code/高卡紫相关/QQ群相册/机场休息室/images/EC79DCD7-6A09-427C-9B97-831BB11C7E8E_big.jpg,lieriheart新干线拼票加我,2026年03月19日 16:53,"经典mu休息室
",0,
555,A33B22B6-C1B6-4B9C-8807-EB251A923177_big.jpg,/Users/lazywords/Code/高卡紫相关/QQ群相册/机场休息室/images/A33B22B6-C1B6-4B9C-8807-EB251A923177_big.jpg,lieriheart新干线拼票加我,2026年03月19日 16:53,"经典mu休息室
",0,
556,821393BA-3E6D-4F34-B4C6-82B15578C17D_big.jpg,/Users/lazywords/Code/高卡紫相关/QQ群相册/机场休息室/images/821393BA-3E6D-4F34-B4C6-82B15578C17D_big.jpg,lieriheart新干线拼票加我,2026年03月19日 16:53,"经典mu休息室
",0,
557,E47F4461-D320-4010-BF49-8949F3E23E0B_big.jpg,/Users/lazywords/Code/高卡紫相关/QQ群相册/机场休息室/images/E47F4461-D320-4010-BF49-8949F3E23E0B_big.jpg,lieriheart新干线拼票加我,2026年03月19日 16:53,"经典mu休息室
",0,
558,DE236F00-21C5-40EA-9ADF-FDB8ED9ECA73_big.jpg,/Users/lazywords/Code/高卡紫相关/QQ群相册/机场休息室/images/DE236F00-21C5-40EA-9ADF-FDB8ED9ECA73_big.jpg,lieriheart新干线拼票加我,2026年03月19日 16:53,"经典mu休息室
",0,
559,B39F9F28-52A7-4B57-B7CC-A310063DA132_big.jpg,/Users/lazywords/Code/高卡紫相关/QQ群相册/机场休息室/images/B39F9F28-52A7-4B57-B7CC-A310063DA132_big.jpg,lieriheart新干线拼票加我,2026年03月19日 16:53,"经典mu休息室
",0,
560,05D9A75E-F8AD-403C-9405-AB79DA7087C4_big.jpg,/Users/lazywords/Code/高卡紫相关/QQ群相册/机场休息室/images/05D9A75E-F8AD-403C-9405-AB79DA7087C4_big.jpg,lieriheart新干线拼票加我,2026年03月19日 16:53,"经典mu休息室
",0,
561,7F04E1E1-B44C-4A6D-8292-EB1BCD8B604B_big.jpg,/Users/lazywords/Code/高卡紫相关/QQ群相册/机场休息室/images/7F04E1E1-B44C-4A6D-8292-EB1BCD8B604B_big.jpg,lieriheart新干线拼票加我,2026年03月19日 16:53,"经典mu休息室
",0,
562,960443DB-9017-4161-B6CF-CA1DD233C1DA_big.jpg,/Users/lazywords/Code/高卡紫相关/QQ群相册/机场休息室/images/960443DB-9017-4161-B6CF-CA1DD233C1DA_big.jpg,lieriheart新干线拼票加我,2026年03月19日 16:53,"经典mu休息室
",0,
563,20260318_1452_HU马限时复活_b9253ae7ae.jpg,/Users/lazywords/Code/高卡紫相关/QQ群相册/机场休息室/images/20260318_1452_HU马限时复活_b9253ae7ae.jpg,HU马限时复活,2026年03月18日 14:52,"海航浦东T2国内线海翼轩休息室
本人最喜欢的国内线休息室之一，面积不大但非常舒适，可惜非正餐点没有热食（有全天面档，馄饨不错），饮品强力推荐生椰白茶，真的很好喝（
不支持信用卡进入导致人非常少，下午五六个staff服务我一个人，社恐max.jpg
PS：下雨别去，机场顶棚漏水（",0,
564,20260318_1452_HU马限时复活_c4fce25b7f.jpg,/Users/lazywords/Code/高卡紫相关/QQ群相册/机场休息室/images/20260318_1452_HU马限时复活_c4fce25b7f.jpg,HU马限时复活,2026年03月18日 14:52,"海航浦东T2国内线海翼轩休息室
本人最喜欢的国内线休息室之一，面积不大但非常舒适，可惜非正餐点没有热食（有全天面档，馄饨不错），饮品强力推荐生椰白茶，真的很好喝（
不支持信用卡进入导致人非常少，下午五六个staff服务我一个人，社恐max.jpg
PS：下雨别去，机场顶棚漏水（",0,
565,20260318_1452_HU马限时复活_a90ab974e7.jpg,/Users/lazywords/Code/高卡紫相关/QQ群相册/机场休息室/images/20260318_1452_HU马限时复活_a90ab974e7.jpg,HU马限时复活,2026年03月18日 14:52,"海航浦东T2国内线海翼轩休息室
本人最喜欢的国内线休息室之一，面积不大但非常舒适，可惜非正餐点没有热食（有全天面档，馄饨不错），饮品强力推荐生椰白茶，真的很好喝（
不支持信用卡进入导致人非常少，下午五六个staff服务我一个人，社恐max.jpg
PS：下雨别去，机场顶棚漏水（",0,
566,20260318_1452_HU马限时复活_e1ec004f69.jpg,/Users/lazywords/Code/高卡紫相关/QQ群相册/机场休息室/images/20260318_1452_HU马限时复活_e1ec004f69.jpg,HU马限时复活,2026年03月18日 14:52,"海航浦东T2国内线海翼轩休息室
本人最喜欢的国内线休息室之一，面积不大但非常舒适，可惜非正餐点没有热食（有全天面档，馄饨不错），饮品强力推荐生椰白茶，真的很好喝（
不支持信用卡进入导致人非常少，下午五六个staff服务我一个人，社恐max.jpg
PS：下雨别去，机场顶棚漏水（",0,
567,20260318_1452_HU马限时复活_e072a209b4.jpg,/Users/lazywords/Code/高卡紫相关/QQ群相册/机场休息室/images/20260318_1452_HU马限时复活_e072a209b4.jpg,HU马限时复活,2026年03月18日 14:52,"海航浦东T2国内线海翼轩休息室
本人最喜欢的国内线休息室之一，面积不大但非常舒适，可惜非正餐点没有热食（有全天面档，馄饨不错），饮品强力推荐生椰白茶，真的很好喝（
不支持信用卡进入导致人非常少，下午五六个staff服务我一个人，社恐max.jpg
PS：下雨别去，机场顶棚漏水（",0,
568,20260318_1452_HU马限时复活_f851760148.jpg,/Users/lazywords/Code/高卡紫相关/QQ群相册/机场休息室/images/20260318_1452_HU马限时复活_f851760148.jpg,HU马限时复活,2026年03月18日 14:52,"海航浦东T2国内线海翼轩休息室
本人最喜欢的国内线休息室之一，面积不大但非常舒适，可惜非正餐点没有热食（有全天面档，馄饨不错），饮品强力推荐生椰白茶，真的很好喝（
不支持信用卡进入导致人非常少，下午五六个staff服务我一个人，社恐max.jpg
PS：下雨别去，机场顶棚漏水（",0,
569,20260318_1452_HU马限时复活_ad21c47ae1.jpg,/Users/lazywords/Code/高卡紫相关/QQ群相册/机场休息室/images/20260318_1452_HU马限时复活_ad21c47ae1.jpg,HU马限时复活,2026年03月18日 14:52,"海航浦东T2国内线海翼轩休息室
本人最喜欢的国内线休息室之一，面积不大但非常舒适，可惜非正餐点没有热食（有全天面档，馄饨不错），饮品强力推荐生椰白茶，真的很好喝（
不支持信用卡进入导致人非常少，下午五六个staff服务我一个人，社恐max.jpg
PS：下雨别去，机场顶棚漏水（",0,
570,20260318_1452_HU马限时复活_e69ca9f7f3.jpg,/Users/lazywords/Code/高卡紫相关/QQ群相册/机场休息室/images/20260318_1452_HU马限时复活_e69ca9f7f3.jpg,HU马限时复活,2026年03月18日 14:52,"海航浦东T2国内线海翼轩休息室
本人最喜欢的国内线休息室之一，面积不大但非常舒适，可惜非正餐点没有热食（有全天面档，馄饨不错），饮品强力推荐生椰白茶，真的很好喝（
不支持信用卡进入导致人非常少，下午五六个staff服务我一个人，社恐max.jpg
PS：下雨别去，机场顶棚漏水（",0,
571,20260318_1452_HU马限时复活_0327b1c52d.jpg,/Users/lazywords/Code/高卡紫相关/QQ群相册/机场休息室/images/20260318_1452_HU马限时复活_0327b1c52d.jpg,HU马限时复活,2026年03月18日 14:52,"海航浦东T2国内线海翼轩休息室
本人最喜欢的国内线休息室之一，面积不大但非常舒适，可惜非正餐点没有热食（有全天面档，馄饨不错），饮品强力推荐生椰白茶，真的很好喝（
不支持信用卡进入导致人非常少，下午五六个staff服务我一个人，社恐max.jpg
PS：下雨别去，机场顶棚漏水（",0,
572,20260317_2132_HU马限时复活_da96f53440.jpg,/Users/lazywords/Code/高卡紫相关/QQ群相册/机场休息室/images/20260317_2132_HU马限时复活_da96f53440.jpg,HU马限时复活,2026年03月17日 21:32,"宝安机场卫星厅机场自营休息室
超级大通铺+20元级别酒店早，无力吐槽",0,
573,20260317_2132_HU马限时复活_0dc4dc602f.jpg,/Users/lazywords/Code/高卡紫相关/QQ群相册/机场休息室/images/20260317_2132_HU马限时复活_0dc4dc602f.jpg,HU马限时复活,2026年03月17日 21:32,"宝安机场卫星厅机场自营休息室
超级大通铺+20元级别酒店早，无力吐槽",0,
574,20260317_2132_HU马限时复活_7644bc6ac9.jpg,/Users/lazywords/Code/高卡紫相关/QQ群相册/机场休息室/images/20260317_2132_HU马限时复活_7644bc6ac9.jpg,HU马限时复活,2026年03月17日 21:32,"宝安机场卫星厅机场自营休息室
超级大通铺+20元级别酒店早，无力吐槽",0,
575,20260317_2132_HU马限时复活_85da9fc918.jpg,/Users/lazywords/Code/高卡紫相关/QQ群相册/机场休息室/images/20260317_2132_HU马限时复活_85da9fc918.jpg,HU马限时复活,2026年03月17日 21:32,"宝安机场卫星厅机场自营休息室
超级大通铺+20元级别酒店早，无力吐槽",0,
576,20260317_2132_HU马限时复活_7c0bc233b5.jpg,/Users/lazywords/Code/高卡紫相关/QQ群相册/机场休息室/images/20260317_2132_HU马限时复活_7c0bc233b5.jpg,HU马限时复活,2026年03月17日 21:32,"宝安机场卫星厅机场自营休息室
超级大通铺+20元级别酒店早，无力吐槽",0,
577,20260317_2132_HU马限时复活_f1da6862f2.jpg,/Users/lazywords/Code/高卡紫相关/QQ群相册/机场休息室/images/20260317_2132_HU马限时复活_f1da6862f2.jpg,HU马限时复活,2026年03月17日 21:32,"宝安机场卫星厅机场自营休息室
超级大通铺+20元级别酒店早，无力吐槽",0,
578,20260317_2132_HU马限时复活_95d890f63b.jpg,/Users/lazywords/Code/高卡紫相关/QQ群相册/机场休息室/images/20260317_2132_HU马限时复活_95d890f63b.jpg,HU马限时复活,2026年03月17日 21:32,"宝安机场卫星厅机场自营休息室
超级大通铺+20元级别酒店早，无力吐槽",0,
579,20260317_2132_HU马限时复活_9bade0f070.jpg,/Users/lazywords/Code/高卡紫相关/QQ群相册/机场休息室/images/20260317_2132_HU马限时复活_9bade0f070.jpg,HU马限时复活,2026年03月17日 21:32,"宝安机场卫星厅机场自营休息室
超级大通铺+20元级别酒店早，无力吐槽",0,
580,20260317_2132_HU马限时复活_754ffd8ccb.jpg,/Users/lazywords/Code/高卡紫相关/QQ群相册/机场休息室/images/20260317_2132_HU马限时复活_754ffd8ccb.jpg,HU马限时复活,2026年03月17日 21:32,"宝安机场卫星厅机场自营休息室
超级大通铺+20元级别酒店早，无力吐槽",0,
581,20260317_0242_6岔路口_em_e327853_em_矢泽兔熊_a8cb1999d7.jpg,/Users/lazywords/Code/高卡紫相关/QQ群相册/机场休息室/images/20260317_0242_6岔路口_em_e327853_em_矢泽兔熊_a8cb1999d7.jpg,6岔路口[em]e327853[/em]矢泽兔熊,2026年03月17日 02:42,2026.03.14 DFW D大厅，AmEx Centurion Lounge，依旧排队像菜市场，waitlist周期长达35mins，体量不够大，树莓味茶水还行，猪肉死硬，鸡肉味道还行，汤还可以，就是给一个漂亮的地方吃点果腹的热饭，味道不如欧洲，但热饭比欧洲多，能吃反正。,0,
582,20260317_0242_6岔路口_em_e327853_em_矢泽兔熊_13bf6dabeb.jpg,/Users/lazywords/Code/高卡紫相关/QQ群相册/机场休息室/images/20260317_0242_6岔路口_em_e327853_em_矢泽兔熊_13bf6dabeb.jpg,6岔路口[em]e327853[/em]矢泽兔熊,2026年03月17日 02:42,2026.03.14 DFW D大厅，AmEx Centurion Lounge，依旧排队像菜市场，waitlist周期长达35mins，体量不够大，树莓味茶水还行，猪肉死硬，鸡肉味道还行，汤还可以，就是给一个漂亮的地方吃点果腹的热饭，味道不如欧洲，但热饭比欧洲多，能吃反正。,0,
583,20260317_0242_6岔路口_em_e327853_em_矢泽兔熊_3e9f31d1ca.jpg,/Users/lazywords/Code/高卡紫相关/QQ群相册/机场休息室/images/20260317_0242_6岔路口_em_e327853_em_矢泽兔熊_3e9f31d1ca.jpg,6岔路口[em]e327853[/em]矢泽兔熊,2026年03月17日 02:42,2026.03.14 DFW D大厅，AmEx Centurion Lounge，依旧排队像菜市场，waitlist周期长达35mins，体量不够大，树莓味茶水还行，猪肉死硬，鸡肉味道还行，汤还可以，就是给一个漂亮的地方吃点果腹的热饭，味道不如欧洲，但热饭比欧洲多，能吃反正。,0,
584,20260317_0242_6岔路口_em_e327853_em_矢泽兔熊_03c9fd7399.jpg,/Users/lazywords/Code/高卡紫相关/QQ群相册/机场休息室/images/20260317_0242_6岔路口_em_e327853_em_矢泽兔熊_03c9fd7399.jpg,6岔路口[em]e327853[/em]矢泽兔熊,2026年03月17日 02:42,2026.03.14 DFW D大厅，AmEx Centurion Lounge，依旧排队像菜市场，waitlist周期长达35mins，体量不够大，树莓味茶水还行，猪肉死硬，鸡肉味道还行，汤还可以，就是给一个漂亮的地方吃点果腹的热饭，味道不如欧洲，但热饭比欧洲多，能吃反正。,0,
585,20260317_0242_6岔路口_em_e327853_em_矢泽兔熊_0dd223ba98.jpg,/Users/lazywords/Code/高卡紫相关/QQ群相册/机场休息室/images/20260317_0242_6岔路口_em_e327853_em_矢泽兔熊_0dd223ba98.jpg,6岔路口[em]e327853[/em]矢泽兔熊,2026年03月17日 02:42,2026.03.14 DFW D大厅，AmEx Centurion Lounge，依旧排队像菜市场，waitlist周期长达35mins，体量不够大，树莓味茶水还行，猪肉死硬，鸡肉味道还行，汤还可以，就是给一个漂亮的地方吃点果腹的热饭，味道不如欧洲，但热饭比欧洲多，能吃反正。,0,
586,20260317_0242_6岔路口_em_e327853_em_矢泽兔熊_1b32add669.jpg,/Users/lazywords/Code/高卡紫相关/QQ群相册/机场休息室/images/20260317_0242_6岔路口_em_e327853_em_矢泽兔熊_1b32add669.jpg,6岔路口[em]e327853[/em]矢泽兔熊,2026年03月17日 02:42,2026.03.14 DFW D大厅，AmEx Centurion Lounge，依旧排队像菜市场，waitlist周期长达35mins，体量不够大，树莓味茶水还行，猪肉死硬，鸡肉味道还行，汤还可以，就是给一个漂亮的地方吃点果腹的热饭，味道不如欧洲，但热饭比欧洲多，能吃反正。,0,
587,20260317_0242_6岔路口_em_e327853_em_矢泽兔熊_67d893e084.jpg,/Users/lazywords/Code/高卡紫相关/QQ群相册/机场休息室/images/20260317_0242_6岔路口_em_e327853_em_矢泽兔熊_67d893e084.jpg,6岔路口[em]e327853[/em]矢泽兔熊,2026年03月17日 02:42,2026.03.14 DFW D大厅，AmEx Centurion Lounge，依旧排队像菜市场，waitlist周期长达35mins，体量不够大，树莓味茶水还行，猪肉死硬，鸡肉味道还行，汤还可以，就是给一个漂亮的地方吃点果腹的热饭，味道不如欧洲，但热饭比欧洲多，能吃反正。,0,
588,20260317_0242_6岔路口_em_e327853_em_矢泽兔熊_01bfe5fbd8.jpg,/Users/lazywords/Code/高卡紫相关/QQ群相册/机场休息室/images/20260317_0242_6岔路口_em_e327853_em_矢泽兔熊_01bfe5fbd8.jpg,6岔路口[em]e327853[/em]矢泽兔熊,2026年03月17日 02:42,2026.03.14 DFW D大厅，AmEx Centurion Lounge，依旧排队像菜市场，waitlist周期长达35mins，体量不够大，树莓味茶水还行，猪肉死硬，鸡肉味道还行，汤还可以，就是给一个漂亮的地方吃点果腹的热饭，味道不如欧洲，但热饭比欧洲多，能吃反正。,0,
589,20260317_0242_6岔路口_em_e327853_em_矢泽兔熊_aede0b4e98.jpg,/Users/lazywords/Code/高卡紫相关/QQ群相册/机场休息室/images/20260317_0242_6岔路口_em_e327853_em_矢泽兔熊_aede0b4e98.jpg,6岔路口[em]e327853[/em]矢泽兔熊,2026年03月17日 02:42,2026.03.14 DFW D大厅，AmEx Centurion Lounge，依旧排队像菜市场，waitlist周期长达35mins，体量不够大，树莓味茶水还行，猪肉死硬，鸡肉味道还行，汤还可以，就是给一个漂亮的地方吃点果腹的热饭，味道不如欧洲，但热饭比欧洲多，能吃反正。,0,
590,20260317_0242_6岔路口_em_e327853_em_矢泽兔熊_eb3cefd2ad.jpg,/Users/lazywords/Code/高卡紫相关/QQ群相册/机场休息室/images/20260317_0242_6岔路口_em_e327853_em_矢泽兔熊_eb3cefd2ad.jpg,6岔路口[em]e327853[/em]矢泽兔熊,2026年03月17日 02:42,2026.03.14 DFW D大厅，AmEx Centurion Lounge，依旧排队像菜市场，waitlist周期长达35mins，体量不够大，树莓味茶水还行，猪肉死硬，鸡肉味道还行，汤还可以，就是给一个漂亮的地方吃点果腹的热饭，味道不如欧洲，但热饭比欧洲多，能吃反正。,0,
591,20260317_0242_6岔路口_em_e327853_em_矢泽兔熊_58ab2efd23.jpg,/Users/lazywords/Code/高卡紫相关/QQ群相册/机场休息室/images/20260317_0242_6岔路口_em_e327853_em_矢泽兔熊_58ab2efd23.jpg,6岔路口[em]e327853[/em]矢泽兔熊,2026年03月17日 02:42,2026.03.14 DFW D大厅，AmEx Centurion Lounge，依旧排队像菜市场，waitlist周期长达35mins，体量不够大，树莓味茶水还行，猪肉死硬，鸡肉味道还行，汤还可以，就是给一个漂亮的地方吃点果腹的热饭，味道不如欧洲，但热饭比欧洲多，能吃反正。,0,
592,20260317_0242_6岔路口_em_e327853_em_矢泽兔熊_4a15cad120.jpg,/Users/lazywords/Code/高卡紫相关/QQ群相册/机场休息室/images/20260317_0242_6岔路口_em_e327853_em_矢泽兔熊_4a15cad120.jpg,6岔路口[em]e327853[/em]矢泽兔熊,2026年03月17日 02:42,2026.03.14 DFW D大厅，AmEx Centurion Lounge，依旧排队像菜市场，waitlist周期长达35mins，体量不够大，树莓味茶水还行，猪肉死硬，鸡肉味道还行，汤还可以，就是给一个漂亮的地方吃点果腹的热饭，味道不如欧洲，但热饭比欧洲多，能吃反正。,0,
593,20260317_0224_6岔路口_em_e327853_em_矢泽兔熊_c4bb902e53.jpg,/Users/lazywords/Code/高卡紫相关/QQ群相册/机场休息室/images/20260317_0224_6岔路口_em_e327853_em_矢泽兔熊_c4bb902e53.jpg,6岔路口[em]e327853[/em]矢泽兔熊,2026年03月17日 02:24,2026.03.16 MCI 堪萨斯城国际机场 Escape Lounge，AmEx和PP卡都能进，吃的平平无奇，但是土豆泥好吃。,0,
594,20260317_0224_6岔路口_em_e327853_em_矢泽兔熊_66a319b941.jpg,/Users/lazywords/Code/高卡紫相关/QQ群相册/机场休息室/images/20260317_0224_6岔路口_em_e327853_em_矢泽兔熊_66a319b941.jpg,6岔路口[em]e327853[/em]矢泽兔熊,2026年03月17日 02:24,2026.03.16 MCI 堪萨斯城国际机场 Escape Lounge，AmEx和PP卡都能进，吃的平平无奇，但是土豆泥好吃。,0,
595,20260317_0224_6岔路口_em_e327853_em_矢泽兔熊_cdda29100e.jpg,/Users/lazywords/Code/高卡紫相关/QQ群相册/机场休息室/images/20260317_0224_6岔路口_em_e327853_em_矢泽兔熊_cdda29100e.jpg,6岔路口[em]e327853[/em]矢泽兔熊,2026年03月17日 02:24,2026.03.16 MCI 堪萨斯城国际机场 Escape Lounge，AmEx和PP卡都能进，吃的平平无奇，但是土豆泥好吃。,0,
596,20260317_0224_6岔路口_em_e327853_em_矢泽兔熊_c8ada93735.jpg,/Users/lazywords/Code/高卡紫相关/QQ群相册/机场休息室/images/20260317_0224_6岔路口_em_e327853_em_矢泽兔熊_c8ada93735.jpg,6岔路口[em]e327853[/em]矢泽兔熊,2026年03月17日 02:24,2026.03.16 MCI 堪萨斯城国际机场 Escape Lounge，AmEx和PP卡都能进，吃的平平无奇，但是土豆泥好吃。,0,
597,20260317_0224_6岔路口_em_e327853_em_矢泽兔熊_c4e0c9f214.jpg,/Users/lazywords/Code/高卡紫相关/QQ群相册/机场休息室/images/20260317_0224_6岔路口_em_e327853_em_矢泽兔熊_c4e0c9f214.jpg,6岔路口[em]e327853[/em]矢泽兔熊,2026年03月17日 02:24,2026.03.16 MCI 堪萨斯城国际机场 Escape Lounge，AmEx和PP卡都能进，吃的平平无奇，但是土豆泥好吃。,0,
598,20260317_0224_6岔路口_em_e327853_em_矢泽兔熊_14e995c253.jpg,/Users/lazywords/Code/高卡紫相关/QQ群相册/机场休息室/images/20260317_0224_6岔路口_em_e327853_em_矢泽兔熊_14e995c253.jpg,6岔路口[em]e327853[/em]矢泽兔熊,2026年03月17日 02:24,2026.03.16 MCI 堪萨斯城国际机场 Escape Lounge，AmEx和PP卡都能进，吃的平平无奇，但是土豆泥好吃。,0,
599,20260317_0224_6岔路口_em_e327853_em_矢泽兔熊_9824684126.jpg,/Users/lazywords/Code/高卡紫相关/QQ群相册/机场休息室/images/20260317_0224_6岔路口_em_e327853_em_矢泽兔熊_9824684126.jpg,6岔路口[em]e327853[/em]矢泽兔熊,2026年03月17日 02:24,2026.03.16 MCI 堪萨斯城国际机场 Escape Lounge，AmEx和PP卡都能进，吃的平平无奇，但是土豆泥好吃。,0,
600,3E978C23-4B27-4E40-928A-F3AB88872893_big.jpg,/Users/lazywords/Code/高卡紫相关/QQ群相册/机场休息室/images/3E978C23-4B27-4E40-928A-F3AB88872893_big.jpg,弦卷心的Tourbillon Sm,2026年04月05日 13:51,"hnd delta，cocktail和威士忌还可以吃的现做的一般，一个乌冬面我都懒得拍，主要是也吃过了。
只有delta有东京直飞亚特兰大，没办法…",0,
601,A75E392C-1AA8-474B-A8F4-D0D0D8063A9B_big.jpg,/Users/lazywords/Code/高卡紫相关/QQ群相册/机场休息室/images/A75E392C-1AA8-474B-A8F4-D0D0D8063A9B_big.jpg,弦卷心的Tourbillon Sm,2026年04月05日 13:51,"hnd delta，cocktail和威士忌还可以吃的现做的一般，一个乌冬面我都懒得拍，主要是也吃过了。
只有delta有东京直飞亚特兰大，没办法…",0,
602,89DC6A1F-E617-4BF3-9C0F-DE1D7E8B3B6E_big.jpg,/Users/lazywords/Code/高卡紫相关/QQ群相册/机场休息室/images/89DC6A1F-E617-4BF3-9C0F-DE1D7E8B3B6E_big.jpg,弦卷心的Tourbillon Sm,2026年04月05日 13:51,"hnd delta，cocktail和威士忌还可以吃的现做的一般，一个乌冬面我都懒得拍，主要是也吃过了。
只有delta有东京直飞亚特兰大，没办法…",0,
603,8530F78E-8DFD-4D69-9E75-2D4C7ED9E1E6_big.jpg,/Users/lazywords/Code/高卡紫相关/QQ群相册/机场休息室/images/8530F78E-8DFD-4D69-9E75-2D4C7ED9E1E6_big.jpg,弦卷心的Tourbillon Sm,2026年04月05日 13:51,"hnd delta，cocktail和威士忌还可以吃的现做的一般，一个乌冬面我都懒得拍，主要是也吃过了。
只有delta有东京直飞亚特兰大，没办法…",0,
604,E26A4F0E-6DD3-47C9-B551-F4C3B8C59532_big.jpg,/Users/lazywords/Code/高卡紫相关/QQ群相册/机场休息室/images/E26A4F0E-6DD3-47C9-B551-F4C3B8C59532_big.jpg,弦卷心的Tourbillon Sm,2026年04月05日 13:51,"hnd delta，cocktail和威士忌还可以吃的现做的一般，一个乌冬面我都懒得拍，主要是也吃过了。
只有delta有东京直飞亚特兰大，没办法…",0,
605,50BC6F77-8C15-4F83-BCD7-BA73AAB5910E_big.jpg,/Users/lazywords/Code/高卡紫相关/QQ群相册/机场休息室/images/50BC6F77-8C15-4F83-BCD7-BA73AAB5910E_big.jpg,弦卷心的Tourbillon Sm,2026年04月05日 13:52,"hnd delta，cocktail和威士忌还可以吃的现做的一般，一个乌冬面我都懒得拍，主要是也吃过了。
只有delta有东京直飞亚特兰大，没办法…",0,
606,IMG_033_20260406_1852_a539c6c9.jpg,/Users/lazywords/Code/高卡紫相关/QQ群相册/机场休息室/images/IMG_033_20260406_1852_a539c6c9.jpg,Green Ghost,2026年04月06日 18:52,西安T2 V25,0,
607,4075C59B-0554-4792-9B98-EE2BE4CE3D20_hd.jpg,/Users/lazywords/Code/高卡紫相关/QQ群相册/机场休息室/images/4075C59B-0554-4792-9B98-EE2BE4CE3D20_hd.jpg,希思罗T5 Domestic死吗,2026年04月07日 23:28,"伦敦希思罗机场T3 国泰航空头等舱休息室

整个休息室面积很小，只有很小一部分公共区域和一个面积尚可的用餐区。卫生间和淋浴间需要和旁边的商务舱休息室共享。并且头等舱区域没有独立的reception，属于随意进出的区域。

休息室用餐区的餐食味道尚可，无功无过。羊肉卷的味道意外的很好，属于小惊喜。其他的不是很推荐。餐厅部分服务员服务意识欠佳，不会主动收走用完的餐食。用餐区酒单质量一般，并且需要主动询问才会提供。",0,
608,EC17DE91-FDAD-41B4-B985-B25D1B4658C6_hd.jpg,/Users/lazywords/Code/高卡紫相关/QQ群相册/机场休息室/images/EC17DE91-FDAD-41B4-B985-B25D1B4658C6_hd.jpg,希思罗T5 Domestic死吗,2026年04月07日 23:28,"伦敦希思罗机场T3 国泰航空头等舱休息室

整个休息室面积很小，只有很小一部分公共区域和一个面积尚可的用餐区。卫生间和淋浴间需要和旁边的商务舱休息室共享。并且头等舱区域没有独立的reception，属于随意进出的区域。

休息室用餐区的餐食味道尚可，无功无过。羊肉卷的味道意外的很好，属于小惊喜。其他的不是很推荐。餐厅部分服务员服务意识欠佳，不会主动收走用完的餐食。用餐区酒单质量一般，并且需要主动询问才会提供。",0,
609,2DC4A28E-8E64-48DA-BA45-B8D0E7C27DD2_hd.jpg,/Users/lazywords/Code/高卡紫相关/QQ群相册/机场休息室/images/2DC4A28E-8E64-48DA-BA45-B8D0E7C27DD2_hd.jpg,希思罗T5 Domestic死吗,2026年04月07日 23:28,"伦敦希思罗机场T3 国泰航空头等舱休息室

整个休息室面积很小，只有很小一部分公共区域和一个面积尚可的用餐区。卫生间和淋浴间需要和旁边的商务舱休息室共享。并且头等舱区域没有独立的reception，属于随意进出的区域。

休息室用餐区的餐食味道尚可，无功无过。羊肉卷的味道意外的很好，属于小惊喜。其他的不是很推荐。餐厅部分服务员服务意识欠佳，不会主动收走用完的餐食。用餐区酒单质量一般，并且需要主动询问才会提供。",0,
610,E514B2B9-C2CE-4B5F-9B49-E207BE5B41C1_hd.jpg,/Users/lazywords/Code/高卡紫相关/QQ群相册/机场休息室/images/E514B2B9-C2CE-4B5F-9B49-E207BE5B41C1_hd.jpg,希思罗T5 Domestic死吗,2026年04月07日 23:28,"伦敦希思罗机场T3 国泰航空头等舱休息室

整个休息室面积很小，只有很小一部分公共区域和一个面积尚可的用餐区。卫生间和淋浴间需要和旁边的商务舱休息室共享。并且头等舱区域没有独立的reception，属于随意进出的区域。

休息室用餐区的餐食味道尚可，无功无过。羊肉卷的味道意外的很好，属于小惊喜。其他的不是很推荐。餐厅部分服务员服务意识欠佳，不会主动收走用完的餐食。用餐区酒单质量一般，并且需要主动询问才会提供。",0,
611,682BF785-1209-42D8-AFB6-B988FD920EC2_hd.jpg,/Users/lazywords/Code/高卡紫相关/QQ群相册/机场休息室/images/682BF785-1209-42D8-AFB6-B988FD920EC2_hd.jpg,希思罗T5 Domestic死吗,2026年04月07日 23:28,"伦敦希思罗机场T3 国泰航空头等舱休息室

整个休息室面积很小，只有很小一部分公共区域和一个面积尚可的用餐区。卫生间和淋浴间需要和旁边的商务舱休息室共享。并且头等舱区域没有独立的reception，属于随意进出的区域。

休息室用餐区的餐食味道尚可，无功无过。羊肉卷的味道意外的很好，属于小惊喜。其他的不是很推荐。餐厅部分服务员服务意识欠佳，不会主动收走用完的餐食。用餐区酒单质量一般，并且需要主动询问才会提供。",0,
612,D72E4792-AF4D-4472-B59F-1FB6A9D20E95_hd.jpg,/Users/lazywords/Code/高卡紫相关/QQ群相册/机场休息室/images/D72E4792-AF4D-4472-B59F-1FB6A9D20E95_hd.jpg,希思罗T5 Domestic死吗,2026年04月07日 23:28,"伦敦希思罗机场T3 国泰航空头等舱休息室

整个休息室面积很小，只有很小一部分公共区域和一个面积尚可的用餐区。卫生间和淋浴间需要和旁边的商务舱休息室共享。并且头等舱区域没有独立的reception，属于随意进出的区域。

休息室用餐区的餐食味道尚可，无功无过。羊肉卷的味道意外的很好，属于小惊喜。其他的不是很推荐。餐厅部分服务员服务意识欠佳，不会主动收走用完的餐食。用餐区酒单质量一般，并且需要主动询问才会提供。",0,
613,B06EAE74-83ED-4C3E-B841-8106B1876189_hd.jpg,/Users/lazywords/Code/高卡紫相关/QQ群相册/机场休息室/images/B06EAE74-83ED-4C3E-B841-8106B1876189_hd.jpg,希思罗T5 Domestic死吗,2026年04月07日 23:28,"伦敦希思罗机场T3 国泰航空头等舱休息室

整个休息室面积很小，只有很小一部分公共区域和一个面积尚可的用餐区。卫生间和淋浴间需要和旁边的商务舱休息室共享。并且头等舱区域没有独立的reception，属于随意进出的区域。

休息室用餐区的餐食味道尚可，无功无过。羊肉卷的味道意外的很好，属于小惊喜。其他的不是很推荐。餐厅部分服务员服务意识欠佳，不会主动收走用完的餐食。用餐区酒单质量一般，并且需要主动询问才会提供。",0,
614,44569F8A-BE00-4F3B-9F80-EF852D7CDABF_hd.jpg,/Users/lazywords/Code/高卡紫相关/QQ群相册/机场休息室/images/44569F8A-BE00-4F3B-9F80-EF852D7CDABF_hd.jpg,希思罗T5 Domestic死吗,2026年04月07日 23:28,"伦敦希思罗机场T3 国泰航空头等舱休息室

整个休息室面积很小，只有很小一部分公共区域和一个面积尚可的用餐区。卫生间和淋浴间需要和旁边的商务舱休息室共享。并且头等舱区域没有独立的reception，属于随意进出的区域。

休息室用餐区的餐食味道尚可，无功无过。羊肉卷的味道意外的很好，属于小惊喜。其他的不是很推荐。餐厅部分服务员服务意识欠佳，不会主动收走用完的餐食。用餐区酒单质量一般，并且需要主动询问才会提供。",0,
615,3E653968-6354-4D09-8F14-AC1F42E4AE5E_hd.jpg,/Users/lazywords/Code/高卡紫相关/QQ群相册/机场休息室/images/3E653968-6354-4D09-8F14-AC1F42E4AE5E_hd.jpg,希思罗T5 Domestic死吗,2026年04月09日 09:00,"国泰航空玉衡堂头等舱休息室

新菜单（真新吗）

三二公馆一如既往地前菜比主菜好吃。。。",0,
616,5D0D4E52-7344-46AD-825E-647C4F6A7A42_hd.jpg,/Users/lazywords/Code/高卡紫相关/QQ群相册/机场休息室/images/5D0D4E52-7344-46AD-825E-647C4F6A7A42_hd.jpg,希思罗T5 Domestic死吗,2026年04月09日 09:00,"国泰航空玉衡堂头等舱休息室

新菜单（真新吗）

三二公馆一如既往地前菜比主菜好吃。。。",0,
617,21B05ACF-7C9A-49B3-A471-F5F2375D055D_hd.jpg,/Users/lazywords/Code/高卡紫相关/QQ群相册/机场休息室/images/21B05ACF-7C9A-49B3-A471-F5F2375D055D_hd.jpg,希思罗T5 Domestic死吗,2026年04月09日 09:00,"国泰航空玉衡堂头等舱休息室

新菜单（真新吗）

三二公馆一如既往地前菜比主菜好吃。。。",0,
618,F53D7678-0C54-45DD-88C0-161051377C1F_hd.jpg,/Users/lazywords/Code/高卡紫相关/QQ群相册/机场休息室/images/F53D7678-0C54-45DD-88C0-161051377C1F_hd.jpg,希思罗T5 Domestic死吗,2026年04月09日 09:00,"国泰航空玉衡堂头等舱休息室

新菜单（真新吗）

三二公馆一如既往地前菜比主菜好吃。。。",0,
619,52F6640D-A421-4812-A676-98EFAC477814_hd.jpg,/Users/lazywords/Code/高卡紫相关/QQ群相册/机场休息室/images/52F6640D-A421-4812-A676-98EFAC477814_hd.jpg,希思罗T5 Domestic死吗,2026年04月09日 09:00,"国泰航空玉衡堂头等舱休息室

新菜单（真新吗）

三二公馆一如既往地前菜比主菜好吃。。。",0,
620,F3A945D3-33DD-42AF-87D3-86D73CC561A3_hd.jpg,/Users/lazywords/Code/高卡紫相关/QQ群相册/机场休息室/images/F3A945D3-33DD-42AF-87D3-86D73CC561A3_hd.jpg,希思罗T5 Domestic死吗,2026年04月09日 09:00,"国泰航空玉衡堂头等舱休息室

新菜单（真新吗）

三二公馆一如既往地前菜比主菜好吃。。。",0,
621,B37CAEC1-CA4A-4D39-95DD-F4C39AE22BE4_hd.jpg,/Users/lazywords/Code/高卡紫相关/QQ群相册/机场休息室/images/B37CAEC1-CA4A-4D39-95DD-F4C39AE22BE4_hd.jpg,希思罗T5 Domestic死吗,2026年04月15日 19:54,"台北桃园机场第一航厦 国泰航空休息室

特色菜单有台式卤肉饭，三杯鸡饭和番茄牛肉面，都可以尝试一下。

特色饮品有珍珠奶茶，奶茶味道一般，珍珠好吃。休息室可口可乐的饮料机，这个好评，可以喝到牢大冰红茶平替的Fuze。不过这家休息室的Cathay Delight不是很好喝，不知道什么情况。

休息室总体人不算多，不会出现香港那种到饭点没地方坐的情况。所以总体服务大于香港机场的国泰航空公务舱休息室。",0,
622,4FD11E58-717A-473E-A809-9E18F4BB8844_hd.jpg,/Users/lazywords/Code/高卡紫相关/QQ群相册/机场休息室/images/4FD11E58-717A-473E-A809-9E18F4BB8844_hd.jpg,希思罗T5 Domestic死吗,2026年04月15日 19:54,"台北桃园机场第一航厦 国泰航空休息室

特色菜单有台式卤肉饭，三杯鸡饭和番茄牛肉面，都可以尝试一下。

特色饮品有珍珠奶茶，奶茶味道一般，珍珠好吃。休息室可口可乐的饮料机，这个好评，可以喝到牢大冰红茶平替的Fuze。不过这家休息室的Cathay Delight不是很好喝，不知道什么情况。

休息室总体人不算多，不会出现香港那种到饭点没地方坐的情况。所以总体服务大于香港机场的国泰航空公务舱休息室。",0,
623,294DA7A2-C66E-4C12-B5DE-73E12A43F784_hd.jpg,/Users/lazywords/Code/高卡紫相关/QQ群相册/机场休息室/images/294DA7A2-C66E-4C12-B5DE-73E12A43F784_hd.jpg,希思罗T5 Domestic死吗,2026年04月15日 19:54,"台北桃园机场第一航厦 国泰航空休息室

特色菜单有台式卤肉饭，三杯鸡饭和番茄牛肉面，都可以尝试一下。

特色饮品有珍珠奶茶，奶茶味道一般，珍珠好吃。休息室可口可乐的饮料机，这个好评，可以喝到牢大冰红茶平替的Fuze。不过这家休息室的Cathay Delight不是很好喝，不知道什么情况。

休息室总体人不算多，不会出现香港那种到饭点没地方坐的情况。所以总体服务大于香港机场的国泰航空公务舱休息室。",0,
624,B32B20F4-5DD4-40AC-9F18-6704CAA0129A_hd.jpg,/Users/lazywords/Code/高卡紫相关/QQ群相册/机场休息室/images/B32B20F4-5DD4-40AC-9F18-6704CAA0129A_hd.jpg,希思罗T5 Domestic死吗,2026年04月15日 19:54,"台北桃园机场第一航厦 国泰航空休息室

特色菜单有台式卤肉饭，三杯鸡饭和番茄牛肉面，都可以尝试一下。

特色饮品有珍珠奶茶，奶茶味道一般，珍珠好吃。休息室可口可乐的饮料机，这个好评，可以喝到牢大冰红茶平替的Fuze。不过这家休息室的Cathay Delight不是很好喝，不知道什么情况。

休息室总体人不算多，不会出现香港那种到饭点没地方坐的情况。所以总体服务大于香港机场的国泰航空公务舱休息室。",0,
625,1561BAB3-49AA-410F-8B9B-AD5115565C90_hd.jpg,/Users/lazywords/Code/高卡紫相关/QQ群相册/机场休息室/images/1561BAB3-49AA-410F-8B9B-AD5115565C90_hd.jpg,希思罗T5 Domestic死吗,2026年04月15日 19:54,"台北桃园机场第一航厦 国泰航空休息室

特色菜单有台式卤肉饭，三杯鸡饭和番茄牛肉面，都可以尝试一下。

特色饮品有珍珠奶茶，奶茶味道一般，珍珠好吃。休息室可口可乐的饮料机，这个好评，可以喝到牢大冰红茶平替的Fuze。不过这家休息室的Cathay Delight不是很好喝，不知道什么情况。

休息室总体人不算多，不会出现香港那种到饭点没地方坐的情况。所以总体服务大于香港机场的国泰航空公务舱休息室。",0,
626,A75C11F2-1791-4BFF-8FA5-C2A8366FC00E_big.jpg,/Users/lazywords/Code/高卡紫相关/QQ群相册/机场休息室/images/A75C11F2-1791-4BFF-8FA5-C2A8366FC00E_big.jpg,q群管家死吗,2026年04月17日 20:04,hkg35登机口附近环亚休息室，离安检是真远，人也是真多，但是餐食水平还可以，热餐有咖喱饭麻婆豆腐和鱼丸汤，饮料沙拉也都有，有ae卡的可以来打个卡。,0,
627,28D98951-F784-46DE-B855-54CE0CAA722B_big.jpg,/Users/lazywords/Code/高卡紫相关/QQ群相册/机场休息室/images/28D98951-F784-46DE-B855-54CE0CAA722B_big.jpg,q群管家死吗,2026年04月17日 20:04,hkg35登机口附近环亚休息室，离安检是真远，人也是真多，但是餐食水平还可以，热餐有咖喱饭麻婆豆腐和鱼丸汤，饮料沙拉也都有，有ae卡的可以来打个卡。,0,
628,CE1F2B02-AB0C-4304-A6E1-7D5D6D7C5716_big.jpg,/Users/lazywords/Code/高卡紫相关/QQ群相册/机场休息室/images/CE1F2B02-AB0C-4304-A6E1-7D5D6D7C5716_big.jpg,q群管家死吗,2026年04月17日 20:04,hkg35登机口附近环亚休息室，离安检是真远，人也是真多，但是餐食水平还可以，热餐有咖喱饭麻婆豆腐和鱼丸汤，饮料沙拉也都有，有ae卡的可以来打个卡。,0,
629,53C44B66-0F6F-4BBE-85FF-069499A93360_big.jpg,/Users/lazywords/Code/高卡紫相关/QQ群相册/机场休息室/images/53C44B66-0F6F-4BBE-85FF-069499A93360_big.jpg,q群管家死吗,2026年04月17日 20:04,hkg35登机口附近环亚休息室，离安检是真远，人也是真多，但是餐食水平还可以，热餐有咖喱饭麻婆豆腐和鱼丸汤，饮料沙拉也都有，有ae卡的可以来打个卡。,0,
630,F204751F-8014-423E-8CD5-28DA96A04777_big.jpg,/Users/lazywords/Code/高卡紫相关/QQ群相册/机场休息室/images/F204751F-8014-423E-8CD5-28DA96A04777_big.jpg,q群管家死吗,2026年04月17日 20:04,hkg35登机口附近环亚休息室，离安检是真远，人也是真多，但是餐食水平还可以，热餐有咖喱饭麻婆豆腐和鱼丸汤，饮料沙拉也都有，有ae卡的可以来打个卡。,0,
631,0E19B903-188C-4E21-968A-64664F4D975F_big.jpg,/Users/lazywords/Code/高卡紫相关/QQ群相册/机场休息室/images/0E19B903-188C-4E21-968A-64664F4D975F_big.jpg,q群管家死吗,2026年04月17日 20:04,hkg35登机口附近环亚休息室，离安检是真远，人也是真多，但是餐食水平还可以，热餐有咖喱饭麻婆豆腐和鱼丸汤，饮料沙拉也都有，有ae卡的可以来打个卡。,0,
632,9ABACDE9-30BA-4293-AF3F-18D4C8473107_big.jpg,/Users/lazywords/Code/高卡紫相关/QQ群相册/机场休息室/images/9ABACDE9-30BA-4293-AF3F-18D4C8473107_big.jpg,弦卷心的Tourbillon Sm,2026年04月20日 00:40,洛杉矶的大韩航空休息室其实吃的很多，只不过没怎么拍，并且装修齐好，我和他们聊了一下，他们才说是今年才重新开放的装修了一下，感觉可圈可点。,0,
633,E1A7AE01-E411-4A51-881F-381F25010958_big.jpg,/Users/lazywords/Code/高卡紫相关/QQ群相册/机场休息室/images/E1A7AE01-E411-4A51-881F-381F25010958_big.jpg,弦卷心的Tourbillon Sm,2026年04月20日 00:40,洛杉矶的大韩航空休息室其实吃的很多，只不过没怎么拍，并且装修齐好，我和他们聊了一下，他们才说是今年才重新开放的装修了一下，感觉可圈可点。,0,
634,0EC34A5B-22B6-42EF-B893-0A7B7DF5679C_hd.jpg,/Users/lazywords/Code/高卡紫相关/QQ群相册/机场休息室/images/0EC34A5B-22B6-42EF-B893-0A7B7DF5679C_hd.jpg,Pastoral,2026年04月25日 12:16,"hkg 40号登机口附近的kyra 我不好说 吃的很少 东西就这个猪扒饭很精英
其他的也就pek国航休息室水平",0,
635,30B584CE-CDFC-4E57-B7BA-4663FE796960_hd.jpg,/Users/lazywords/Code/高卡紫相关/QQ群相册/机场休息室/images/30B584CE-CDFC-4E57-B7BA-4663FE796960_hd.jpg,俯瞰风景,2026年04月25日 12:58,"郑州CGO机场自营
老干部风格
餐食不如全季早餐",0,
636,8423CBA1-0BD3-46FF-81B3-24538BDAD68B_hd.jpg,/Users/lazywords/Code/高卡紫相关/QQ群相册/机场休息室/images/8423CBA1-0BD3-46FF-81B3-24538BDAD68B_hd.jpg,俯瞰风景,2026年04月25日 12:58,"郑州CGO机场自营
老干部风格
餐食不如全季早餐",0,
637,DC3DCB4D-2B6B-498A-A189-9BF2AB6399CB_hd.jpg,/Users/lazywords/Code/高卡紫相关/QQ群相册/机场休息室/images/DC3DCB4D-2B6B-498A-A189-9BF2AB6399CB_hd.jpg,俯瞰风景,2026年04月25日 12:58,"郑州CGO机场自营
老干部风格
餐食不如全季早餐",0,
638,5A8D4DC5-E4FC-43DC-A92B-E9E7D2EB5073_hd.jpg,/Users/lazywords/Code/高卡紫相关/QQ群相册/机场休息室/images/5A8D4DC5-E4FC-43DC-A92B-E9E7D2EB5073_hd.jpg,俯瞰风景,2026年04月25日 12:58,"郑州CGO机场自营
老干部风格
餐食不如全季早餐",0,
639,3DC47566-72D7-4AF8-8C37-A0CFF09077AB_hd.jpg,/Users/lazywords/Code/高卡紫相关/QQ群相册/机场休息室/images/3DC47566-72D7-4AF8-8C37-A0CFF09077AB_hd.jpg,Pastoral,2026年04月25日 13:46,"hkg amex休息室
感觉不赖 酒单正在研究中
花吟，，，",0,
640,IMG_032_20260426_1939_a84976ea.jpg,/Users/lazywords/Code/高卡紫相关/QQ群相册/机场休息室/images/IMG_032_20260426_1939_a84976ea.jpg,6岔路口[em]e327853[/em]矢泽兔熊,2026年04月26日 19:39,"20260426 PKX 北京大兴 国内线 MU V2休息室
就如图所示呗，标准化休息室",0,
641,IMG_031_20260426_1939_b991a948.jpg,/Users/lazywords/Code/高卡紫相关/QQ群相册/机场休息室/images/IMG_031_20260426_1939_b991a948.jpg,6岔路口[em]e327853[/em]矢泽兔熊,2026年04月26日 19:39,"20260426 PKX 北京大兴 国内线 MU V2休息室
就如图所示呗，标准化休息室",0,
642,IMG_030_20260426_1939_a7c0e88e.jpg,/Users/lazywords/Code/高卡紫相关/QQ群相册/机场休息室/images/IMG_030_20260426_1939_a7c0e88e.jpg,6岔路口[em]e327853[/em]矢泽兔熊,2026年04月26日 19:39,"20260426 PKX 北京大兴 国内线 MU V2休息室
就如图所示呗，标准化休息室",0,
643,IMG_029_20260426_1939_0290d0db.jpg,/Users/lazywords/Code/高卡紫相关/QQ群相册/机场休息室/images/IMG_029_20260426_1939_0290d0db.jpg,6岔路口[em]e327853[/em]矢泽兔熊,2026年04月26日 19:39,"20260426 PKX 北京大兴 国内线 MU V2休息室
就如图所示呗，标准化休息室",0,
644,IMG_028_20260426_1939_4c2939fd.jpg,/Users/lazywords/Code/高卡紫相关/QQ群相册/机场休息室/images/IMG_028_20260426_1939_4c2939fd.jpg,6岔路口[em]e327853[/em]矢泽兔熊,2026年04月26日 19:39,"20260426 PKX 北京大兴 国内线 MU V2休息室
就如图所示呗，标准化休息室",0,
645,IMG_027_20260426_1940_eb163535.jpg,/Users/lazywords/Code/高卡紫相关/QQ群相册/机场休息室/images/IMG_027_20260426_1940_eb163535.jpg,6岔路口[em]e327853[/em]矢泽兔熊,2026年04月26日 19:40,"20260426 PKX 北京大兴 国内线 MU V2休息室
就如图所示呗，标准化休息室",0,
646,IMG_026_20260426_1940_9299801c.jpg,/Users/lazywords/Code/高卡紫相关/QQ群相册/机场休息室/images/IMG_026_20260426_1940_9299801c.jpg,6岔路口[em]e327853[/em]矢泽兔熊,2026年04月26日 19:40,"20260426 PKX 北京大兴 国内线 MU V2休息室
就如图所示呗，标准化休息室",0,
647,IMG_025_20260426_1940_3380b820.jpg,/Users/lazywords/Code/高卡紫相关/QQ群相册/机场休息室/images/IMG_025_20260426_1940_3380b820.jpg,6岔路口[em]e327853[/em]矢泽兔熊,2026年04月26日 19:40,"20260426 PKX 北京大兴 国内线 MU V2休息室
就如图所示呗，标准化休息室",0,
648,IMG_024_20260426_1940_cf2eca60.jpg,/Users/lazywords/Code/高卡紫相关/QQ群相册/机场休息室/images/IMG_024_20260426_1940_cf2eca60.jpg,6岔路口[em]e327853[/em]矢泽兔熊,2026年04月26日 19:40,"20260426 PKX 北京大兴 国内线 MU V2休息室
就如图所示呗，标准化休息室",0,
649,IMG_023_20260426_1940_2bc4c07d.jpg,/Users/lazywords/Code/高卡紫相关/QQ群相册/机场休息室/images/IMG_023_20260426_1940_2bc4c07d.jpg,6岔路口[em]e327853[/em]矢泽兔熊,2026年04月26日 19:40,"20260426 PKX 北京大兴 国内线 MU V2休息室
就如图所示呗，标准化休息室",0,
650,IMG_022_20260426_1940_019fcac4.jpg,/Users/lazywords/Code/高卡紫相关/QQ群相册/机场休息室/images/IMG_022_20260426_1940_019fcac4.jpg,6岔路口[em]e327853[/em]矢泽兔熊,2026年04月26日 19:40,"20260426 PKX 北京大兴 国内线 MU V2休息室
就如图所示呗，标准化休息室",0,
651,IMG_021_20260426_1940_4684a778.jpg,/Users/lazywords/Code/高卡紫相关/QQ群相册/机场休息室/images/IMG_021_20260426_1940_4684a778.jpg,6岔路口[em]e327853[/em]矢泽兔熊,2026年04月26日 19:40,"20260426 PKX 北京大兴 国内线 MU V2休息室
就如图所示呗，标准化休息室",0,
652,IMG_020_20260426_1940_7b47806a.jpg,/Users/lazywords/Code/高卡紫相关/QQ群相册/机场休息室/images/IMG_020_20260426_1940_7b47806a.jpg,6岔路口[em]e327853[/em]矢泽兔熊,2026年04月26日 19:40,"20260426 PKX 北京大兴 国内线 MU V2休息室
就如图所示呗，标准化休息室",0,
653,IMG_019_20260426_1940_b930c152.jpg,/Users/lazywords/Code/高卡紫相关/QQ群相册/机场休息室/images/IMG_019_20260426_1940_b930c152.jpg,6岔路口[em]e327853[/em]矢泽兔熊,2026年04月26日 19:40,"20260426 PKX 北京大兴 国内线 MU V2休息室
就如图所示呗，标准化休息室",0,
654,IMG_018_20260426_1940_85363c75.jpg,/Users/lazywords/Code/高卡紫相关/QQ群相册/机场休息室/images/IMG_018_20260426_1940_85363c75.jpg,6岔路口[em]e327853[/em]矢泽兔熊,2026年04月26日 19:40,"20260426 PKX 北京大兴 国内线 MU V2休息室
就如图所示呗，标准化休息室",0,
655,IMG_017_20260426_1940_e251076e.jpg,/Users/lazywords/Code/高卡紫相关/QQ群相册/机场休息室/images/IMG_017_20260426_1940_e251076e.jpg,6岔路口[em]e327853[/em]矢泽兔熊,2026年04月26日 19:40,"20260426 PKX 北京大兴 国内线 MU V2休息室
就如图所示呗，标准化休息室",0,
656,IMG_016_20260426_1940_2d33f86a.jpg,/Users/lazywords/Code/高卡紫相关/QQ群相册/机场休息室/images/IMG_016_20260426_1940_2d33f86a.jpg,6岔路口[em]e327853[/em]矢泽兔熊,2026年04月26日 19:40,"20260426 PKX 北京大兴 国内线 MU V2休息室
就如图所示呗，标准化休息室",0,
657,IMG_015_20260426_1940_4d9ccc24.jpg,/Users/lazywords/Code/高卡紫相关/QQ群相册/机场休息室/images/IMG_015_20260426_1940_4d9ccc24.jpg,6岔路口[em]e327853[/em]矢泽兔熊,2026年04月26日 19:40,"20260426 PKX 北京大兴 国内线 MU V2休息室
就如图所示呗，标准化休息室",0,
658,IMG_014_20260426_1940_7daaf14c.jpg,/Users/lazywords/Code/高卡紫相关/QQ群相册/机场休息室/images/IMG_014_20260426_1940_7daaf14c.jpg,6岔路口[em]e327853[/em]矢泽兔熊,2026年04月26日 19:40,"20260426 PKX 北京大兴 国内线 MU V2休息室
就如图所示呗，标准化休息室",0,
659,IMG_013_20260426_1940_d093b07e.jpg,/Users/lazywords/Code/高卡紫相关/QQ群相册/机场休息室/images/IMG_013_20260426_1940_d093b07e.jpg,6岔路口[em]e327853[/em]矢泽兔熊,2026年04月26日 19:40,"20260426 PKX 北京大兴 国内线 MU V2休息室
就如图所示呗，标准化休息室",0,
660,V5bCQAzNzcxNDQ5OTaWhe5p7imUGg!!.jpg,/Users/lazywords/Code/高卡紫相关/QQ群相册/机场休息室/images/V5bCQAzNzcxNDQ5OTaWhe5p7imUGg!!.jpg,Green Ghost,2026年04月27日 05:37,仁川T2 prestige（253口对面）,0,
661,DCFD7C96-4AF0-4026-9A89-77E4FC1E3A50_hd.jpg,/Users/lazywords/Code/高卡紫相关/QQ群相册/机场休息室/images/DCFD7C96-4AF0-4026-9A89-77E4FC1E3A50_hd.jpg,CA NH死妈,2026年05月01日 12:01,The Wing First,0,
662,7361BB77-535F-4819-AFFD-12479AAD9FB7_hd.jpg,/Users/lazywords/Code/高卡紫相关/QQ群相册/机场休息室/images/7361BB77-535F-4819-AFFD-12479AAD9FB7_hd.jpg,CA NH死妈,2026年05月01日 12:01,The Wing First,0,
663,F4B8F3C7-34EE-4330-8A62-AEF44A237329_hd.jpg,/Users/lazywords/Code/高卡紫相关/QQ群相册/机场休息室/images/F4B8F3C7-34EE-4330-8A62-AEF44A237329_hd.jpg,CA NH死妈,2026年05月01日 12:01,The Wing First,0,
664,67161D96-F101-4B18-889F-6EC2146CB12E_hd.jpg,/Users/lazywords/Code/高卡紫相关/QQ群相册/机场休息室/images/67161D96-F101-4B18-889F-6EC2146CB12E_hd.jpg,CA NH死妈,2026年05月01日 12:01,The Wing First,0,
665,C3CE7E7E-546B-4A55-B6DC-B1F9E0ABC1DF_hd.jpg,/Users/lazywords/Code/高卡紫相关/QQ群相册/机场休息室/images/C3CE7E7E-546B-4A55-B6DC-B1F9E0ABC1DF_hd.jpg,CA NH死妈,2026年05月01日 12:01,The Wing First,0,
666,F2420390-6D31-4D0C-B6A8-F2B5656634BC_hd.jpg,/Users/lazywords/Code/高卡紫相关/QQ群相册/机场休息室/images/F2420390-6D31-4D0C-B6A8-F2B5656634BC_hd.jpg,CA NH死妈,2026年05月01日 12:01,The Wing First,0,
667,120823C1-27EE-49AB-BC94-CD359AFE2224_hd.jpg,/Users/lazywords/Code/高卡紫相关/QQ群相册/机场休息室/images/120823C1-27EE-49AB-BC94-CD359AFE2224_hd.jpg,CA NH死妈,2026年05月01日 12:01,The Wing First,0,
668,277A9F1A-662B-448E-BAD9-6798EF2B4D7A_hd.jpg,/Users/lazywords/Code/高卡紫相关/QQ群相册/机场休息室/images/277A9F1A-662B-448E-BAD9-6798EF2B4D7A_hd.jpg,CA NH死妈,2026年05月01日 12:01,The Wing First,0,
669,7321512E-62FF-4BDE-B889-35245B5D1710_hd.jpg,/Users/lazywords/Code/高卡紫相关/QQ群相册/机场休息室/images/7321512E-62FF-4BDE-B889-35245B5D1710_hd.jpg,CA NH死妈,2026年05月01日 12:01,The Wing First,0,
670,0ED228DC-E024-4E16-8C3F-7684E8DA96F0_hd.jpg,/Users/lazywords/Code/高卡紫相关/QQ群相册/机场休息室/images/0ED228DC-E024-4E16-8C3F-7684E8DA96F0_hd.jpg,CA NH死妈,2026年05月01日 12:01,The Wing First,0,
671,28857C39-FADE-4E40-8D51-AEE1C29908E0_hd.jpg,/Users/lazywords/Code/高卡紫相关/QQ群相册/机场休息室/images/28857C39-FADE-4E40-8D51-AEE1C29908E0_hd.jpg,CA NH死妈,2026年05月01日 12:02,The Wing First,0,
672,F7000CE2-FD4C-4FB5-8E62-2A580635E491_hd.jpg,/Users/lazywords/Code/高卡紫相关/QQ群相册/机场休息室/images/F7000CE2-FD4C-4FB5-8E62-2A580635E491_hd.jpg,CA NH死妈,2026年05月01日 12:02,The Wing First,0,
673,A218631E-FD21-4FC2-B755-0B1C4BDC4C67_hd.jpg,/Users/lazywords/Code/高卡紫相关/QQ群相册/机场休息室/images/A218631E-FD21-4FC2-B755-0B1C4BDC4C67_hd.jpg,CA NH死妈,2026年05月01日 12:02,The Wing First,0,
674,5D772EFB-91BE-4143-8A34-22084121EBB6_hd.jpg,/Users/lazywords/Code/高卡紫相关/QQ群相册/机场休息室/images/5D772EFB-91BE-4143-8A34-22084121EBB6_hd.jpg,CA NH死妈,2026年05月01日 12:02,The Wing First,0,
675,E863D281-6C3F-4567-93BC-6EB41BC0CAA8_hd.jpg,/Users/lazywords/Code/高卡紫相关/QQ群相册/机场休息室/images/E863D281-6C3F-4567-93BC-6EB41BC0CAA8_hd.jpg,CA NH死妈,2026年05月01日 12:02,The Wing First,0,
676,IMG_011_20260501_2350_5b925e2f.jpg,/Users/lazywords/Code/高卡紫相关/QQ群相册/机场休息室/images/IMG_011_20260501_2350_5b925e2f.jpg,6岔路口[em]e327853[/em]矢泽兔熊,2026年05月01日 23:50,"2026.05.01 CA在上海虹桥机场SHA T2的国内线V3
平平无奇中规中矩",0,
677,IMG_010_20260501_2350_d60e7eb9.jpg,/Users/lazywords/Code/高卡紫相关/QQ群相册/机场休息室/images/IMG_010_20260501_2350_d60e7eb9.jpg,6岔路口[em]e327853[/em]矢泽兔熊,2026年05月01日 23:50,"2026.05.01 CA在上海虹桥机场SHA T2的国内线V3
平平无奇中规中矩",0,
678,IMG_009_20260501_2350_94ae66bc.jpg,/Users/lazywords/Code/高卡紫相关/QQ群相册/机场休息室/images/IMG_009_20260501_2350_94ae66bc.jpg,6岔路口[em]e327853[/em]矢泽兔熊,2026年05月01日 23:50,"2026.05.01 CA在上海虹桥机场SHA T2的国内线V3
平平无奇中规中矩",0,
679,IMG_008_20260501_2350_54f8bddf.jpg,/Users/lazywords/Code/高卡紫相关/QQ群相册/机场休息室/images/IMG_008_20260501_2350_54f8bddf.jpg,6岔路口[em]e327853[/em]矢泽兔熊,2026年05月01日 23:50,"2026.05.01 CA在上海虹桥机场SHA T2的国内线V3
平平无奇中规中矩",0,
680,IMG_007_20260501_2350_ebc87ded.jpg,/Users/lazywords/Code/高卡紫相关/QQ群相册/机场休息室/images/IMG_007_20260501_2350_ebc87ded.jpg,6岔路口[em]e327853[/em]矢泽兔熊,2026年05月01日 23:50,"2026.05.01 CA在上海虹桥机场SHA T2的国内线V3
平平无奇中规中矩",0,
681,IMG_006_20260501_2350_6d4febf7.jpg,/Users/lazywords/Code/高卡紫相关/QQ群相册/机场休息室/images/IMG_006_20260501_2350_6d4febf7.jpg,6岔路口[em]e327853[/em]矢泽兔熊,2026年05月01日 23:50,"2026.05.01 CA在上海虹桥机场SHA T2的国内线V3
平平无奇中规中矩",0,
682,IMG_005_20260501_2350_60cebbd7.jpg,/Users/lazywords/Code/高卡紫相关/QQ群相册/机场休息室/images/IMG_005_20260501_2350_60cebbd7.jpg,6岔路口[em]e327853[/em]矢泽兔熊,2026年05月01日 23:50,"2026.05.01 CA在上海虹桥机场SHA T2的国内线V3
平平无奇中规中矩",0,
683,IMG_004_20260501_2350_426434d5.jpg,/Users/lazywords/Code/高卡紫相关/QQ群相册/机场休息室/images/IMG_004_20260501_2350_426434d5.jpg,6岔路口[em]e327853[/em]矢泽兔熊,2026年05月01日 23:50,"2026.05.01 CA在上海虹桥机场SHA T2的国内线V3
平平无奇中规中矩",0,
684,IMG_003_20260501_2350_5569958f.jpg,/Users/lazywords/Code/高卡紫相关/QQ群相册/机场休息室/images/IMG_003_20260501_2350_5569958f.jpg,6岔路口[em]e327853[/em]矢泽兔熊,2026年05月01日 23:50,"2026.05.01 CA在上海虹桥机场SHA T2的国内线V3
平平无奇中规中矩",0,
685,IMG_002_20260501_2350_fb0aae86.jpg,/Users/lazywords/Code/高卡紫相关/QQ群相册/机场休息室/images/IMG_002_20260501_2350_fb0aae86.jpg,6岔路口[em]e327853[/em]矢泽兔熊,2026年05月01日 23:50,"2026.05.01 CA在上海虹桥机场SHA T2的国内线V3
平平无奇中规中矩",0,
686,IMG_001_20260501_2350_367e738c.jpg,/Users/lazywords/Code/高卡紫相关/QQ群相册/机场休息室/images/IMG_001_20260501_2350_367e738c.jpg,6岔路口[em]e327853[/em]矢泽兔熊,2026年05月01日 23:50,"2026.05.01 CA在上海虹桥机场SHA T2的国内线V3
平平无奇中规中矩",0,
687,IMG_20260501_2350_9473e3eb.jpg,/Users/lazywords/Code/高卡紫相关/QQ群相册/机场休息室/images/IMG_20260501_2350_9473e3eb.jpg,6岔路口[em]e327853[/em]矢泽兔熊,2026年05月01日 23:50,"2026.05.01 CA在上海虹桥机场SHA T2的国内线V3
平平无奇中规中矩",0,
688,43CE010A-6A56-4889-B9C5-84F9E0C79998_big.jpg,/Users/lazywords/Code/高卡紫相关/QQ群相册/机场休息室/images/43CE010A-6A56-4889-B9C5-84F9E0C79998_big.jpg,q群管家死吗,2026年05月02日 16:25,PEKT3国泰休息室，体验非常不错，面档是自选云吞面和担担面，热餐有烤猪颈肉、三杯鸡、烧卖、小笼包，还有哈根达斯畅吃，我宣布cx活吗,0,
689,9AAB09AF-AB68-42BE-A672-720C1581716E_big.jpg,/Users/lazywords/Code/高卡紫相关/QQ群相册/机场休息室/images/9AAB09AF-AB68-42BE-A672-720C1581716E_big.jpg,q群管家死吗,2026年05月02日 16:25,PEKT3国泰休息室，体验非常不错，面档是自选云吞面和担担面，热餐有烤猪颈肉、三杯鸡、烧卖、小笼包，还有哈根达斯畅吃，我宣布cx活吗,0,
690,8BF24405-287A-4F0E-9165-DB11555FE476_big.jpg,/Users/lazywords/Code/高卡紫相关/QQ群相册/机场休息室/images/8BF24405-287A-4F0E-9165-DB11555FE476_big.jpg,q群管家死吗,2026年05月02日 16:25,PEKT3国泰休息室，体验非常不错，面档是自选云吞面和担担面，热餐有烤猪颈肉、三杯鸡、烧卖、小笼包，还有哈根达斯畅吃，我宣布cx活吗,0,
691,43DBE06D-3850-4CFB-B146-DBA3CB704DEA_big.jpg,/Users/lazywords/Code/高卡紫相关/QQ群相册/机场休息室/images/43DBE06D-3850-4CFB-B146-DBA3CB704DEA_big.jpg,q群管家死吗,2026年05月02日 16:25,PEKT3国泰休息室，体验非常不错，面档是自选云吞面和担担面，热餐有烤猪颈肉、三杯鸡、烧卖、小笼包，还有哈根达斯畅吃，我宣布cx活吗,0,
692,E29797B6-46C8-43B0-AF62-4782DE10E25E_big.jpg,/Users/lazywords/Code/高卡紫相关/QQ群相册/机场休息室/images/E29797B6-46C8-43B0-AF62-4782DE10E25E_big.jpg,q群管家死吗,2026年05月02日 16:25,PEKT3国泰休息室，体验非常不错，面档是自选云吞面和担担面，热餐有烤猪颈肉、三杯鸡、烧卖、小笼包，还有哈根达斯畅吃，我宣布cx活吗,0,
693,DAE2304E-8CC1-4587-B9CD-5E93F3E2FA45_big.jpg,/Users/lazywords/Code/高卡紫相关/QQ群相册/机场休息室/images/DAE2304E-8CC1-4587-B9CD-5E93F3E2FA45_big.jpg,q群管家死吗,2026年05月02日 16:25,PEKT3国泰休息室，体验非常不错，面档是自选云吞面和担担面，热餐有烤猪颈肉、三杯鸡、烧卖、小笼包，还有哈根达斯畅吃，我宣布cx活吗,0,
694,E270F318-7480-4BBE-87AD-7F9E66C574E0_big.jpg,/Users/lazywords/Code/高卡紫相关/QQ群相册/机场休息室/images/E270F318-7480-4BBE-87AD-7F9E66C574E0_big.jpg,q群管家死吗,2026年05月02日 16:25,PEKT3国泰休息室，体验非常不错，面档是自选云吞面和担担面，热餐有烤猪颈肉、三杯鸡、烧卖、小笼包，还有哈根达斯畅吃，我宣布cx活吗,0,
695,900373F9-58CD-484B-A020-12FA36FA6383_big.jpg,/Users/lazywords/Code/高卡紫相关/QQ群相册/机场休息室/images/900373F9-58CD-484B-A020-12FA36FA6383_big.jpg,q群管家死吗,2026年05月02日 16:25,PEKT3国泰休息室，体验非常不错，面档是自选云吞面和担担面，热餐有烤猪颈肉、三杯鸡、烧卖、小笼包，还有哈根达斯畅吃，我宣布cx活吗,0,
696,EB9D7D81-25D9-4C02-871E-186FF3EEC431_big.jpg,/Users/lazywords/Code/高卡紫相关/QQ群相册/机场休息室/images/EB9D7D81-25D9-4C02-871E-186FF3EEC431_big.jpg,q群管家死吗,2026年05月02日 16:25,PEKT3国泰休息室，体验非常不错，面档是自选云吞面和担担面，热餐有烤猪颈肉、三杯鸡、烧卖、小笼包，还有哈根达斯畅吃，我宣布cx活吗,0,
697,660B9810-3746-4A2D-9AF3-B6D9B151501B_big.jpg,/Users/lazywords/Code/高卡紫相关/QQ群相册/机场休息室/images/660B9810-3746-4A2D-9AF3-B6D9B151501B_big.jpg,q群管家死吗,2026年05月02日 16:25,PEKT3国泰休息室，体验非常不错，面档是自选云吞面和担担面，热餐有烤猪颈肉、三杯鸡、烧卖、小笼包，还有哈根达斯畅吃，我宣布cx活吗,0,
698,080602B3-DF5D-4DD1-8EC2-D88C8E4C8880_big.jpg,/Users/lazywords/Code/高卡紫相关/QQ群相册/机场休息室/images/080602B3-DF5D-4DD1-8EC2-D88C8E4C8880_big.jpg,q群管家死吗,2026年05月02日 16:25,PEKT3国泰休息室，体验非常不错，面档是自选云吞面和担担面，热餐有烤猪颈肉、三杯鸡、烧卖、小笼包，还有哈根达斯畅吃，我宣布cx活吗,0,
699,5122625D-207B-4D4B-BDE2-EDE6A4B876F9_big.jpg,/Users/lazywords/Code/高卡紫相关/QQ群相册/机场休息室/images/5122625D-207B-4D4B-BDE2-EDE6A4B876F9_big.jpg,q群管家死吗,2026年05月02日 16:25,PEKT3国泰休息室，体验非常不错，面档是自选云吞面和担担面，热餐有烤猪颈肉、三杯鸡、烧卖、小笼包，还有哈根达斯畅吃，我宣布cx活吗,0,
700,B18D67A3-C849-4F1B-8BA2-BD7DC1E868DF_big.jpg,/Users/lazywords/Code/高卡紫相关/QQ群相册/机场休息室/images/B18D67A3-C849-4F1B-8BA2-BD7DC1E868DF_big.jpg,q群管家死吗,2026年05月02日 16:25,PEKT3国泰休息室，体验非常不错，面档是自选云吞面和担担面，热餐有烤猪颈肉、三杯鸡、烧卖、小笼包，还有哈根达斯畅吃，我宣布cx活吗,0,
701,6112C3D1-BC7B-4EB3-AF99-BF548B60CCD1_hd.jpg,/Users/lazywords/Code/高卡紫相关/QQ群相册/机场休息室/images/6112C3D1-BC7B-4EB3-AF99-BF548B60CCD1_hd.jpg,Pastoral,2026年05月05日 12:16,"FUK休息室
名字就叫lounge福冈，商务舱和pp共用的休息室，吃的种类很多。经典咖喱饭没拍，没啥特别的，有一些福冈特产，不赖。就是明太子玉子烧和烧鸟巨甜，，，",0,
702,E2E3309A-E95A-4B7B-BB0E-187447C296F4_hd.jpg,/Users/lazywords/Code/高卡紫相关/QQ群相册/机场休息室/images/E2E3309A-E95A-4B7B-BB0E-187447C296F4_hd.jpg,Pastoral,2026年05月05日 12:16,"FUK休息室
名字就叫lounge福冈，商务舱和pp共用的休息室，吃的种类很多。经典咖喱饭没拍，没啥特别的，有一些福冈特产，不赖。就是明太子玉子烧和烧鸟巨甜，，，",0,
703,C8003752-9777-4066-BF5C-7F57C36D1EE9_hd.jpg,/Users/lazywords/Code/高卡紫相关/QQ群相册/机场休息室/images/C8003752-9777-4066-BF5C-7F57C36D1EE9_hd.jpg,Pastoral,2026年05月05日 12:16,"FUK休息室
名字就叫lounge福冈，商务舱和pp共用的休息室，吃的种类很多。经典咖喱饭没拍，没啥特别的，有一些福冈特产，不赖。就是明太子玉子烧和烧鸟巨甜，，，",0,
704,49B5E4D2-B643-4345-98EF-F28D66194007_hd.jpg,/Users/lazywords/Code/高卡紫相关/QQ群相册/机场休息室/images/49B5E4D2-B643-4345-98EF-F28D66194007_hd.jpg,Pastoral,2026年05月05日 12:16,"FUK休息室
名字就叫lounge福冈，商务舱和pp共用的休息室，吃的种类很多。经典咖喱饭没拍，没啥特别的，有一些福冈特产，不赖。就是明太子玉子烧和烧鸟巨甜，，，",0,
705,FA9CFD9D-8F80-4236-BC0F-A6208A976E87_hd.jpg,/Users/lazywords/Code/高卡紫相关/QQ群相册/机场休息室/images/FA9CFD9D-8F80-4236-BC0F-A6208A976E87_hd.jpg,Pastoral,2026年05月05日 12:16,"FUK休息室
名字就叫lounge福冈，商务舱和pp共用的休息室，吃的种类很多。经典咖喱饭没拍，没啥特别的，有一些福冈特产，不赖。就是明太子玉子烧和烧鸟巨甜，，，",0,
706,63C90EEA-7508-42CE-8816-5930707B0C35_hd.jpg,/Users/lazywords/Code/高卡紫相关/QQ群相册/机场休息室/images/63C90EEA-7508-42CE-8816-5930707B0C35_hd.jpg,希思罗T5 Domestic死吗,2026年05月12日 18:53,"千叶成田机场T1 土航自营休息室

餐食水平尚可，休息室整体面积不大，胜在基本上没有什么人，而且离登机口很近。",0,
707,B12179EC-1164-4A5A-9954-A05B3BB5A3D8_hd.jpg,/Users/lazywords/Code/高卡紫相关/QQ群相册/机场休息室/images/B12179EC-1164-4A5A-9954-A05B3BB5A3D8_hd.jpg,希思罗T5 Domestic死吗,2026年05月12日 18:53,"千叶成田机场T1 土航自营休息室

餐食水平尚可，休息室整体面积不大，胜在基本上没有什么人，而且离登机口很近。",0,
708,E5D559FB-8929-4A50-9160-118ECD51DEBA_hd.jpg,/Users/lazywords/Code/高卡紫相关/QQ群相册/机场休息室/images/E5D559FB-8929-4A50-9160-118ECD51DEBA_hd.jpg,希思罗T5 Domestic死吗,2026年05月12日 18:53,"千叶成田机场T1 土航自营休息室

餐食水平尚可，休息室整体面积不大，胜在基本上没有什么人，而且离登机口很近。",0,
709,08AA2EBC-2531-4410-84DB-49A80E436F1B_hd.jpg,/Users/lazywords/Code/高卡紫相关/QQ群相册/机场休息室/images/08AA2EBC-2531-4410-84DB-49A80E436F1B_hd.jpg,希思罗T5 Domestic死吗,2026年05月12日 18:53,"千叶成田机场T1 土航自营休息室

餐食水平尚可，休息室整体面积不大，胜在基本上没有什么人，而且离登机口很近。",0,
710,296D14BD-56DD-4A42-93D9-B8521BB739DA_hd.jpg,/Users/lazywords/Code/高卡紫相关/QQ群相册/机场休息室/images/296D14BD-56DD-4A42-93D9-B8521BB739DA_hd.jpg,希思罗T5 Domestic死吗,2026年05月12日 18:53,"千叶成田机场T1 土航自营休息室

餐食水平尚可，休息室整体面积不大，胜在基本上没有什么人，而且离登机口很近。",0,
711,EFD8EE83-C82B-49E8-B4BF-0AD74BAF885F_hd.jpg,/Users/lazywords/Code/高卡紫相关/QQ群相册/机场休息室/images/EFD8EE83-C82B-49E8-B4BF-0AD74BAF885F_hd.jpg,希思罗T5 Domestic死吗,2026年05月12日 18:53,"千叶成田机场T1 土航自营休息室

餐食水平尚可，休息室整体面积不大，胜在基本上没有什么人，而且离登机口很近。",0,
712,B457BDF6-84C3-4D48-8F75-F46D5CC19FAB_hd.jpg,/Users/lazywords/Code/高卡紫相关/QQ群相册/机场休息室/images/B457BDF6-84C3-4D48-8F75-F46D5CC19FAB_hd.jpg,希思罗T5 Domestic死吗,2026年05月12日 18:53,"千叶成田机场T1 土航自营休息室

餐食水平尚可，休息室整体面积不大，胜在基本上没有什么人，而且离登机口很近。",0,
713,530C2268-84D8-40BE-88BD-59B60484B630_hd.jpg,/Users/lazywords/Code/高卡紫相关/QQ群相册/机场休息室/images/530C2268-84D8-40BE-88BD-59B60484B630_hd.jpg,希思罗T5 Domestic死吗,2026年05月12日 18:53,"千叶成田机场T1 土航自营休息室

餐食水平尚可，休息室整体面积不大，胜在基本上没有什么人，而且离登机口很近。",0,
714,4BD4F141-206F-445B-9BAE-9E6E4B5476F6_hd.jpg,/Users/lazywords/Code/高卡紫相关/QQ群相册/机场休息室/images/4BD4F141-206F-445B-9BAE-9E6E4B5476F6_hd.jpg,希思罗T5 Domestic死吗,2026年05月12日 18:56,"伊斯坦布尔机场 土航商务舱休息室

不管什么时候都是人满为患。。用餐时间基本找不到空桌。餐食种类不多但是味道不赖。

想使用淋浴间非人流高峰时段等候时间30-40分钟。高峰时段1.5个小时以上（问题是没有非人流高峰时间段）",0,
715,4EB4763C-EDD0-4941-A846-7B8056CB2185_hd.jpg,/Users/lazywords/Code/高卡紫相关/QQ群相册/机场休息室/images/4EB4763C-EDD0-4941-A846-7B8056CB2185_hd.jpg,希思罗T5 Domestic死吗,2026年05月12日 18:56,"伊斯坦布尔机场 土航商务舱休息室

不管什么时候都是人满为患。。用餐时间基本找不到空桌。餐食种类不多但是味道不赖。

想使用淋浴间非人流高峰时段等候时间30-40分钟。高峰时段1.5个小时以上（问题是没有非人流高峰时间段）",0,
716,51893605-8FF4-4212-B4F9-642F9B043D81_hd.jpg,/Users/lazywords/Code/高卡紫相关/QQ群相册/机场休息室/images/51893605-8FF4-4212-B4F9-642F9B043D81_hd.jpg,希思罗T5 Domestic死吗,2026年05月12日 18:56,"伊斯坦布尔机场 土航商务舱休息室

不管什么时候都是人满为患。。用餐时间基本找不到空桌。餐食种类不多但是味道不赖。

想使用淋浴间非人流高峰时段等候时间30-40分钟。高峰时段1.5个小时以上（问题是没有非人流高峰时间段）",0,
717,4639D610-A373-4880-9EF3-810E44A9C76A_hd.jpg,/Users/lazywords/Code/高卡紫相关/QQ群相册/机场休息室/images/4639D610-A373-4880-9EF3-810E44A9C76A_hd.jpg,希思罗T5 Domestic死吗,2026年05月12日 18:56,"伊斯坦布尔机场 土航商务舱休息室

不管什么时候都是人满为患。。用餐时间基本找不到空桌。餐食种类不多但是味道不赖。

想使用淋浴间非人流高峰时段等候时间30-40分钟。高峰时段1.5个小时以上（问题是没有非人流高峰时间段）",0,
718,9A524D1C-A0ED-4963-B4BB-1D79775B2637_hd.jpg,/Users/lazywords/Code/高卡紫相关/QQ群相册/机场休息室/images/9A524D1C-A0ED-4963-B4BB-1D79775B2637_hd.jpg,希思罗T5 Domestic死吗,2026年05月12日 18:56,"伊斯坦布尔机场 土航商务舱休息室

不管什么时候都是人满为患。。用餐时间基本找不到空桌。餐食种类不多但是味道不赖。

想使用淋浴间非人流高峰时段等候时间30-40分钟。高峰时段1.5个小时以上（问题是没有非人流高峰时间段）",0,
719,1371B84A-CEB8-4D86-8312-3CF43FAB2A5C_hd.jpg,/Users/lazywords/Code/高卡紫相关/QQ群相册/机场休息室/images/1371B84A-CEB8-4D86-8312-3CF43FAB2A5C_hd.jpg,希思罗T5 Domestic死吗,2026年05月12日 18:56,"伊斯坦布尔机场 土航商务舱休息室

不管什么时候都是人满为患。。用餐时间基本找不到空桌。餐食种类不多但是味道不赖。

想使用淋浴间非人流高峰时段等候时间30-40分钟。高峰时段1.5个小时以上（问题是没有非人流高峰时间段）",0,
720,31F774DB-411D-4C5B-9852-CF9C8EDE0675_hd.jpg,/Users/lazywords/Code/高卡紫相关/QQ群相册/机场休息室/images/31F774DB-411D-4C5B-9852-CF9C8EDE0675_hd.jpg,希思罗T5 Domestic死吗,2026年05月12日 18:56,"伊斯坦布尔机场 土航商务舱休息室

不管什么时候都是人满为患。。用餐时间基本找不到空桌。餐食种类不多但是味道不赖。

想使用淋浴间非人流高峰时段等候时间30-40分钟。高峰时段1.5个小时以上（问题是没有非人流高峰时间段）",0,
721,DD900D56-7C29-45EC-8FA2-142A8CF52A0C_hd.jpg,/Users/lazywords/Code/高卡紫相关/QQ群相册/机场休息室/images/DD900D56-7C29-45EC-8FA2-142A8CF52A0C_hd.jpg,希思罗T5 Domestic死吗,2026年05月12日 18:56,"伊斯坦布尔机场 土航商务舱休息室

不管什么时候都是人满为患。。用餐时间基本找不到空桌。餐食种类不多但是味道不赖。

想使用淋浴间非人流高峰时段等候时间30-40分钟。高峰时段1.5个小时以上（问题是没有非人流高峰时间段）",0,
722,E79D2CFD-B2AB-4606-A3B2-1D8EAC0E66A3_hd.jpg,/Users/lazywords/Code/高卡紫相关/QQ群相册/机场休息室/images/E79D2CFD-B2AB-4606-A3B2-1D8EAC0E66A3_hd.jpg,希思罗T5 Domestic死吗,2026年05月12日 18:56,"伊斯坦布尔机场 土航商务舱休息室

不管什么时候都是人满为患。。用餐时间基本找不到空桌。餐食种类不多但是味道不赖。

想使用淋浴间非人流高峰时段等候时间30-40分钟。高峰时段1.5个小时以上（问题是没有非人流高峰时间段）",0,
